participant_id,condition,time,item_number,item_set,item_id,word,response,correct_answer,correct
C01,Control,Pretest,1,target,target_01,reconsider,B,B,1
C01,Control,Pretest,2,target,target_02,avoidable,C,D,0
C01,Control,Pretest,3,target,target_03,uncertain,C,A,0
C01,Control,Pretest,4,target,target_04,maintain,A,B,0
C01,Control,Pretest,5,target,target_05,settle,C,C,1
C01,Control,Pretest,6,target,target_06,misleading,C,A,0
C01,Control,Pretest,7,target,target_07,discourage,D,C,0
C01,Control,Pretest,8,target,target_08,retain,D,A,0
C01,Control,Pretest,9,target,target_09,overlook,A,D,0
C01,Control,Pretest,10,target,target_10,engage,D,C,0
C01,Control,Pretest,11,secondary,secondary_control_11,disappear,B,B,1
C01,Control,Pretest,12,secondary,secondary_control_12,restless,C,C,1
C01,Control,Pretest,13,secondary,secondary_control_13,uneven,D,D,1
C01,Control,Pretest,14,secondary,secondary_control_14,unwrap,B,C,0
C01,Control,Pretest,15,secondary,secondary_control_15,brighten,C,A,0
C01,Control,Pretest,16,secondary,secondary_control_16,colorless,D,D,1
C01,Control,Pretest,17,secondary,secondary_control_17,sharpen,D,B,0
C01,Control,Pretest,18,secondary,secondary_control_18,wander,D,C,0
C01,Control,Pretest,19,secondary,secondary_control_19,loosen,A,A,1
C01,Control,Pretest,20,secondary,secondary_control_20,tremble,A,B,0
C01,Control,Post-test,1,target,target_01,reconsider,B,B,1
C01,Control,Post-test,2,target,target_02,avoidable,C,D,0
C01,Control,Post-test,3,target,target_03,uncertain,C,A,0
C01,Control,Post-test,4,target,target_04,maintain,A,B,0
C01,Control,Post-test,5,target,target_05,settle,C,C,1
C01,Control,Post-test,6,target,target_06,misleading,A,A,1
C01,Control,Post-test,7,target,target_07,discourage,D,C,0
C01,Control,Post-test,8,target,target_08,retain,D,A,0
C01,Control,Post-test,9,target,target_09,overlook,A,D,0
C01,Control,Post-test,10,target,target_10,engage,D,C,0
C01,Control,Post-test,11,secondary,secondary_control_11,disappear,B,B,1
C01,Control,Post-test,12,secondary,secondary_control_12,restless,C,C,1
C01,Control,Post-test,13,secondary,secondary_control_13,uneven,D,D,1
C01,Control,Post-test,14,secondary,secondary_control_14,unwrap,C,C,1
C01,Control,Post-test,15,secondary,secondary_control_15,brighten,C,A,0
C01,Control,Post-test,16,secondary,secondary_control_16,colorless,D,D,1
C01,Control,Post-test,17,secondary,secondary_control_17,sharpen,B,B,1
C01,Control,Post-test,18,secondary,secondary_control_18,wander,C,C,1
C01,Control,Post-test,19,secondary,secondary_control_19,loosen,A,A,1
C01,Control,Post-test,20,secondary,secondary_control_20,tremble,A,B,0
C02,Control,Pretest,1,target,target_01,reconsider,D,B,0
C02,Control,Pretest,2,target,target_02,avoidable,C,D,0
C02,Control,Pretest,3,target,target_03,uncertain,A,A,1
C02,Control,Pretest,4,target,target_04,maintain,A,B,0
C02,Control,Pretest,5,target,target_05,settle,D,C,0
C02,Control,Pretest,6,target,target_06,misleading,A,A,1
C02,Control,Pretest,7,target,target_07,discourage,D,C,0
C02,Control,Pretest,8,target,target_08,retain,D,A,0
C02,Control,Pretest,9,target,target_09,overlook,A,D,0
C02,Control,Pretest,10,target,target_10,engage,D,C,0
C02,Control,Pretest,11,secondary,secondary_control_11,disappear,B,B,1
C02,Control,Pretest,12,secondary,secondary_control_12,restless,C,C,1
C02,Control,Pretest,13,secondary,secondary_control_13,uneven,D,D,1
C02,Control,Pretest,14,secondary,secondary_control_14,unwrap,D,C,0
C02,Control,Pretest,15,secondary,secondary_control_15,brighten,B,A,0
C02,Control,Pretest,16,secondary,secondary_control_16,colorless,D,D,1
C02,Control,Pretest,17,secondary,secondary_control_17,sharpen,B,B,1
C02,Control,Pretest,18,secondary,secondary_control_18,wander,C,C,1
C02,Control,Pretest,19,secondary,secondary_control_19,loosen,A,A,1
C02,Control,Pretest,20,secondary,secondary_control_20,tremble,D,B,0
C02,Control,Post-test,1,target,target_01,reconsider,D,B,0
C02,Control,Post-test,2,target,target_02,avoidable,A,D,0
C02,Control,Post-test,3,target,target_03,uncertain,A,A,1
C02,Control,Post-test,4,target,target_04,maintain,A,B,0
C02,Control,Post-test,5,target,target_05,settle,D,C,0
C02,Control,Post-test,6,target,target_06,misleading,A,A,1
C02,Control,Post-test,7,target,target_07,discourage,D,C,0
C02,Control,Post-test,8,target,target_08,retain,B,A,0
C02,Control,Post-test,9,target,target_09,overlook,A,D,0
C02,Control,Post-test,10,target,target_10,engage,B,C,0
C02,Control,Post-test,11,secondary,secondary_control_11,disappear,B,B,1
C02,Control,Post-test,12,secondary,secondary_control_12,restless,D,C,0
C02,Control,Post-test,13,secondary,secondary_control_13,uneven,D,D,1
C02,Control,Post-test,14,secondary,secondary_control_14,unwrap,D,C,0
C02,Control,Post-test,15,secondary,secondary_control_15,brighten,A,A,1
C02,Control,Post-test,16,secondary,secondary_control_16,colorless,D,D,1
C02,Control,Post-test,17,secondary,secondary_control_17,sharpen,B,B,1
C02,Control,Post-test,18,secondary,secondary_control_18,wander,A,C,0
C02,Control,Post-test,19,secondary,secondary_control_19,loosen,A,A,1
C02,Control,Post-test,20,secondary,secondary_control_20,tremble,B,B,1
C03,Control,Pretest,1,target,target_01,reconsider,A,B,0
C03,Control,Pretest,2,target,target_02,avoidable,D,D,1
C03,Control,Pretest,3,target,target_03,uncertain,D,A,0
C03,Control,Pretest,4,target,target_04,maintain,C,B,0
C03,Control,Pretest,5,target,target_05,settle,D,C,0
C03,Control,Pretest,6,target,target_06,misleading,A,A,1
C03,Control,Pretest,7,target,target_07,discourage,B,C,0
C03,Control,Pretest,8,target,target_08,retain,D,A,0
C03,Control,Pretest,9,target,target_09,overlook,D,D,1
C03,Control,Pretest,10,target,target_10,engage,D,C,0
C03,Control,Pretest,11,secondary,secondary_control_11,disappear,B,B,1
C03,Control,Pretest,12,secondary,secondary_control_12,restless,A,C,0
C03,Control,Pretest,13,secondary,secondary_control_13,uneven,A,D,0
C03,Control,Pretest,14,secondary,secondary_control_14,unwrap,B,C,0
C03,Control,Pretest,15,secondary,secondary_control_15,brighten,A,A,1
C03,Control,Pretest,16,secondary,secondary_control_16,colorless,B,D,0
C03,Control,Pretest,17,secondary,secondary_control_17,sharpen,B,B,1
C03,Control,Pretest,18,secondary,secondary_control_18,wander,C,C,1
C03,Control,Pretest,19,secondary,secondary_control_19,loosen,B,A,0
C03,Control,Pretest,20,secondary,secondary_control_20,tremble,D,B,0
C03,Control,Post-test,1,target,target_01,reconsider,C,B,0
C03,Control,Post-test,2,target,target_02,avoidable,D,D,1
C03,Control,Post-test,3,target,target_03,uncertain,D,A,0
C03,Control,Post-test,4,target,target_04,maintain,A,B,0
C03,Control,Post-test,5,target,target_05,settle,C,C,1
C03,Control,Post-test,6,target,target_06,misleading,A,A,1
C03,Control,Post-test,7,target,target_07,discourage,C,C,1
C03,Control,Post-test,8,target,target_08,retain,D,A,0
C03,Control,Post-test,9,target,target_09,overlook,D,D,1
C03,Control,Post-test,10,target,target_10,engage,D,C,0
C03,Control,Post-test,11,secondary,secondary_control_11,disappear,B,B,1
C03,Control,Post-test,12,secondary,secondary_control_12,restless,C,C,1
C03,Control,Post-test,13,secondary,secondary_control_13,uneven,B,D,0
C03,Control,Post-test,14,secondary,secondary_control_14,unwrap,C,C,1
C03,Control,Post-test,15,secondary,secondary_control_15,brighten,A,A,1
C03,Control,Post-test,16,secondary,secondary_control_16,colorless,C,D,0
C03,Control,Post-test,17,secondary,secondary_control_17,sharpen,B,B,1
C03,Control,Post-test,18,secondary,secondary_control_18,wander,C,C,1
C03,Control,Post-test,19,secondary,secondary_control_19,loosen,A,A,1
C03,Control,Post-test,20,secondary,secondary_control_20,tremble,B,B,1
C04,Control,Pretest,1,target,target_01,reconsider,B,B,1
C04,Control,Pretest,2,target,target_02,avoidable,D,D,1
C04,Control,Pretest,3,target,target_03,uncertain,A,A,1
C04,Control,Pretest,4,target,target_04,maintain,B,B,1
C04,Control,Pretest,5,target,target_05,settle,C,C,1
C04,Control,Pretest,6,target,target_06,misleading,A,A,1
C04,Control,Pretest,7,target,target_07,discourage,C,C,1
C04,Control,Pretest,8,target,target_08,retain,A,A,1
C04,Control,Pretest,9,target,target_09,overlook,D,D,1
C04,Control,Pretest,10,target,target_10,engage,D,C,0
C04,Control,Pretest,11,secondary,secondary_control_11,disappear,B,B,1
C04,Control,Pretest,12,secondary,secondary_control_12,restless,C,C,1
C04,Control,Pretest,13,secondary,secondary_control_13,uneven,D,D,1
C04,Control,Pretest,14,secondary,secondary_control_14,unwrap,C,C,1
C04,Control,Pretest,15,secondary,secondary_control_15,brighten,A,A,1
C04,Control,Pretest,16,secondary,secondary_control_16,colorless,D,D,1
C04,Control,Pretest,17,secondary,secondary_control_17,sharpen,B,B,1
C04,Control,Pretest,18,secondary,secondary_control_18,wander,C,C,1
C04,Control,Pretest,19,secondary,secondary_control_19,loosen,B,A,0
C04,Control,Pretest,20,secondary,secondary_control_20,tremble,B,B,1
C04,Control,Post-test,1,target,target_01,reconsider,B,B,1
C04,Control,Post-test,2,target,target_02,avoidable,D,D,1
C04,Control,Post-test,3,target,target_03,uncertain,A,A,1
C04,Control,Post-test,4,target,target_04,maintain,B,B,1
C04,Control,Post-test,5,target,target_05,settle,C,C,1
C04,Control,Post-test,6,target,target_06,misleading,A,A,1
C04,Control,Post-test,7,target,target_07,discourage,C,C,1
C04,Control,Post-test,8,target,target_08,retain,D,A,0
C04,Control,Post-test,9,target,target_09,overlook,D,D,1
C04,Control,Post-test,10,target,target_10,engage,D,C,0
C04,Control,Post-test,11,secondary,secondary_control_11,disappear,B,B,1
C04,Control,Post-test,12,secondary,secondary_control_12,restless,C,C,1
C04,Control,Post-test,13,secondary,secondary_control_13,uneven,D,D,1
C04,Control,Post-test,14,secondary,secondary_control_14,unwrap,C,C,1
C04,Control,Post-test,15,secondary,secondary_control_15,brighten,A,A,1
C04,Control,Post-test,16,secondary,secondary_control_16,colorless,D,D,1
C04,Control,Post-test,17,secondary,secondary_control_17,sharpen,B,B,1
C04,Control,Post-test,18,secondary,secondary_control_18,wander,C,C,1
C04,Control,Post-test,19,secondary,secondary_control_19,loosen,B,A,0
C04,Control,Post-test,20,secondary,secondary_control_20,tremble,B,B,1
C05,Control,Pretest,1,target,target_01,reconsider,B,B,1
C05,Control,Pretest,2,target,target_02,avoidable,D,D,1
C05,Control,Pretest,3,target,target_03,uncertain,A,A,1
C05,Control,Pretest,4,target,target_04,maintain,B,B,1
C05,Control,Pretest,5,target,target_05,settle,D,C,0
C05,Control,Pretest,6,target,target_06,misleading,A,A,1
C05,Control,Pretest,7,target,target_07,discourage,C,C,1
C05,Control,Pretest,8,target,target_08,retain,D,A,0
C05,Control,Pretest,9,target,target_09,overlook,A,D,0
C05,Control,Pretest,10,target,target_10,engage,D,C,0
C05,Control,Pretest,11,secondary,secondary_control_11,disappear,A,B,0
C05,Control,Pretest,12,secondary,secondary_control_12,restless,A,C,0
C05,Control,Pretest,13,secondary,secondary_control_13,uneven,D,D,1
C05,Control,Pretest,14,secondary,secondary_control_14,unwrap,C,C,1
C05,Control,Pretest,15,secondary,secondary_control_15,brighten,C,A,0
C05,Control,Pretest,16,secondary,secondary_control_16,colorless,A,D,0
C05,Control,Pretest,17,secondary,secondary_control_17,sharpen,B,B,1
C05,Control,Pretest,18,secondary,secondary_control_18,wander,C,C,1
C05,Control,Pretest,19,secondary,secondary_control_19,loosen,A,A,1
C05,Control,Pretest,20,secondary,secondary_control_20,tremble,B,B,1
C05,Control,Post-test,1,target,target_01,reconsider,B,B,1
C05,Control,Post-test,2,target,target_02,avoidable,D,D,1
C05,Control,Post-test,3,target,target_03,uncertain,A,A,1
C05,Control,Post-test,4,target,target_04,maintain,B,B,1
C05,Control,Post-test,5,target,target_05,settle,A,C,0
C05,Control,Post-test,6,target,target_06,misleading,A,A,1
C05,Control,Post-test,7,target,target_07,discourage,C,C,1
C05,Control,Post-test,8,target,target_08,retain,A,A,1
C05,Control,Post-test,9,target,target_09,overlook,A,D,0
C05,Control,Post-test,10,target,target_10,engage,D,C,0
C05,Control,Post-test,11,secondary,secondary_control_11,disappear,D,B,0
C05,Control,Post-test,12,secondary,secondary_control_12,restless,C,C,1
C05,Control,Post-test,13,secondary,secondary_control_13,uneven,D,D,1
C05,Control,Post-test,14,secondary,secondary_control_14,unwrap,C,C,1
C05,Control,Post-test,15,secondary,secondary_control_15,brighten,C,A,0
C05,Control,Post-test,16,secondary,secondary_control_16,colorless,D,D,1
C05,Control,Post-test,17,secondary,secondary_control_17,sharpen,B,B,1
C05,Control,Post-test,18,secondary,secondary_control_18,wander,C,C,1
C05,Control,Post-test,19,secondary,secondary_control_19,loosen,A,A,1
C05,Control,Post-test,20,secondary,secondary_control_20,tremble,B,B,1
C06,Control,Pretest,1,target,target_01,reconsider,B,B,1
C06,Control,Pretest,2,target,target_02,avoidable,D,D,1
C06,Control,Pretest,3,target,target_03,uncertain,A,A,1
C06,Control,Pretest,4,target,target_04,maintain,B,B,1
C06,Control,Pretest,5,target,target_05,settle,C,C,1
C06,Control,Pretest,6,target,target_06,misleading,A,A,1
C06,Control,Pretest,7,target,target_07,discourage,D,C,0
C06,Control,Pretest,8,target,target_08,retain,D,A,0
C06,Control,Pretest,9,target,target_09,overlook,D,D,1
C06,Control,Pretest,10,target,target_10,engage,B,C,0
C06,Control,Pretest,11,secondary,secondary_control_11,disappear,B,B,1
C06,Control,Pretest,12,secondary,secondary_control_12,restless,C,C,1
C06,Control,Pretest,13,secondary,secondary_control_13,uneven,A,D,0
C06,Control,Pretest,14,secondary,secondary_control_14,unwrap,C,C,1
C06,Control,Pretest,15,secondary,secondary_control_15,brighten,A,A,1
C06,Control,Pretest,16,secondary,secondary_control_16,colorless,D,D,1
C06,Control,Pretest,17,secondary,secondary_control_17,sharpen,B,B,1
C06,Control,Pretest,18,secondary,secondary_control_18,wander,A,C,0
C06,Control,Pretest,19,secondary,secondary_control_19,loosen,A,A,1
C06,Control,Pretest,20,secondary,secondary_control_20,tremble,A,B,0
C06,Control,Post-test,1,target,target_01,reconsider,D,B,0
C06,Control,Post-test,2,target,target_02,avoidable,D,D,1
C06,Control,Post-test,3,target,target_03,uncertain,A,A,1
C06,Control,Post-test,4,target,target_04,maintain,B,B,1
C06,Control,Post-test,5,target,target_05,settle,C,C,1
C06,Control,Post-test,6,target,target_06,misleading,A,A,1
C06,Control,Post-test,7,target,target_07,discourage,D,C,0
C06,Control,Post-test,8,target,target_08,retain,D,A,0
C06,Control,Post-test,9,target,target_09,overlook,D,D,1
C06,Control,Post-test,10,target,target_10,engage,B,C,0
C06,Control,Post-test,11,secondary,secondary_control_11,disappear,B,B,1
C06,Control,Post-test,12,secondary,secondary_control_12,restless,C,C,1
C06,Control,Post-test,13,secondary,secondary_control_13,uneven,D,D,1
C06,Control,Post-test,14,secondary,secondary_control_14,unwrap,C,C,1
C06,Control,Post-test,15,secondary,secondary_control_15,brighten,A,A,1
C06,Control,Post-test,16,secondary,secondary_control_16,colorless,D,D,1
C06,Control,Post-test,17,secondary,secondary_control_17,sharpen,B,B,1
C06,Control,Post-test,18,secondary,secondary_control_18,wander,C,C,1
C06,Control,Post-test,19,secondary,secondary_control_19,loosen,A,A,1
C06,Control,Post-test,20,secondary,secondary_control_20,tremble,A,B,0
C07,Control,Pretest,1,target,target_01,reconsider,B,B,1
C07,Control,Pretest,2,target,target_02,avoidable,D,D,1
C07,Control,Pretest,3,target,target_03,uncertain,A,A,1
C07,Control,Pretest,4,target,target_04,maintain,B,B,1
C07,Control,Pretest,5,target,target_05,settle,A,C,0
C07,Control,Pretest,6,target,target_06,misleading,D,A,0
C07,Control,Pretest,7,target,target_07,discourage,C,C,1
C07,Control,Pretest,8,target,target_08,retain,D,A,0
C07,Control,Pretest,9,target,target_09,overlook,D,D,1
C07,Control,Pretest,10,target,target_10,engage,C,C,1
C07,Control,Pretest,11,secondary,secondary_control_11,disappear,B,B,1
C07,Control,Pretest,12,secondary,secondary_control_12,restless,C,C,1
C07,Control,Pretest,13,secondary,secondary_control_13,uneven,B,D,0
C07,Control,Pretest,14,secondary,secondary_control_14,unwrap,C,C,1
C07,Control,Pretest,15,secondary,secondary_control_15,brighten,B,A,0
C07,Control,Pretest,16,secondary,secondary_control_16,colorless,D,D,1
C07,Control,Pretest,17,secondary,secondary_control_17,sharpen,B,B,1
C07,Control,Pretest,18,secondary,secondary_control_18,wander,A,C,0
C07,Control,Pretest,19,secondary,secondary_control_19,loosen,A,A,1
C07,Control,Pretest,20,secondary,secondary_control_20,tremble,B,B,1
C07,Control,Post-test,1,target,target_01,reconsider,B,B,1
C07,Control,Post-test,2,target,target_02,avoidable,D,D,1
C07,Control,Post-test,3,target,target_03,uncertain,A,A,1
C07,Control,Post-test,4,target,target_04,maintain,B,B,1
C07,Control,Post-test,5,target,target_05,settle,A,C,0
C07,Control,Post-test,6,target,target_06,misleading,C,A,0
C07,Control,Post-test,7,target,target_07,discourage,C,C,1
C07,Control,Post-test,8,target,target_08,retain,D,A,0
C07,Control,Post-test,9,target,target_09,overlook,D,D,1
C07,Control,Post-test,10,target,target_10,engage,C,C,1
C07,Control,Post-test,11,secondary,secondary_control_11,disappear,B,B,1
C07,Control,Post-test,12,secondary,secondary_control_12,restless,C,C,1
C07,Control,Post-test,13,secondary,secondary_control_13,uneven,B,D,0
C07,Control,Post-test,14,secondary,secondary_control_14,unwrap,C,C,1
C07,Control,Post-test,15,secondary,secondary_control_15,brighten,C,A,0
C07,Control,Post-test,16,secondary,secondary_control_16,colorless,D,D,1
C07,Control,Post-test,17,secondary,secondary_control_17,sharpen,B,B,1
C07,Control,Post-test,18,secondary,secondary_control_18,wander,C,C,1
C07,Control,Post-test,19,secondary,secondary_control_19,loosen,A,A,1
C07,Control,Post-test,20,secondary,secondary_control_20,tremble,D,B,0
C08,Control,Pretest,1,target,target_01,reconsider,B,B,1
C08,Control,Pretest,2,target,target_02,avoidable,D,D,1
C08,Control,Pretest,3,target,target_03,uncertain,B,A,0
C08,Control,Pretest,4,target,target_04,maintain,B,B,1
C08,Control,Pretest,5,target,target_05,settle,A,C,0
C08,Control,Pretest,6,target,target_06,misleading,A,A,1
C08,Control,Pretest,7,target,target_07,discourage,D,C,0
C08,Control,Pretest,8,target,target_08,retain,D,A,0
C08,Control,Pretest,9,target,target_09,overlook,A,D,0
C08,Control,Pretest,10,target,target_10,engage,D,C,0
C08,Control,Pretest,11,secondary,secondary_control_11,disappear,A,B,0
C08,Control,Pretest,12,secondary,secondary_control_12,restless,C,C,1
C08,Control,Pretest,13,secondary,secondary_control_13,uneven,D,D,1
C08,Control,Pretest,14,secondary,secondary_control_14,unwrap,C,C,1
C08,Control,Pretest,15,secondary,secondary_control_15,brighten,A,A,1
C08,Control,Pretest,16,secondary,secondary_control_16,colorless,D,D,1
C08,Control,Pretest,17,secondary,secondary_control_17,sharpen,B,B,1
C08,Control,Pretest,18,secondary,secondary_control_18,wander,C,C,1
C08,Control,Pretest,19,secondary,secondary_control_19,loosen,A,A,1
C08,Control,Pretest,20,secondary,secondary_control_20,tremble,C,B,0
C08,Control,Post-test,1,target,target_01,reconsider,B,B,1
C08,Control,Post-test,2,target,target_02,avoidable,D,D,1
C08,Control,Post-test,3,target,target_03,uncertain,C,A,0
C08,Control,Post-test,4,target,target_04,maintain,B,B,1
C08,Control,Post-test,5,target,target_05,settle,A,C,0
C08,Control,Post-test,6,target,target_06,misleading,A,A,1
C08,Control,Post-test,7,target,target_07,discourage,D,C,0
C08,Control,Post-test,8,target,target_08,retain,D,A,0
C08,Control,Post-test,9,target,target_09,overlook,A,D,0
C08,Control,Post-test,10,target,target_10,engage,D,C,0
C08,Control,Post-test,11,secondary,secondary_control_11,disappear,A,B,0
C08,Control,Post-test,12,secondary,secondary_control_12,restless,C,C,1
C08,Control,Post-test,13,secondary,secondary_control_13,uneven,B,D,0
C08,Control,Post-test,14,secondary,secondary_control_14,unwrap,C,C,1
C08,Control,Post-test,15,secondary,secondary_control_15,brighten,A,A,1
C08,Control,Post-test,16,secondary,secondary_control_16,colorless,D,D,1
C08,Control,Post-test,17,secondary,secondary_control_17,sharpen,B,B,1
C08,Control,Post-test,18,secondary,secondary_control_18,wander,C,C,1
C08,Control,Post-test,19,secondary,secondary_control_19,loosen,A,A,1
C08,Control,Post-test,20,secondary,secondary_control_20,tremble,D,B,0
C09,Control,Pretest,1,target,target_01,reconsider,B,B,1
C09,Control,Pretest,2,target,target_02,avoidable,B,D,0
C09,Control,Pretest,3,target,target_03,uncertain,C,A,0
C09,Control,Pretest,4,target,target_04,maintain,C,B,0
C09,Control,Pretest,5,target,target_05,settle,D,C,0
C09,Control,Pretest,6,target,target_06,misleading,C,A,0
C09,Control,Pretest,7,target,target_07,discourage,C,C,1
C09,Control,Pretest,8,target,target_08,retain,B,A,0
C09,Control,Pretest,9,target,target_09,overlook,C,D,0
C09,Control,Pretest,10,target,target_10,engage,C,C,1
C09,Control,Pretest,11,secondary,secondary_control_11,disappear,C,B,0
C09,Control,Pretest,12,secondary,secondary_control_12,restless,A,C,0
C09,Control,Pretest,13,secondary,secondary_control_13,uneven,B,D,0
C09,Control,Pretest,14,secondary,secondary_control_14,unwrap,C,C,1
C09,Control,Pretest,15,secondary,secondary_control_15,brighten,A,A,1
C09,Control,Pretest,16,secondary,secondary_control_16,colorless,D,D,1
C09,Control,Pretest,17,secondary,secondary_control_17,sharpen,B,B,1
C09,Control,Pretest,18,secondary,secondary_control_18,wander,A,C,0
C09,Control,Pretest,19,secondary,secondary_control_19,loosen,C,A,0
C09,Control,Pretest,20,secondary,secondary_control_20,tremble,D,B,0
C09,Control,Post-test,1,target,target_01,reconsider,B,B,1
C09,Control,Post-test,2,target,target_02,avoidable,B,D,0
C09,Control,Post-test,3,target,target_03,uncertain,B,A,0
C09,Control,Post-test,4,target,target_04,maintain,B,B,1
C09,Control,Post-test,5,target,target_05,settle,B,C,0
C09,Control,Post-test,6,target,target_06,misleading,D,A,0
C09,Control,Post-test,7,target,target_07,discourage,C,C,1
C09,Control,Post-test,8,target,target_08,retain,C,A,0
C09,Control,Post-test,9,target,target_09,overlook,B,D,0
C09,Control,Post-test,10,target,target_10,engage,C,C,1
C09,Control,Post-test,11,secondary,secondary_control_11,disappear,D,B,0
C09,Control,Post-test,12,secondary,secondary_control_12,restless,C,C,1
C09,Control,Post-test,13,secondary,secondary_control_13,uneven,B,D,0
C09,Control,Post-test,14,secondary,secondary_control_14,unwrap,C,C,1
C09,Control,Post-test,15,secondary,secondary_control_15,brighten,A,A,1
C09,Control,Post-test,16,secondary,secondary_control_16,colorless,D,D,1
C09,Control,Post-test,17,secondary,secondary_control_17,sharpen,B,B,1
C09,Control,Post-test,18,secondary,secondary_control_18,wander,A,C,0
C09,Control,Post-test,19,secondary,secondary_control_19,loosen,C,A,0
C09,Control,Post-test,20,secondary,secondary_control_20,tremble,B,B,1
C10,Control,Pretest,1,target,target_01,reconsider,B,B,1
C10,Control,Pretest,2,target,target_02,avoidable,B,D,0
C10,Control,Pretest,3,target,target_03,uncertain,C,A,0
C10,Control,Pretest,4,target,target_04,maintain,B,B,1
C10,Control,Pretest,5,target,target_05,settle,B,C,0
C10,Control,Pretest,6,target,target_06,misleading,D,A,0
C10,Control,Pretest,7,target,target_07,discourage,C,C,1
C10,Control,Pretest,8,target,target_08,retain,A,A,1
C10,Control,Pretest,9,target,target_09,overlook,A,D,0
C10,Control,Pretest,10,target,target_10,engage,D,C,0
C10,Control,Pretest,11,secondary,secondary_control_11,disappear,D,B,0
C10,Control,Pretest,12,secondary,secondary_control_12,restless,A,C,0
C10,Control,Pretest,13,secondary,secondary_control_13,uneven,B,D,0
C10,Control,Pretest,14,secondary,secondary_control_14,unwrap,B,C,0
C10,Control,Pretest,15,secondary,secondary_control_15,brighten,A,A,1
C10,Control,Pretest,16,secondary,secondary_control_16,colorless,C,D,0
C10,Control,Pretest,17,secondary,secondary_control_17,sharpen,B,B,1
C10,Control,Pretest,18,secondary,secondary_control_18,wander,D,C,0
C10,Control,Pretest,19,secondary,secondary_control_19,loosen,B,A,0
C10,Control,Pretest,20,secondary,secondary_control_20,tremble,C,B,0
C10,Control,Post-test,1,target,target_01,reconsider,B,B,1
C10,Control,Post-test,2,target,target_02,avoidable,C,D,0
C10,Control,Post-test,3,target,target_03,uncertain,A,A,1
C10,Control,Post-test,4,target,target_04,maintain,B,B,1
C10,Control,Post-test,5,target,target_05,settle,B,C,0
C10,Control,Post-test,6,target,target_06,misleading,B,A,0
C10,Control,Post-test,7,target,target_07,discourage,C,C,1
C10,Control,Post-test,8,target,target_08,retain,A,A,1
C10,Control,Post-test,9,target,target_09,overlook,A,D,0
C10,Control,Post-test,10,target,target_10,engage,C,C,1
C10,Control,Post-test,11,secondary,secondary_control_11,disappear,D,B,0
C10,Control,Post-test,12,secondary,secondary_control_12,restless,C,C,1
C10,Control,Post-test,13,secondary,secondary_control_13,uneven,D,D,1
C10,Control,Post-test,14,secondary,secondary_control_14,unwrap,B,C,0
C10,Control,Post-test,15,secondary,secondary_control_15,brighten,A,A,1
C10,Control,Post-test,16,secondary,secondary_control_16,colorless,C,D,0
C10,Control,Post-test,17,secondary,secondary_control_17,sharpen,D,B,0
C10,Control,Post-test,18,secondary,secondary_control_18,wander,C,C,1
C10,Control,Post-test,19,secondary,secondary_control_19,loosen,B,A,0
C10,Control,Post-test,20,secondary,secondary_control_20,tremble,B,B,1
C11,Control,Pretest,1,target,target_01,reconsider,D,B,0
C11,Control,Pretest,2,target,target_02,avoidable,B,D,0
C11,Control,Pretest,3,target,target_03,uncertain,C,A,0
C11,Control,Pretest,4,target,target_04,maintain,B,B,1
C11,Control,Pretest,5,target,target_05,settle,C,C,1
C11,Control,Pretest,6,target,target_06,misleading,C,A,0
C11,Control,Pretest,7,target,target_07,discourage,D,C,0
C11,Control,Pretest,8,target,target_08,retain,D,A,0
C11,Control,Pretest,9,target,target_09,overlook,D,D,1
C11,Control,Pretest,10,target,target_10,engage,C,C,1
C11,Control,Pretest,11,secondary,secondary_control_11,disappear,B,B,1
C11,Control,Pretest,12,secondary,secondary_control_12,restless,B,C,0
C11,Control,Pretest,13,secondary,secondary_control_13,uneven,B,D,0
C11,Control,Pretest,14,secondary,secondary_control_14,unwrap,A,C,0
C11,Control,Pretest,15,secondary,secondary_control_15,brighten,A,A,1
C11,Control,Pretest,16,secondary,secondary_control_16,colorless,D,D,1
C11,Control,Pretest,17,secondary,secondary_control_17,sharpen,B,B,1
C11,Control,Pretest,18,secondary,secondary_control_18,wander,A,C,0
C11,Control,Pretest,19,secondary,secondary_control_19,loosen,A,A,1
C11,Control,Pretest,20,secondary,secondary_control_20,tremble,D,B,0
C11,Control,Post-test,1,target,target_01,reconsider,B,B,1
C11,Control,Post-test,2,target,target_02,avoidable,B,D,0
C11,Control,Post-test,3,target,target_03,uncertain,C,A,0
C11,Control,Post-test,4,target,target_04,maintain,B,B,1
C11,Control,Post-test,5,target,target_05,settle,C,C,1
C11,Control,Post-test,6,target,target_06,misleading,C,A,0
C11,Control,Post-test,7,target,target_07,discourage,D,C,0
C11,Control,Post-test,8,target,target_08,retain,A,A,1
C11,Control,Post-test,9,target,target_09,overlook,D,D,1
C11,Control,Post-test,10,target,target_10,engage,C,C,1
C11,Control,Post-test,11,secondary,secondary_control_11,disappear,B,B,1
C11,Control,Post-test,12,secondary,secondary_control_12,restless,C,C,1
C11,Control,Post-test,13,secondary,secondary_control_13,uneven,C,D,0
C11,Control,Post-test,14,secondary,secondary_control_14,unwrap,A,C,0
C11,Control,Post-test,15,secondary,secondary_control_15,brighten,A,A,1
C11,Control,Post-test,16,secondary,secondary_control_16,colorless,D,D,1
C11,Control,Post-test,17,secondary,secondary_control_17,sharpen,B,B,1
C11,Control,Post-test,18,secondary,secondary_control_18,wander,B,C,0
C11,Control,Post-test,19,secondary,secondary_control_19,loosen,A,A,1
C11,Control,Post-test,20,secondary,secondary_control_20,tremble,D,B,0
C12,Control,Pretest,1,target,target_01,reconsider,B,B,1
C12,Control,Pretest,2,target,target_02,avoidable,B,D,0
C12,Control,Pretest,3,target,target_03,uncertain,A,A,1
C12,Control,Pretest,4,target,target_04,maintain,D,B,0
C12,Control,Pretest,5,target,target_05,settle,A,C,0
C12,Control,Pretest,6,target,target_06,misleading,A,A,1
C12,Control,Pretest,7,target,target_07,discourage,C,C,1
C12,Control,Pretest,8,target,target_08,retain,D,A,0
C12,Control,Pretest,9,target,target_09,overlook,A,D,0
C12,Control,Pretest,10,target,target_10,engage,A,C,0
C12,Control,Pretest,11,secondary,secondary_control_11,disappear,B,B,1
C12,Control,Pretest,12,secondary,secondary_control_12,restless,D,C,0
C12,Control,Pretest,13,secondary,secondary_control_13,uneven,D,D,1
C12,Control,Pretest,14,secondary,secondary_control_14,unwrap,C,C,1
C12,Control,Pretest,15,secondary,secondary_control_15,brighten,C,A,0
C12,Control,Pretest,16,secondary,secondary_control_16,colorless,D,D,1
C12,Control,Pretest,17,secondary,secondary_control_17,sharpen,B,B,1
C12,Control,Pretest,18,secondary,secondary_control_18,wander,B,C,0
C12,Control,Pretest,19,secondary,secondary_control_19,loosen,B,A,0
C12,Control,Pretest,20,secondary,secondary_control_20,tremble,D,B,0
C12,Control,Post-test,1,target,target_01,reconsider,B,B,1
C12,Control,Post-test,2,target,target_02,avoidable,A,D,0
C12,Control,Post-test,3,target,target_03,uncertain,A,A,1
C12,Control,Post-test,4,target,target_04,maintain,D,B,0
C12,Control,Post-test,5,target,target_05,settle,B,C,0
C12,Control,Post-test,6,target,target_06,misleading,A,A,1
C12,Control,Post-test,7,target,target_07,discourage,C,C,1
C12,Control,Post-test,8,target,target_08,retain,D,A,0
C12,Control,Post-test,9,target,target_09,overlook,A,D,0
C12,Control,Post-test,10,target,target_10,engage,C,C,1
C12,Control,Post-test,11,secondary,secondary_control_11,disappear,B,B,1
C12,Control,Post-test,12,secondary,secondary_control_12,restless,C,C,1
C12,Control,Post-test,13,secondary,secondary_control_13,uneven,D,D,1
C12,Control,Post-test,14,secondary,secondary_control_14,unwrap,D,C,0
C12,Control,Post-test,15,secondary,secondary_control_15,brighten,A,A,1
C12,Control,Post-test,16,secondary,secondary_control_16,colorless,B,D,0
C12,Control,Post-test,17,secondary,secondary_control_17,sharpen,B,B,1
C12,Control,Post-test,18,secondary,secondary_control_18,wander,C,C,1
C12,Control,Post-test,19,secondary,secondary_control_19,loosen,B,A,0
C12,Control,Post-test,20,secondary,secondary_control_20,tremble,D,B,0
C13,Control,Pretest,1,target,target_01,reconsider,A,B,0
C13,Control,Pretest,2,target,target_02,avoidable,D,D,1
C13,Control,Pretest,3,target,target_03,uncertain,D,A,0
C13,Control,Pretest,4,target,target_04,maintain,B,B,1
C13,Control,Pretest,5,target,target_05,settle,C,C,1
C13,Control,Pretest,6,target,target_06,misleading,B,A,0
C13,Control,Pretest,7,target,target_07,discourage,D,C,0
C13,Control,Pretest,8,target,target_08,retain,A,A,1
C13,Control,Pretest,9,target,target_09,overlook,A,D,0
C13,Control,Pretest,10,target,target_10,engage,C,C,1
C13,Control,Pretest,11,secondary,secondary_control_11,disappear,B,B,1
C13,Control,Pretest,12,secondary,secondary_control_12,restless,A,C,0
C13,Control,Pretest,13,secondary,secondary_control_13,uneven,D,D,1
C13,Control,Pretest,14,secondary,secondary_control_14,unwrap,A,C,0
C13,Control,Pretest,15,secondary,secondary_control_15,brighten,C,A,0
C13,Control,Pretest,16,secondary,secondary_control_16,colorless,D,D,1
C13,Control,Pretest,17,secondary,secondary_control_17,sharpen,A,B,0
C13,Control,Pretest,18,secondary,secondary_control_18,wander,C,C,1
C13,Control,Pretest,19,secondary,secondary_control_19,loosen,D,A,0
C13,Control,Pretest,20,secondary,secondary_control_20,tremble,A,B,0
C13,Control,Post-test,1,target,target_01,reconsider,C,B,0
C13,Control,Post-test,2,target,target_02,avoidable,D,D,1
C13,Control,Post-test,3,target,target_03,uncertain,A,A,1
C13,Control,Post-test,4,target,target_04,maintain,B,B,1
C13,Control,Post-test,5,target,target_05,settle,C,C,1
C13,Control,Post-test,6,target,target_06,misleading,B,A,0
C13,Control,Post-test,7,target,target_07,discourage,B,C,0
C13,Control,Post-test,8,target,target_08,retain,A,A,1
C13,Control,Post-test,9,target,target_09,overlook,C,D,0
C13,Control,Post-test,10,target,target_10,engage,C,C,1
C13,Control,Post-test,11,secondary,secondary_control_11,disappear,B,B,1
C13,Control,Post-test,12,secondary,secondary_control_12,restless,C,C,1
C13,Control,Post-test,13,secondary,secondary_control_13,uneven,D,D,1
C13,Control,Post-test,14,secondary,secondary_control_14,unwrap,A,C,0
C13,Control,Post-test,15,secondary,secondary_control_15,brighten,A,A,1
C13,Control,Post-test,16,secondary,secondary_control_16,colorless,D,D,1
C13,Control,Post-test,17,secondary,secondary_control_17,sharpen,B,B,1
C13,Control,Post-test,18,secondary,secondary_control_18,wander,B,C,0
C13,Control,Post-test,19,secondary,secondary_control_19,loosen,A,A,1
C13,Control,Post-test,20,secondary,secondary_control_20,tremble,A,B,0
C14,Control,Pretest,1,target,target_01,reconsider,C,B,0
C14,Control,Pretest,2,target,target_02,avoidable,A,D,0
C14,Control,Pretest,3,target,target_03,uncertain,C,A,0
C14,Control,Pretest,4,target,target_04,maintain,C,B,0
C14,Control,Pretest,5,target,target_05,settle,C,C,1
C14,Control,Pretest,6,target,target_06,misleading,C,A,0
C14,Control,Pretest,7,target,target_07,discourage,D,C,0
C14,Control,Pretest,8,target,target_08,retain,D,A,0
C14,Control,Pretest,9,target,target_09,overlook,A,D,0
C14,Control,Pretest,10,target,target_10,engage,D,C,0
C14,Control,Pretest,11,secondary,secondary_control_11,disappear,B,B,1
C14,Control,Pretest,12,secondary,secondary_control_12,restless,C,C,1
C14,Control,Pretest,13,secondary,secondary_control_13,uneven,B,D,0
C14,Control,Pretest,14,secondary,secondary_control_14,unwrap,C,C,1
C14,Control,Pretest,15,secondary,secondary_control_15,brighten,D,A,0
C14,Control,Pretest,16,secondary,secondary_control_16,colorless,D,D,1
C14,Control,Pretest,17,secondary,secondary_control_17,sharpen,B,B,1
C14,Control,Pretest,18,secondary,secondary_control_18,wander,A,C,0
C14,Control,Pretest,19,secondary,secondary_control_19,loosen,B,A,0
C14,Control,Pretest,20,secondary,secondary_control_20,tremble,D,B,0
C14,Control,Post-test,1,target,target_01,reconsider,B,B,1
C14,Control,Post-test,2,target,target_02,avoidable,B,D,0
C14,Control,Post-test,3,target,target_03,uncertain,B,A,0
C14,Control,Post-test,4,target,target_04,maintain,B,B,1
C14,Control,Post-test,5,target,target_05,settle,C,C,1
C14,Control,Post-test,6,target,target_06,misleading,C,A,0
C14,Control,Post-test,7,target,target_07,discourage,B,C,0
C14,Control,Post-test,8,target,target_08,retain,B,A,0
C14,Control,Post-test,9,target,target_09,overlook,A,D,0
C14,Control,Post-test,10,target,target_10,engage,D,C,0
C14,Control,Post-test,11,secondary,secondary_control_11,disappear,B,B,1
C14,Control,Post-test,12,secondary,secondary_control_12,restless,C,C,1
C14,Control,Post-test,13,secondary,secondary_control_13,uneven,D,D,1
C14,Control,Post-test,14,secondary,secondary_control_14,unwrap,C,C,1
C14,Control,Post-test,15,secondary,secondary_control_15,brighten,A,A,1
C14,Control,Post-test,16,secondary,secondary_control_16,colorless,D,D,1
C14,Control,Post-test,17,secondary,secondary_control_17,sharpen,B,B,1
C14,Control,Post-test,18,secondary,secondary_control_18,wander,B,C,0
C14,Control,Post-test,19,secondary,secondary_control_19,loosen,C,A,0
C14,Control,Post-test,20,secondary,secondary_control_20,tremble,C,B,0
C15,Control,Pretest,1,target,target_01,reconsider,B,B,1
C15,Control,Pretest,2,target,target_02,avoidable,D,D,1
C15,Control,Pretest,3,target,target_03,uncertain,A,A,1
C15,Control,Pretest,4,target,target_04,maintain,B,B,1
C15,Control,Pretest,5,target,target_05,settle,D,C,0
C15,Control,Pretest,6,target,target_06,misleading,D,A,0
C15,Control,Pretest,7,target,target_07,discourage,C,C,1
C15,Control,Pretest,8,target,target_08,retain,D,A,0
C15,Control,Pretest,9,target,target_09,overlook,D,D,1
C15,Control,Pretest,10,target,target_10,engage,D,C,0
C15,Control,Pretest,11,secondary,secondary_control_11,disappear,B,B,1
C15,Control,Pretest,12,secondary,secondary_control_12,restless,C,C,1
C15,Control,Pretest,13,secondary,secondary_control_13,uneven,D,D,1
C15,Control,Pretest,14,secondary,secondary_control_14,unwrap,D,C,0
C15,Control,Pretest,15,secondary,secondary_control_15,brighten,A,A,1
C15,Control,Pretest,16,secondary,secondary_control_16,colorless,D,D,1
C15,Control,Pretest,17,secondary,secondary_control_17,sharpen,B,B,1
C15,Control,Pretest,18,secondary,secondary_control_18,wander,A,C,0
C15,Control,Pretest,19,secondary,secondary_control_19,loosen,A,A,1
C15,Control,Pretest,20,secondary,secondary_control_20,tremble,B,B,1
C15,Control,Post-test,1,target,target_01,reconsider,B,B,1
C15,Control,Post-test,2,target,target_02,avoidable,D,D,1
C15,Control,Post-test,3,target,target_03,uncertain,A,A,1
C15,Control,Post-test,4,target,target_04,maintain,B,B,1
C15,Control,Post-test,5,target,target_05,settle,C,C,1
C15,Control,Post-test,6,target,target_06,misleading,D,A,0
C15,Control,Post-test,7,target,target_07,discourage,C,C,1
C15,Control,Post-test,8,target,target_08,retain,D,A,0
C15,Control,Post-test,9,target,target_09,overlook,D,D,1
C15,Control,Post-test,10,target,target_10,engage,D,C,0
C15,Control,Post-test,11,secondary,secondary_control_11,disappear,B,B,1
C15,Control,Post-test,12,secondary,secondary_control_12,restless,C,C,1
C15,Control,Post-test,13,secondary,secondary_control_13,uneven,D,D,1
C15,Control,Post-test,14,secondary,secondary_control_14,unwrap,C,C,1
C15,Control,Post-test,15,secondary,secondary_control_15,brighten,A,A,1
C15,Control,Post-test,16,secondary,secondary_control_16,colorless,D,D,1
C15,Control,Post-test,17,secondary,secondary_control_17,sharpen,B,B,1
C15,Control,Post-test,18,secondary,secondary_control_18,wander,C,C,1
C15,Control,Post-test,19,secondary,secondary_control_19,loosen,A,A,1
C15,Control,Post-test,20,secondary,secondary_control_20,tremble,B,B,1
C16,Control,Pretest,1,target,target_01,reconsider,B,B,1
C16,Control,Pretest,2,target,target_02,avoidable,D,D,1
C16,Control,Pretest,3,target,target_03,uncertain,B,A,0
C16,Control,Pretest,4,target,target_04,maintain,C,B,0
C16,Control,Pretest,5,target,target_05,settle,D,C,0
C16,Control,Pretest,6,target,target_06,misleading,B,A,0
C16,Control,Pretest,7,target,target_07,discourage,D,C,0
C16,Control,Pretest,8,target,target_08,retain,D,A,0
C16,Control,Pretest,9,target,target_09,overlook,A,D,0
C16,Control,Pretest,10,target,target_10,engage,C,C,1
C16,Control,Pretest,11,secondary,secondary_control_11,disappear,A,B,0
C16,Control,Pretest,12,secondary,secondary_control_12,restless,A,C,0
C16,Control,Pretest,13,secondary,secondary_control_13,uneven,C,D,0
C16,Control,Pretest,14,secondary,secondary_control_14,unwrap,B,C,0
C16,Control,Pretest,15,secondary,secondary_control_15,brighten,C,A,0
C16,Control,Pretest,16,secondary,secondary_control_16,colorless,D,D,1
C16,Control,Pretest,17,secondary,secondary_control_17,sharpen,D,B,0
C16,Control,Pretest,18,secondary,secondary_control_18,wander,C,C,1
C16,Control,Pretest,19,secondary,secondary_control_19,loosen,B,A,0
C16,Control,Pretest,20,secondary,secondary_control_20,tremble,B,B,1
C16,Control,Post-test,1,target,target_01,reconsider,B,B,1
C16,Control,Post-test,2,target,target_02,avoidable,D,D,1
C16,Control,Post-test,3,target,target_03,uncertain,C,A,0
C16,Control,Post-test,4,target,target_04,maintain,C,B,0
C16,Control,Post-test,5,target,target_05,settle,D,C,0
C16,Control,Post-test,6,target,target_06,misleading,A,A,1
C16,Control,Post-test,7,target,target_07,discourage,C,C,1
C16,Control,Post-test,8,target,target_08,retain,D,A,0
C16,Control,Post-test,9,target,target_09,overlook,A,D,0
C16,Control,Post-test,10,target,target_10,engage,C,C,1
C16,Control,Post-test,11,secondary,secondary_control_11,disappear,D,B,0
C16,Control,Post-test,12,secondary,secondary_control_12,restless,A,C,0
C16,Control,Post-test,13,secondary,secondary_control_13,uneven,A,D,0
C16,Control,Post-test,14,secondary,secondary_control_14,unwrap,B,C,0
C16,Control,Post-test,15,secondary,secondary_control_15,brighten,A,A,1
C16,Control,Post-test,16,secondary,secondary_control_16,colorless,D,D,1
C16,Control,Post-test,17,secondary,secondary_control_17,sharpen,B,B,1
C16,Control,Post-test,18,secondary,secondary_control_18,wander,C,C,1
C16,Control,Post-test,19,secondary,secondary_control_19,loosen,D,A,0
C16,Control,Post-test,20,secondary,secondary_control_20,tremble,B,B,1
C17,Control,Pretest,1,target,target_01,reconsider,B,B,1
C17,Control,Pretest,2,target,target_02,avoidable,B,D,0
C17,Control,Pretest,3,target,target_03,uncertain,A,A,1
C17,Control,Pretest,4,target,target_04,maintain,C,B,0
C17,Control,Pretest,5,target,target_05,settle,C,C,1
C17,Control,Pretest,6,target,target_06,misleading,A,A,1
C17,Control,Pretest,7,target,target_07,discourage,D,C,0
C17,Control,Pretest,8,target,target_08,retain,C,A,0
C17,Control,Pretest,9,target,target_09,overlook,A,D,0
C17,Control,Pretest,10,target,target_10,engage,C,C,1
C17,Control,Pretest,11,secondary,secondary_control_11,disappear,B,B,1
C17,Control,Pretest,12,secondary,secondary_control_12,restless,C,C,1
C17,Control,Pretest,13,secondary,secondary_control_13,uneven,D,D,1
C17,Control,Pretest,14,secondary,secondary_control_14,unwrap,C,C,1
C17,Control,Pretest,15,secondary,secondary_control_15,brighten,A,A,1
C17,Control,Pretest,16,secondary,secondary_control_16,colorless,D,D,1
C17,Control,Pretest,17,secondary,secondary_control_17,sharpen,B,B,1
C17,Control,Pretest,18,secondary,secondary_control_18,wander,A,C,0
C17,Control,Pretest,19,secondary,secondary_control_19,loosen,B,A,0
C17,Control,Pretest,20,secondary,secondary_control_20,tremble,A,B,0
C17,Control,Post-test,1,target,target_01,reconsider,B,B,1
C17,Control,Post-test,2,target,target_02,avoidable,C,D,0
C17,Control,Post-test,3,target,target_03,uncertain,A,A,1
C17,Control,Post-test,4,target,target_04,maintain,C,B,0
C17,Control,Post-test,5,target,target_05,settle,C,C,1
C17,Control,Post-test,6,target,target_06,misleading,A,A,1
C17,Control,Post-test,7,target,target_07,discourage,A,C,0
C17,Control,Post-test,8,target,target_08,retain,A,A,1
C17,Control,Post-test,9,target,target_09,overlook,D,D,1
C17,Control,Post-test,10,target,target_10,engage,C,C,1
C17,Control,Post-test,11,secondary,secondary_control_11,disappear,B,B,1
C17,Control,Post-test,12,secondary,secondary_control_12,restless,C,C,1
C17,Control,Post-test,13,secondary,secondary_control_13,uneven,D,D,1
C17,Control,Post-test,14,secondary,secondary_control_14,unwrap,C,C,1
C17,Control,Post-test,15,secondary,secondary_control_15,brighten,A,A,1
C17,Control,Post-test,16,secondary,secondary_control_16,colorless,D,D,1
C17,Control,Post-test,17,secondary,secondary_control_17,sharpen,B,B,1
C17,Control,Post-test,18,secondary,secondary_control_18,wander,A,C,0
C17,Control,Post-test,19,secondary,secondary_control_19,loosen,A,A,1
C17,Control,Post-test,20,secondary,secondary_control_20,tremble,A,B,0
C18,Control,Pretest,1,target,target_01,reconsider,B,B,1
C18,Control,Pretest,2,target,target_02,avoidable,D,D,1
C18,Control,Pretest,3,target,target_03,uncertain,A,A,1
C18,Control,Pretest,4,target,target_04,maintain,B,B,1
C18,Control,Pretest,5,target,target_05,settle,B,C,0
C18,Control,Pretest,6,target,target_06,misleading,C,A,0
C18,Control,Pretest,7,target,target_07,discourage,D,C,0
C18,Control,Pretest,8,target,target_08,retain,D,A,0
C18,Control,Pretest,9,target,target_09,overlook,A,D,0
C18,Control,Pretest,10,target,target_10,engage,C,C,1
C18,Control,Pretest,11,secondary,secondary_control_11,disappear,B,B,1
C18,Control,Pretest,12,secondary,secondary_control_12,restless,C,C,1
C18,Control,Pretest,13,secondary,secondary_control_13,uneven,D,D,1
C18,Control,Pretest,14,secondary,secondary_control_14,unwrap,C,C,1
C18,Control,Pretest,15,secondary,secondary_control_15,brighten,A,A,1
C18,Control,Pretest,16,secondary,secondary_control_16,colorless,D,D,1
C18,Control,Pretest,17,secondary,secondary_control_17,sharpen,B,B,1
C18,Control,Pretest,18,secondary,secondary_control_18,wander,A,C,0
C18,Control,Pretest,19,secondary,secondary_control_19,loosen,B,A,0
C18,Control,Pretest,20,secondary,secondary_control_20,tremble,D,B,0
C18,Control,Post-test,1,target,target_01,reconsider,B,B,1
C18,Control,Post-test,2,target,target_02,avoidable,D,D,1
C18,Control,Post-test,3,target,target_03,uncertain,A,A,1
C18,Control,Post-test,4,target,target_04,maintain,D,B,0
C18,Control,Post-test,5,target,target_05,settle,B,C,0
C18,Control,Post-test,6,target,target_06,misleading,D,A,0
C18,Control,Post-test,7,target,target_07,discourage,A,C,0
C18,Control,Post-test,8,target,target_08,retain,D,A,0
C18,Control,Post-test,9,target,target_09,overlook,B,D,0
C18,Control,Post-test,10,target,target_10,engage,C,C,1
C18,Control,Post-test,11,secondary,secondary_control_11,disappear,B,B,1
C18,Control,Post-test,12,secondary,secondary_control_12,restless,C,C,1
C18,Control,Post-test,13,secondary,secondary_control_13,uneven,D,D,1
C18,Control,Post-test,14,secondary,secondary_control_14,unwrap,C,C,1
C18,Control,Post-test,15,secondary,secondary_control_15,brighten,A,A,1
C18,Control,Post-test,16,secondary,secondary_control_16,colorless,D,D,1
C18,Control,Post-test,17,secondary,secondary_control_17,sharpen,B,B,1
C18,Control,Post-test,18,secondary,secondary_control_18,wander,D,C,0
C18,Control,Post-test,19,secondary,secondary_control_19,loosen,B,A,0
C18,Control,Post-test,20,secondary,secondary_control_20,tremble,B,B,1
C19,Control,Pretest,1,target,target_01,reconsider,B,B,1
C19,Control,Pretest,2,target,target_02,avoidable,B,D,0
C19,Control,Pretest,3,target,target_03,uncertain,B,A,0
C19,Control,Pretest,4,target,target_04,maintain,C,B,0
C19,Control,Pretest,5,target,target_05,settle,D,C,0
C19,Control,Pretest,6,target,target_06,misleading,A,A,1
C19,Control,Pretest,7,target,target_07,discourage,B,C,0
C19,Control,Pretest,8,target,target_08,retain,D,A,0
C19,Control,Pretest,9,target,target_09,overlook,A,D,0
C19,Control,Pretest,10,target,target_10,engage,D,C,0
C19,Control,Pretest,11,secondary,secondary_control_11,disappear,B,B,1
C19,Control,Pretest,12,secondary,secondary_control_12,restless,C,C,1
C19,Control,Pretest,13,secondary,secondary_control_13,uneven,D,D,1
C19,Control,Pretest,14,secondary,secondary_control_14,unwrap,C,C,1
C19,Control,Pretest,15,secondary,secondary_control_15,brighten,A,A,1
C19,Control,Pretest,16,secondary,secondary_control_16,colorless,D,D,1
C19,Control,Pretest,17,secondary,secondary_control_17,sharpen,C,B,0
C19,Control,Pretest,18,secondary,secondary_control_18,wander,C,C,1
C19,Control,Pretest,19,secondary,secondary_control_19,loosen,D,A,0
C19,Control,Pretest,20,secondary,secondary_control_20,tremble,D,B,0
C19,Control,Post-test,1,target,target_01,reconsider,B,B,1
C19,Control,Post-test,2,target,target_02,avoidable,B,D,0
C19,Control,Post-test,3,target,target_03,uncertain,B,A,0
C19,Control,Post-test,4,target,target_04,maintain,B,B,1
C19,Control,Post-test,5,target,target_05,settle,D,C,0
C19,Control,Post-test,6,target,target_06,misleading,D,A,0
C19,Control,Post-test,7,target,target_07,discourage,A,C,0
C19,Control,Post-test,8,target,target_08,retain,C,A,0
C19,Control,Post-test,9,target,target_09,overlook,A,D,0
C19,Control,Post-test,10,target,target_10,engage,D,C,0
C19,Control,Post-test,11,secondary,secondary_control_11,disappear,B,B,1
C19,Control,Post-test,12,secondary,secondary_control_12,restless,C,C,1
C19,Control,Post-test,13,secondary,secondary_control_13,uneven,D,D,1
C19,Control,Post-test,14,secondary,secondary_control_14,unwrap,C,C,1
C19,Control,Post-test,15,secondary,secondary_control_15,brighten,A,A,1
C19,Control,Post-test,16,secondary,secondary_control_16,colorless,D,D,1
C19,Control,Post-test,17,secondary,secondary_control_17,sharpen,C,B,0
C19,Control,Post-test,18,secondary,secondary_control_18,wander,C,C,1
C19,Control,Post-test,19,secondary,secondary_control_19,loosen,D,A,0
C19,Control,Post-test,20,secondary,secondary_control_20,tremble,D,B,0
C20,Control,Pretest,1,target,target_01,reconsider,B,B,1
C20,Control,Pretest,2,target,target_02,avoidable,D,D,1
C20,Control,Pretest,3,target,target_03,uncertain,A,A,1
C20,Control,Pretest,4,target,target_04,maintain,B,B,1
C20,Control,Pretest,5,target,target_05,settle,B,C,0
C20,Control,Pretest,6,target,target_06,misleading,C,A,0
C20,Control,Pretest,7,target,target_07,discourage,A,C,0
C20,Control,Pretest,8,target,target_08,retain,C,A,0
C20,Control,Pretest,9,target,target_09,overlook,A,D,0
C20,Control,Pretest,10,target,target_10,engage,D,C,0
C20,Control,Pretest,11,secondary,secondary_control_11,disappear,B,B,1
C20,Control,Pretest,12,secondary,secondary_control_12,restless,C,C,1
C20,Control,Pretest,13,secondary,secondary_control_13,uneven,D,D,1
C20,Control,Pretest,14,secondary,secondary_control_14,unwrap,C,C,1
C20,Control,Pretest,15,secondary,secondary_control_15,brighten,A,A,1
C20,Control,Pretest,16,secondary,secondary_control_16,colorless,A,D,0
C20,Control,Pretest,17,secondary,secondary_control_17,sharpen,C,B,0
C20,Control,Pretest,18,secondary,secondary_control_18,wander,C,C,1
C20,Control,Pretest,19,secondary,secondary_control_19,loosen,A,A,1
C20,Control,Pretest,20,secondary,secondary_control_20,tremble,B,B,1
C20,Control,Post-test,1,target,target_01,reconsider,B,B,1
C20,Control,Post-test,2,target,target_02,avoidable,D,D,1
C20,Control,Post-test,3,target,target_03,uncertain,A,A,1
C20,Control,Post-test,4,target,target_04,maintain,B,B,1
C20,Control,Post-test,5,target,target_05,settle,B,C,0
C20,Control,Post-test,6,target,target_06,misleading,D,A,0
C20,Control,Post-test,7,target,target_07,discourage,C,C,1
C20,Control,Post-test,8,target,target_08,retain,C,A,0
C20,Control,Post-test,9,target,target_09,overlook,A,D,0
C20,Control,Post-test,10,target,target_10,engage,D,C,0
C20,Control,Post-test,11,secondary,secondary_control_11,disappear,B,B,1
C20,Control,Post-test,12,secondary,secondary_control_12,restless,C,C,1
C20,Control,Post-test,13,secondary,secondary_control_13,uneven,D,D,1
C20,Control,Post-test,14,secondary,secondary_control_14,unwrap,C,C,1
C20,Control,Post-test,15,secondary,secondary_control_15,brighten,A,A,1
C20,Control,Post-test,16,secondary,secondary_control_16,colorless,D,D,1
C20,Control,Post-test,17,secondary,secondary_control_17,sharpen,D,B,0
C20,Control,Post-test,18,secondary,secondary_control_18,wander,C,C,1
C20,Control,Post-test,19,secondary,secondary_control_19,loosen,A,A,1
C20,Control,Post-test,20,secondary,secondary_control_20,tremble,B,B,1
C21,Control,Pretest,1,target,target_01,reconsider,D,B,0
C21,Control,Pretest,2,target,target_02,avoidable,A,D,0
C21,Control,Pretest,3,target,target_03,uncertain,C,A,0
C21,Control,Pretest,4,target,target_04,maintain,B,B,1
C21,Control,Pretest,5,target,target_05,settle,C,C,1
C21,Control,Pretest,6,target,target_06,misleading,C,A,0
C21,Control,Pretest,7,target,target_07,discourage,A,C,0
C21,Control,Pretest,8,target,target_08,retain,A,A,1
C21,Control,Pretest,9,target,target_09,overlook,A,D,0
C21,Control,Pretest,10,target,target_10,engage,C,C,1
C21,Control,Pretest,11,secondary,secondary_control_11,disappear,B,B,1
C21,Control,Pretest,12,secondary,secondary_control_12,restless,A,C,0
C21,Control,Pretest,13,secondary,secondary_control_13,uneven,D,D,1
C21,Control,Pretest,14,secondary,secondary_control_14,unwrap,C,C,1
C21,Control,Pretest,15,secondary,secondary_control_15,brighten,A,A,1
C21,Control,Pretest,16,secondary,secondary_control_16,colorless,D,D,1
C21,Control,Pretest,17,secondary,secondary_control_17,sharpen,B,B,1
C21,Control,Pretest,18,secondary,secondary_control_18,wander,C,C,1
C21,Control,Pretest,19,secondary,secondary_control_19,loosen,A,A,1
C21,Control,Pretest,20,secondary,secondary_control_20,tremble,D,B,0
C21,Control,Post-test,1,target,target_01,reconsider,B,B,1
C21,Control,Post-test,2,target,target_02,avoidable,A,D,0
C21,Control,Post-test,3,target,target_03,uncertain,A,A,1
C21,Control,Post-test,4,target,target_04,maintain,B,B,1
C21,Control,Post-test,5,target,target_05,settle,C,C,1
C21,Control,Post-test,6,target,target_06,misleading,C,A,0
C21,Control,Post-test,7,target,target_07,discourage,A,C,0
C21,Control,Post-test,8,target,target_08,retain,D,A,0
C21,Control,Post-test,9,target,target_09,overlook,A,D,0
C21,Control,Post-test,10,target,target_10,engage,C,C,1
C21,Control,Post-test,11,secondary,secondary_control_11,disappear,B,B,1
C21,Control,Post-test,12,secondary,secondary_control_12,restless,C,C,1
C21,Control,Post-test,13,secondary,secondary_control_13,uneven,D,D,1
C21,Control,Post-test,14,secondary,secondary_control_14,unwrap,C,C,1
C21,Control,Post-test,15,secondary,secondary_control_15,brighten,A,A,1
C21,Control,Post-test,16,secondary,secondary_control_16,colorless,B,D,0
C21,Control,Post-test,17,secondary,secondary_control_17,sharpen,B,B,1
C21,Control,Post-test,18,secondary,secondary_control_18,wander,C,C,1
C21,Control,Post-test,19,secondary,secondary_control_19,loosen,A,A,1
C21,Control,Post-test,20,secondary,secondary_control_20,tremble,A,B,0
C22,Control,Pretest,1,target,target_01,reconsider,B,B,1
C22,Control,Pretest,2,target,target_02,avoidable,D,D,1
C22,Control,Pretest,3,target,target_03,uncertain,A,A,1
C22,Control,Pretest,4,target,target_04,maintain,B,B,1
C22,Control,Pretest,5,target,target_05,settle,D,C,0
C22,Control,Pretest,6,target,target_06,misleading,B,A,0
C22,Control,Pretest,7,target,target_07,discourage,C,C,1
C22,Control,Pretest,8,target,target_08,retain,A,A,1
C22,Control,Pretest,9,target,target_09,overlook,A,D,0
C22,Control,Pretest,10,target,target_10,engage,C,C,1
C22,Control,Pretest,11,secondary,secondary_control_11,disappear,A,B,0
C22,Control,Pretest,12,secondary,secondary_control_12,restless,C,C,1
C22,Control,Pretest,13,secondary,secondary_control_13,uneven,D,D,1
C22,Control,Pretest,14,secondary,secondary_control_14,unwrap,B,C,0
C22,Control,Pretest,15,secondary,secondary_control_15,brighten,A,A,1
C22,Control,Pretest,16,secondary,secondary_control_16,colorless,D,D,1
C22,Control,Pretest,17,secondary,secondary_control_17,sharpen,B,B,1
C22,Control,Pretest,18,secondary,secondary_control_18,wander,B,C,0
C22,Control,Pretest,19,secondary,secondary_control_19,loosen,C,A,0
C22,Control,Pretest,20,secondary,secondary_control_20,tremble,D,B,0
C22,Control,Post-test,1,target,target_01,reconsider,B,B,1
C22,Control,Post-test,2,target,target_02,avoidable,D,D,1
C22,Control,Post-test,3,target,target_03,uncertain,A,A,1
C22,Control,Post-test,4,target,target_04,maintain,B,B,1
C22,Control,Post-test,5,target,target_05,settle,D,C,0
C22,Control,Post-test,6,target,target_06,misleading,B,A,0
C22,Control,Post-test,7,target,target_07,discourage,C,C,1
C22,Control,Post-test,8,target,target_08,retain,A,A,1
C22,Control,Post-test,9,target,target_09,overlook,A,D,0
C22,Control,Post-test,10,target,target_10,engage,C,C,1
C22,Control,Post-test,11,secondary,secondary_control_11,disappear,B,B,1
C22,Control,Post-test,12,secondary,secondary_control_12,restless,C,C,1
C22,Control,Post-test,13,secondary,secondary_control_13,uneven,D,D,1
C22,Control,Post-test,14,secondary,secondary_control_14,unwrap,B,C,0
C22,Control,Post-test,15,secondary,secondary_control_15,brighten,A,A,1
C22,Control,Post-test,16,secondary,secondary_control_16,colorless,D,D,1
C22,Control,Post-test,17,secondary,secondary_control_17,sharpen,B,B,1
C22,Control,Post-test,18,secondary,secondary_control_18,wander,C,C,1
C22,Control,Post-test,19,secondary,secondary_control_19,loosen,A,A,1
C22,Control,Post-test,20,secondary,secondary_control_20,tremble,B,B,1
C23,Control,Pretest,1,target,target_01,reconsider,C,B,0
C23,Control,Pretest,2,target,target_02,avoidable,C,D,0
C23,Control,Pretest,3,target,target_03,uncertain,A,A,1
C23,Control,Pretest,4,target,target_04,maintain,C,B,0
C23,Control,Pretest,5,target,target_05,settle,D,C,0
C23,Control,Pretest,6,target,target_06,misleading,A,A,1
C23,Control,Pretest,7,target,target_07,discourage,A,C,0
C23,Control,Pretest,8,target,target_08,retain,A,A,1
C23,Control,Pretest,9,target,target_09,overlook,A,D,0
C23,Control,Pretest,10,target,target_10,engage,D,C,0
C23,Control,Pretest,11,secondary,secondary_control_11,disappear,B,B,1
C23,Control,Pretest,12,secondary,secondary_control_12,restless,D,C,0
C23,Control,Pretest,13,secondary,secondary_control_13,uneven,C,D,0
C23,Control,Pretest,14,secondary,secondary_control_14,unwrap,C,C,1
C23,Control,Pretest,15,secondary,secondary_control_15,brighten,D,A,0
C23,Control,Pretest,16,secondary,secondary_control_16,colorless,D,D,1
C23,Control,Pretest,17,secondary,secondary_control_17,sharpen,A,B,0
C23,Control,Pretest,18,secondary,secondary_control_18,wander,C,C,1
C23,Control,Pretest,19,secondary,secondary_control_19,loosen,A,A,1
C23,Control,Pretest,20,secondary,secondary_control_20,tremble,D,B,0
C23,Control,Post-test,1,target,target_01,reconsider,C,B,0
C23,Control,Post-test,2,target,target_02,avoidable,C,D,0
C23,Control,Post-test,3,target,target_03,uncertain,A,A,1
C23,Control,Post-test,4,target,target_04,maintain,B,B,1
C23,Control,Post-test,5,target,target_05,settle,A,C,0
C23,Control,Post-test,6,target,target_06,misleading,A,A,1
C23,Control,Post-test,7,target,target_07,discourage,D,C,0
C23,Control,Post-test,8,target,target_08,retain,A,A,1
C23,Control,Post-test,9,target,target_09,overlook,D,D,1
C23,Control,Post-test,10,target,target_10,engage,D,C,0
C23,Control,Post-test,11,secondary,secondary_control_11,disappear,B,B,1
C23,Control,Post-test,12,secondary,secondary_control_12,restless,D,C,0
C23,Control,Post-test,13,secondary,secondary_control_13,uneven,C,D,0
C23,Control,Post-test,14,secondary,secondary_control_14,unwrap,C,C,1
C23,Control,Post-test,15,secondary,secondary_control_15,brighten,D,A,0
C23,Control,Post-test,16,secondary,secondary_control_16,colorless,D,D,1
C23,Control,Post-test,17,secondary,secondary_control_17,sharpen,B,B,1
C23,Control,Post-test,18,secondary,secondary_control_18,wander,C,C,1
C23,Control,Post-test,19,secondary,secondary_control_19,loosen,A,A,1
C23,Control,Post-test,20,secondary,secondary_control_20,tremble,A,B,0
C24,Control,Pretest,1,target,target_01,reconsider,B,B,1
C24,Control,Pretest,2,target,target_02,avoidable,B,D,0
C24,Control,Pretest,3,target,target_03,uncertain,A,A,1
C24,Control,Pretest,4,target,target_04,maintain,D,B,0
C24,Control,Pretest,5,target,target_05,settle,D,C,0
C24,Control,Pretest,6,target,target_06,misleading,D,A,0
C24,Control,Pretest,7,target,target_07,discourage,C,C,1
C24,Control,Pretest,8,target,target_08,retain,D,A,0
C24,Control,Pretest,9,target,target_09,overlook,D,D,1
C24,Control,Pretest,10,target,target_10,engage,D,C,0
C24,Control,Pretest,11,secondary,secondary_control_11,disappear,B,B,1
C24,Control,Pretest,12,secondary,secondary_control_12,restless,C,C,1
C24,Control,Pretest,13,secondary,secondary_control_13,uneven,B,D,0
C24,Control,Pretest,14,secondary,secondary_control_14,unwrap,C,C,1
C24,Control,Pretest,15,secondary,secondary_control_15,brighten,C,A,0
C24,Control,Pretest,16,secondary,secondary_control_16,colorless,D,D,1
C24,Control,Pretest,17,secondary,secondary_control_17,sharpen,D,B,0
C24,Control,Pretest,18,secondary,secondary_control_18,wander,A,C,0
C24,Control,Pretest,19,secondary,secondary_control_19,loosen,A,A,1
C24,Control,Pretest,20,secondary,secondary_control_20,tremble,C,B,0
C24,Control,Post-test,1,target,target_01,reconsider,B,B,1
C24,Control,Post-test,2,target,target_02,avoidable,B,D,0
C24,Control,Post-test,3,target,target_03,uncertain,A,A,1
C24,Control,Post-test,4,target,target_04,maintain,D,B,0
C24,Control,Post-test,5,target,target_05,settle,C,C,1
C24,Control,Post-test,6,target,target_06,misleading,A,A,1
C24,Control,Post-test,7,target,target_07,discourage,C,C,1
C24,Control,Post-test,8,target,target_08,retain,B,A,0
C24,Control,Post-test,9,target,target_09,overlook,D,D,1
C24,Control,Post-test,10,target,target_10,engage,D,C,0
C24,Control,Post-test,11,secondary,secondary_control_11,disappear,B,B,1
C24,Control,Post-test,12,secondary,secondary_control_12,restless,D,C,0
C24,Control,Post-test,13,secondary,secondary_control_13,uneven,D,D,1
C24,Control,Post-test,14,secondary,secondary_control_14,unwrap,C,C,1
C24,Control,Post-test,15,secondary,secondary_control_15,brighten,A,A,1
C24,Control,Post-test,16,secondary,secondary_control_16,colorless,D,D,1
C24,Control,Post-test,17,secondary,secondary_control_17,sharpen,A,B,0
C24,Control,Post-test,18,secondary,secondary_control_18,wander,C,C,1
C24,Control,Post-test,19,secondary,secondary_control_19,loosen,A,A,1
C24,Control,Post-test,20,secondary,secondary_control_20,tremble,D,B,0
C25,Control,Pretest,1,target,target_01,reconsider,D,B,0
C25,Control,Pretest,2,target,target_02,avoidable,B,D,0
C25,Control,Pretest,3,target,target_03,uncertain,A,A,1
C25,Control,Pretest,4,target,target_04,maintain,A,B,0
C25,Control,Pretest,5,target,target_05,settle,C,C,1
C25,Control,Pretest,6,target,target_06,misleading,A,A,1
C25,Control,Pretest,7,target,target_07,discourage,B,C,0
C25,Control,Pretest,8,target,target_08,retain,D,A,0
C25,Control,Pretest,9,target,target_09,overlook,A,D,0
C25,Control,Pretest,10,target,target_10,engage,B,C,0
C25,Control,Pretest,11,secondary,secondary_control_11,disappear,B,B,1
C25,Control,Pretest,12,secondary,secondary_control_12,restless,C,C,1
C25,Control,Pretest,13,secondary,secondary_control_13,uneven,A,D,0
C25,Control,Pretest,14,secondary,secondary_control_14,unwrap,C,C,1
C25,Control,Pretest,15,secondary,secondary_control_15,brighten,B,A,0
C25,Control,Pretest,16,secondary,secondary_control_16,colorless,A,D,0
C25,Control,Pretest,17,secondary,secondary_control_17,sharpen,B,B,1
C25,Control,Pretest,18,secondary,secondary_control_18,wander,A,C,0
C25,Control,Pretest,19,secondary,secondary_control_19,loosen,D,A,0
C25,Control,Pretest,20,secondary,secondary_control_20,tremble,B,B,1
C25,Control,Post-test,1,target,target_01,reconsider,D,B,0
C25,Control,Post-test,2,target,target_02,avoidable,B,D,0
C25,Control,Post-test,3,target,target_03,uncertain,A,A,1
C25,Control,Post-test,4,target,target_04,maintain,C,B,0
C25,Control,Post-test,5,target,target_05,settle,C,C,1
C25,Control,Post-test,6,target,target_06,misleading,A,A,1
C25,Control,Post-test,7,target,target_07,discourage,B,C,0
C25,Control,Post-test,8,target,target_08,retain,D,A,0
C25,Control,Post-test,9,target,target_09,overlook,A,D,0
C25,Control,Post-test,10,target,target_10,engage,C,C,1
C25,Control,Post-test,11,secondary,secondary_control_11,disappear,B,B,1
C25,Control,Post-test,12,secondary,secondary_control_12,restless,C,C,1
C25,Control,Post-test,13,secondary,secondary_control_13,uneven,D,D,1
C25,Control,Post-test,14,secondary,secondary_control_14,unwrap,C,C,1
C25,Control,Post-test,15,secondary,secondary_control_15,brighten,A,A,1
C25,Control,Post-test,16,secondary,secondary_control_16,colorless,A,D,0
C25,Control,Post-test,17,secondary,secondary_control_17,sharpen,B,B,1
C25,Control,Post-test,18,secondary,secondary_control_18,wander,C,C,1
C25,Control,Post-test,19,secondary,secondary_control_19,loosen,A,A,1
C25,Control,Post-test,20,secondary,secondary_control_20,tremble,B,B,1
C26,Control,Pretest,1,target,target_01,reconsider,A,B,0
C26,Control,Pretest,2,target,target_02,avoidable,B,D,0
C26,Control,Pretest,3,target,target_03,uncertain,A,A,1
C26,Control,Pretest,4,target,target_04,maintain,B,B,1
C26,Control,Pretest,5,target,target_05,settle,C,C,1
C26,Control,Pretest,6,target,target_06,misleading,C,A,0
C26,Control,Pretest,7,target,target_07,discourage,C,C,1
C26,Control,Pretest,8,target,target_08,retain,D,A,0
C26,Control,Pretest,9,target,target_09,overlook,A,D,0
C26,Control,Pretest,10,target,target_10,engage,C,C,1
C26,Control,Pretest,11,secondary,secondary_control_11,disappear,B,B,1
C26,Control,Pretest,12,secondary,secondary_control_12,restless,D,C,0
C26,Control,Pretest,13,secondary,secondary_control_13,uneven,D,D,1
C26,Control,Pretest,14,secondary,secondary_control_14,unwrap,C,C,1
C26,Control,Pretest,15,secondary,secondary_control_15,brighten,C,A,0
C26,Control,Pretest,16,secondary,secondary_control_16,colorless,D,D,1
C26,Control,Pretest,17,secondary,secondary_control_17,sharpen,B,B,1
C26,Control,Pretest,18,secondary,secondary_control_18,wander,B,C,0
C26,Control,Pretest,19,secondary,secondary_control_19,loosen,A,A,1
C26,Control,Pretest,20,secondary,secondary_control_20,tremble,C,B,0
C26,Control,Post-test,1,target,target_01,reconsider,A,B,0
C26,Control,Post-test,2,target,target_02,avoidable,A,D,0
C26,Control,Post-test,3,target,target_03,uncertain,A,A,1
C26,Control,Post-test,4,target,target_04,maintain,B,B,1
C26,Control,Post-test,5,target,target_05,settle,C,C,1
C26,Control,Post-test,6,target,target_06,misleading,D,A,0
C26,Control,Post-test,7,target,target_07,discourage,D,C,0
C26,Control,Post-test,8,target,target_08,retain,D,A,0
C26,Control,Post-test,9,target,target_09,overlook,D,D,1
C26,Control,Post-test,10,target,target_10,engage,C,C,1
C26,Control,Post-test,11,secondary,secondary_control_11,disappear,B,B,1
C26,Control,Post-test,12,secondary,secondary_control_12,restless,C,C,1
C26,Control,Post-test,13,secondary,secondary_control_13,uneven,D,D,1
C26,Control,Post-test,14,secondary,secondary_control_14,unwrap,C,C,1
C26,Control,Post-test,15,secondary,secondary_control_15,brighten,B,A,0
C26,Control,Post-test,16,secondary,secondary_control_16,colorless,D,D,1
C26,Control,Post-test,17,secondary,secondary_control_17,sharpen,B,B,1
C26,Control,Post-test,18,secondary,secondary_control_18,wander,A,C,0
C26,Control,Post-test,19,secondary,secondary_control_19,loosen,A,A,1
C26,Control,Post-test,20,secondary,secondary_control_20,tremble,B,B,1
C27,Control,Pretest,1,target,target_01,reconsider,D,B,0
C27,Control,Pretest,2,target,target_02,avoidable,D,D,1
C27,Control,Pretest,3,target,target_03,uncertain,A,A,1
C27,Control,Pretest,4,target,target_04,maintain,D,B,0
C27,Control,Pretest,5,target,target_05,settle,B,C,0
C27,Control,Pretest,6,target,target_06,misleading,D,A,0
C27,Control,Pretest,7,target,target_07,discourage,A,C,0
C27,Control,Pretest,8,target,target_08,retain,B,A,0
C27,Control,Pretest,9,target,target_09,overlook,B,D,0
C27,Control,Pretest,10,target,target_10,engage,C,C,1
C27,Control,Pretest,11,secondary,secondary_control_11,disappear,B,B,1
C27,Control,Pretest,12,secondary,secondary_control_12,restless,B,C,0
C27,Control,Pretest,13,secondary,secondary_control_13,uneven,D,D,1
C27,Control,Pretest,14,secondary,secondary_control_14,unwrap,C,C,1
C27,Control,Pretest,15,secondary,secondary_control_15,brighten,A,A,1
C27,Control,Pretest,16,secondary,secondary_control_16,colorless,D,D,1
C27,Control,Pretest,17,secondary,secondary_control_17,sharpen,D,B,0
C27,Control,Pretest,18,secondary,secondary_control_18,wander,C,C,1
C27,Control,Pretest,19,secondary,secondary_control_19,loosen,B,A,0
C27,Control,Pretest,20,secondary,secondary_control_20,tremble,B,B,1
C27,Control,Post-test,1,target,target_01,reconsider,B,B,1
C27,Control,Post-test,2,target,target_02,avoidable,D,D,1
C27,Control,Post-test,3,target,target_03,uncertain,A,A,1
C27,Control,Post-test,4,target,target_04,maintain,B,B,1
C27,Control,Post-test,5,target,target_05,settle,D,C,0
C27,Control,Post-test,6,target,target_06,misleading,A,A,1
C27,Control,Post-test,7,target,target_07,discourage,D,C,0
C27,Control,Post-test,8,target,target_08,retain,B,A,0
C27,Control,Post-test,9,target,target_09,overlook,B,D,0
C27,Control,Post-test,10,target,target_10,engage,C,C,1
C27,Control,Post-test,11,secondary,secondary_control_11,disappear,B,B,1
C27,Control,Post-test,12,secondary,secondary_control_12,restless,C,C,1
C27,Control,Post-test,13,secondary,secondary_control_13,uneven,D,D,1
C27,Control,Post-test,14,secondary,secondary_control_14,unwrap,C,C,1
C27,Control,Post-test,15,secondary,secondary_control_15,brighten,A,A,1
C27,Control,Post-test,16,secondary,secondary_control_16,colorless,D,D,1
C27,Control,Post-test,17,secondary,secondary_control_17,sharpen,C,B,0
C27,Control,Post-test,18,secondary,secondary_control_18,wander,B,C,0
C27,Control,Post-test,19,secondary,secondary_control_19,loosen,D,A,0
C27,Control,Post-test,20,secondary,secondary_control_20,tremble,A,B,0
C28,Control,Pretest,1,target,target_01,reconsider,D,B,0
C28,Control,Pretest,2,target,target_02,avoidable,D,D,1
C28,Control,Pretest,3,target,target_03,uncertain,C,A,0
C28,Control,Pretest,4,target,target_04,maintain,C,B,0
C28,Control,Pretest,5,target,target_05,settle,D,C,0
C28,Control,Pretest,6,target,target_06,misleading,B,A,0
C28,Control,Pretest,7,target,target_07,discourage,B,C,0
C28,Control,Pretest,8,target,target_08,retain,D,A,0
C28,Control,Pretest,9,target,target_09,overlook,B,D,0
C28,Control,Pretest,10,target,target_10,engage,D,C,0
C28,Control,Pretest,11,secondary,secondary_control_11,disappear,B,B,1
C28,Control,Pretest,12,secondary,secondary_control_12,restless,A,C,0
C28,Control,Pretest,13,secondary,secondary_control_13,uneven,B,D,0
C28,Control,Pretest,14,secondary,secondary_control_14,unwrap,C,C,1
C28,Control,Pretest,15,secondary,secondary_control_15,brighten,A,A,1
C28,Control,Pretest,16,secondary,secondary_control_16,colorless,A,D,0
C28,Control,Pretest,17,secondary,secondary_control_17,sharpen,B,B,1
C28,Control,Pretest,18,secondary,secondary_control_18,wander,A,C,0
C28,Control,Pretest,19,secondary,secondary_control_19,loosen,A,A,1
C28,Control,Pretest,20,secondary,secondary_control_20,tremble,B,B,1
C28,Control,Post-test,1,target,target_01,reconsider,B,B,1
C28,Control,Post-test,2,target,target_02,avoidable,D,D,1
C28,Control,Post-test,3,target,target_03,uncertain,D,A,0
C28,Control,Post-test,4,target,target_04,maintain,D,B,0
C28,Control,Post-test,5,target,target_05,settle,D,C,0
C28,Control,Post-test,6,target,target_06,misleading,A,A,1
C28,Control,Post-test,7,target,target_07,discourage,B,C,0
C28,Control,Post-test,8,target,target_08,retain,A,A,1
C28,Control,Post-test,9,target,target_09,overlook,D,D,1
C28,Control,Post-test,10,target,target_10,engage,C,C,1
C28,Control,Post-test,11,secondary,secondary_control_11,disappear,B,B,1
C28,Control,Post-test,12,secondary,secondary_control_12,restless,C,C,1
C28,Control,Post-test,13,secondary,secondary_control_13,uneven,D,D,1
C28,Control,Post-test,14,secondary,secondary_control_14,unwrap,C,C,1
C28,Control,Post-test,15,secondary,secondary_control_15,brighten,A,A,1
C28,Control,Post-test,16,secondary,secondary_control_16,colorless,A,D,0
C28,Control,Post-test,17,secondary,secondary_control_17,sharpen,B,B,1
C28,Control,Post-test,18,secondary,secondary_control_18,wander,A,C,0
C28,Control,Post-test,19,secondary,secondary_control_19,loosen,A,A,1
C28,Control,Post-test,20,secondary,secondary_control_20,tremble,B,B,1
C29,Control,Pretest,1,target,target_01,reconsider,B,B,1
C29,Control,Pretest,2,target,target_02,avoidable,D,D,1
C29,Control,Pretest,3,target,target_03,uncertain,A,A,1
C29,Control,Pretest,4,target,target_04,maintain,B,B,1
C29,Control,Pretest,5,target,target_05,settle,C,C,1
C29,Control,Pretest,6,target,target_06,misleading,A,A,1
C29,Control,Pretest,7,target,target_07,discourage,C,C,1
C29,Control,Pretest,8,target,target_08,retain,D,A,0
C29,Control,Pretest,9,target,target_09,overlook,A,D,0
C29,Control,Pretest,10,target,target_10,engage,C,C,1
C29,Control,Pretest,11,secondary,secondary_control_11,disappear,B,B,1
C29,Control,Pretest,12,secondary,secondary_control_12,restless,C,C,1
C29,Control,Pretest,13,secondary,secondary_control_13,uneven,D,D,1
C29,Control,Pretest,14,secondary,secondary_control_14,unwrap,C,C,1
C29,Control,Pretest,15,secondary,secondary_control_15,brighten,A,A,1
C29,Control,Pretest,16,secondary,secondary_control_16,colorless,D,D,1
C29,Control,Pretest,17,secondary,secondary_control_17,sharpen,B,B,1
C29,Control,Pretest,18,secondary,secondary_control_18,wander,D,C,0
C29,Control,Pretest,19,secondary,secondary_control_19,loosen,B,A,0
C29,Control,Pretest,20,secondary,secondary_control_20,tremble,D,B,0
C29,Control,Post-test,1,target,target_01,reconsider,B,B,1
C29,Control,Post-test,2,target,target_02,avoidable,D,D,1
C29,Control,Post-test,3,target,target_03,uncertain,B,A,0
C29,Control,Post-test,4,target,target_04,maintain,B,B,1
C29,Control,Post-test,5,target,target_05,settle,C,C,1
C29,Control,Post-test,6,target,target_06,misleading,A,A,1
C29,Control,Post-test,7,target,target_07,discourage,C,C,1
C29,Control,Post-test,8,target,target_08,retain,A,A,1
C29,Control,Post-test,9,target,target_09,overlook,A,D,0
C29,Control,Post-test,10,target,target_10,engage,C,C,1
C29,Control,Post-test,11,secondary,secondary_control_11,disappear,B,B,1
C29,Control,Post-test,12,secondary,secondary_control_12,restless,C,C,1
C29,Control,Post-test,13,secondary,secondary_control_13,uneven,D,D,1
C29,Control,Post-test,14,secondary,secondary_control_14,unwrap,C,C,1
C29,Control,Post-test,15,secondary,secondary_control_15,brighten,A,A,1
C29,Control,Post-test,16,secondary,secondary_control_16,colorless,D,D,1
C29,Control,Post-test,17,secondary,secondary_control_17,sharpen,B,B,1
C29,Control,Post-test,18,secondary,secondary_control_18,wander,C,C,1
C29,Control,Post-test,19,secondary,secondary_control_19,loosen,A,A,1
C29,Control,Post-test,20,secondary,secondary_control_20,tremble,B,B,1
C30,Control,Pretest,1,target,target_01,reconsider,D,B,0
C30,Control,Pretest,2,target,target_02,avoidable,A,D,0
C30,Control,Pretest,3,target,target_03,uncertain,A,A,1
C30,Control,Pretest,4,target,target_04,maintain,C,B,0
C30,Control,Pretest,5,target,target_05,settle,C,C,1
C30,Control,Pretest,6,target,target_06,misleading,C,A,0
C30,Control,Pretest,7,target,target_07,discourage,A,C,0
C30,Control,Pretest,8,target,target_08,retain,D,A,0
C30,Control,Pretest,9,target,target_09,overlook,A,D,0
C30,Control,Pretest,10,target,target_10,engage,D,C,0
C30,Control,Pretest,11,secondary,secondary_control_11,disappear,B,B,1
C30,Control,Pretest,12,secondary,secondary_control_12,restless,B,C,0
C30,Control,Pretest,13,secondary,secondary_control_13,uneven,D,D,1
C30,Control,Pretest,14,secondary,secondary_control_14,unwrap,C,C,1
C30,Control,Pretest,15,secondary,secondary_control_15,brighten,A,A,1
C30,Control,Pretest,16,secondary,secondary_control_16,colorless,D,D,1
C30,Control,Pretest,17,secondary,secondary_control_17,sharpen,D,B,0
C30,Control,Pretest,18,secondary,secondary_control_18,wander,B,C,0
C30,Control,Pretest,19,secondary,secondary_control_19,loosen,C,A,0
C30,Control,Pretest,20,secondary,secondary_control_20,tremble,D,B,0
C30,Control,Post-test,1,target,target_01,reconsider,D,B,0
C30,Control,Post-test,2,target,target_02,avoidable,B,D,0
C30,Control,Post-test,3,target,target_03,uncertain,A,A,1
C30,Control,Post-test,4,target,target_04,maintain,B,B,1
C30,Control,Post-test,5,target,target_05,settle,C,C,1
C30,Control,Post-test,6,target,target_06,misleading,A,A,1
C30,Control,Post-test,7,target,target_07,discourage,C,C,1
C30,Control,Post-test,8,target,target_08,retain,B,A,0
C30,Control,Post-test,9,target,target_09,overlook,C,D,0
C30,Control,Post-test,10,target,target_10,engage,D,C,0
C30,Control,Post-test,11,secondary,secondary_control_11,disappear,B,B,1
C30,Control,Post-test,12,secondary,secondary_control_12,restless,C,C,1
C30,Control,Post-test,13,secondary,secondary_control_13,uneven,D,D,1
C30,Control,Post-test,14,secondary,secondary_control_14,unwrap,C,C,1
C30,Control,Post-test,15,secondary,secondary_control_15,brighten,A,A,1
C30,Control,Post-test,16,secondary,secondary_control_16,colorless,D,D,1
C30,Control,Post-test,17,secondary,secondary_control_17,sharpen,C,B,0
C30,Control,Post-test,18,secondary,secondary_control_18,wander,C,C,1
C30,Control,Post-test,19,secondary,secondary_control_19,loosen,A,A,1
C30,Control,Post-test,20,secondary,secondary_control_20,tremble,D,B,0
G01,Grounding,Pretest,1,target,target_01,reconsider,B,B,1
G01,Grounding,Pretest,2,target,target_02,avoidable,A,D,0
G01,Grounding,Pretest,3,target,target_03,uncertain,A,A,1
G01,Grounding,Pretest,4,target,target_04,maintain,C,B,0
G01,Grounding,Pretest,5,target,target_05,settle,C,C,1
G01,Grounding,Pretest,6,target,target_06,misleading,D,A,0
G01,Grounding,Pretest,7,target,target_07,discourage,D,C,0
G01,Grounding,Pretest,8,target,target_08,retain,A,A,1
G01,Grounding,Pretest,9,target,target_09,overlook,A,D,0
G01,Grounding,Pretest,10,target,target_10,engage,D,C,0
G01,Grounding,Pretest,11,secondary,secondary_grounding_11,rethink,D,D,1
G01,Grounding,Pretest,12,secondary,secondary_grounding_12,unavoidable,C,C,1
G01,Grounding,Pretest,13,secondary,secondary_grounding_13,definite,B,A,0
G01,Grounding,Pretest,14,secondary,secondary_grounding_14,preserve,B,B,1
G01,Grounding,Pretest,15,secondary,secondary_grounding_15,dispute,C,C,1
G01,Grounding,Pretest,16,secondary,secondary_grounding_16,mislead,B,B,1
G01,Grounding,Pretest,17,secondary,secondary_grounding_17,encourage,A,A,1
G01,Grounding,Pretest,18,secondary,secondary_grounding_18,memory,D,D,1
G01,Grounding,Pretest,19,secondary,secondary_grounding_19,face,B,A,0
G01,Grounding,Pretest,20,secondary,secondary_grounding_20,withdraw,D,B,0
G01,Grounding,Post-test,1,target,target_01,reconsider,B,B,1
G01,Grounding,Post-test,2,target,target_02,avoidable,D,D,1
G01,Grounding,Post-test,3,target,target_03,uncertain,A,A,1
G01,Grounding,Post-test,4,target,target_04,maintain,D,B,0
G01,Grounding,Post-test,5,target,target_05,settle,C,C,1
G01,Grounding,Post-test,6,target,target_06,misleading,A,A,1
G01,Grounding,Post-test,7,target,target_07,discourage,C,C,1
G01,Grounding,Post-test,8,target,target_08,retain,A,A,1
G01,Grounding,Post-test,9,target,target_09,overlook,D,D,1
G01,Grounding,Post-test,10,target,target_10,engage,C,C,1
G01,Grounding,Post-test,11,secondary,secondary_grounding_11,rethink,D,D,1
G01,Grounding,Post-test,12,secondary,secondary_grounding_12,unavoidable,C,C,1
G01,Grounding,Post-test,13,secondary,secondary_grounding_13,definite,B,A,0
G01,Grounding,Post-test,14,secondary,secondary_grounding_14,preserve,B,B,1
G01,Grounding,Post-test,15,secondary,secondary_grounding_15,dispute,C,C,1
G01,Grounding,Post-test,16,secondary,secondary_grounding_16,mislead,B,B,1
G01,Grounding,Post-test,17,secondary,secondary_grounding_17,encourage,A,A,1
G01,Grounding,Post-test,18,secondary,secondary_grounding_18,memory,D,D,1
G01,Grounding,Post-test,19,secondary,secondary_grounding_19,face,B,A,0
G01,Grounding,Post-test,20,secondary,secondary_grounding_20,withdraw,D,B,0
G02,Grounding,Pretest,1,target,target_01,reconsider,B,B,1
G02,Grounding,Pretest,2,target,target_02,avoidable,D,D,1
G02,Grounding,Pretest,3,target,target_03,uncertain,A,A,1
G02,Grounding,Pretest,4,target,target_04,maintain,B,B,1
G02,Grounding,Pretest,5,target,target_05,settle,C,C,1
G02,Grounding,Pretest,6,target,target_06,misleading,B,A,0
G02,Grounding,Pretest,7,target,target_07,discourage,C,C,1
G02,Grounding,Pretest,8,target,target_08,retain,D,A,0
G02,Grounding,Pretest,9,target,target_09,overlook,A,D,0
G02,Grounding,Pretest,10,target,target_10,engage,D,C,0
G02,Grounding,Pretest,11,secondary,secondary_grounding_11,rethink,D,D,1
G02,Grounding,Pretest,12,secondary,secondary_grounding_12,unavoidable,C,C,1
G02,Grounding,Pretest,13,secondary,secondary_grounding_13,definite,D,A,0
G02,Grounding,Pretest,14,secondary,secondary_grounding_14,preserve,A,B,0
G02,Grounding,Pretest,15,secondary,secondary_grounding_15,dispute,A,C,0
G02,Grounding,Pretest,16,secondary,secondary_grounding_16,mislead,D,B,0
G02,Grounding,Pretest,17,secondary,secondary_grounding_17,encourage,A,A,1
G02,Grounding,Pretest,18,secondary,secondary_grounding_18,memory,D,D,1
G02,Grounding,Pretest,19,secondary,secondary_grounding_19,face,C,A,0
G02,Grounding,Pretest,20,secondary,secondary_grounding_20,withdraw,B,B,1
G02,Grounding,Post-test,1,target,target_01,reconsider,B,B,1
G02,Grounding,Post-test,2,target,target_02,avoidable,D,D,1
G02,Grounding,Post-test,3,target,target_03,uncertain,A,A,1
G02,Grounding,Post-test,4,target,target_04,maintain,B,B,1
G02,Grounding,Post-test,5,target,target_05,settle,C,C,1
G02,Grounding,Post-test,6,target,target_06,misleading,A,A,1
G02,Grounding,Post-test,7,target,target_07,discourage,C,C,1
G02,Grounding,Post-test,8,target,target_08,retain,A,A,1
G02,Grounding,Post-test,9,target,target_09,overlook,D,D,1
G02,Grounding,Post-test,10,target,target_10,engage,C,C,1
G02,Grounding,Post-test,11,secondary,secondary_grounding_11,rethink,A,D,0
G02,Grounding,Post-test,12,secondary,secondary_grounding_12,unavoidable,C,C,1
G02,Grounding,Post-test,13,secondary,secondary_grounding_13,definite,A,A,1
G02,Grounding,Post-test,14,secondary,secondary_grounding_14,preserve,B,B,1
G02,Grounding,Post-test,15,secondary,secondary_grounding_15,dispute,B,C,0
G02,Grounding,Post-test,16,secondary,secondary_grounding_16,mislead,B,B,1
G02,Grounding,Post-test,17,secondary,secondary_grounding_17,encourage,A,A,1
G02,Grounding,Post-test,18,secondary,secondary_grounding_18,memory,D,D,1
G02,Grounding,Post-test,19,secondary,secondary_grounding_19,face,A,A,1
G02,Grounding,Post-test,20,secondary,secondary_grounding_20,withdraw,B,B,1
G03,Grounding,Pretest,1,target,target_01,reconsider,A,B,0
G03,Grounding,Pretest,2,target,target_02,avoidable,B,D,0
G03,Grounding,Pretest,3,target,target_03,uncertain,D,A,0
G03,Grounding,Pretest,4,target,target_04,maintain,D,B,0
G03,Grounding,Pretest,5,target,target_05,settle,D,C,0
G03,Grounding,Pretest,6,target,target_06,misleading,C,A,0
G03,Grounding,Pretest,7,target,target_07,discourage,A,C,0
G03,Grounding,Pretest,8,target,target_08,retain,D,A,0
G03,Grounding,Pretest,9,target,target_09,overlook,A,D,0
G03,Grounding,Pretest,10,target,target_10,engage,C,C,1
G03,Grounding,Pretest,11,secondary,secondary_grounding_11,rethink,A,D,0
G03,Grounding,Pretest,12,secondary,secondary_grounding_12,unavoidable,C,C,1
G03,Grounding,Pretest,13,secondary,secondary_grounding_13,definite,B,A,0
G03,Grounding,Pretest,14,secondary,secondary_grounding_14,preserve,C,B,0
G03,Grounding,Pretest,15,secondary,secondary_grounding_15,dispute,D,C,0
G03,Grounding,Pretest,16,secondary,secondary_grounding_16,mislead,C,B,0
G03,Grounding,Pretest,17,secondary,secondary_grounding_17,encourage,B,A,0
G03,Grounding,Pretest,18,secondary,secondary_grounding_18,memory,A,D,0
G03,Grounding,Pretest,19,secondary,secondary_grounding_19,face,B,A,0
G03,Grounding,Pretest,20,secondary,secondary_grounding_20,withdraw,A,B,0
G03,Grounding,Post-test,1,target,target_01,reconsider,B,B,1
G03,Grounding,Post-test,2,target,target_02,avoidable,D,D,1
G03,Grounding,Post-test,3,target,target_03,uncertain,A,A,1
G03,Grounding,Post-test,4,target,target_04,maintain,B,B,1
G03,Grounding,Post-test,5,target,target_05,settle,C,C,1
G03,Grounding,Post-test,6,target,target_06,misleading,C,A,0
G03,Grounding,Post-test,7,target,target_07,discourage,C,C,1
G03,Grounding,Post-test,8,target,target_08,retain,A,A,1
G03,Grounding,Post-test,9,target,target_09,overlook,A,D,0
G03,Grounding,Post-test,10,target,target_10,engage,C,C,1
G03,Grounding,Post-test,11,secondary,secondary_grounding_11,rethink,A,D,0
G03,Grounding,Post-test,12,secondary,secondary_grounding_12,unavoidable,C,C,1
G03,Grounding,Post-test,13,secondary,secondary_grounding_13,definite,B,A,0
G03,Grounding,Post-test,14,secondary,secondary_grounding_14,preserve,B,B,1
G03,Grounding,Post-test,15,secondary,secondary_grounding_15,dispute,D,C,0
G03,Grounding,Post-test,16,secondary,secondary_grounding_16,mislead,B,B,1
G03,Grounding,Post-test,17,secondary,secondary_grounding_17,encourage,B,A,0
G03,Grounding,Post-test,18,secondary,secondary_grounding_18,memory,A,D,0
G03,Grounding,Post-test,19,secondary,secondary_grounding_19,face,D,A,0
G03,Grounding,Post-test,20,secondary,secondary_grounding_20,withdraw,C,B,0
G04,Grounding,Pretest,1,target,target_01,reconsider,D,B,0
G04,Grounding,Pretest,2,target,target_02,avoidable,D,D,1
G04,Grounding,Pretest,3,target,target_03,uncertain,A,A,1
G04,Grounding,Pretest,4,target,target_04,maintain,A,B,0
G04,Grounding,Pretest,5,target,target_05,settle,C,C,1
G04,Grounding,Pretest,6,target,target_06,misleading,C,A,0
G04,Grounding,Pretest,7,target,target_07,discourage,B,C,0
G04,Grounding,Pretest,8,target,target_08,retain,B,A,0
G04,Grounding,Pretest,9,target,target_09,overlook,A,D,0
G04,Grounding,Pretest,10,target,target_10,engage,D,C,0
G04,Grounding,Pretest,11,secondary,secondary_grounding_11,rethink,D,D,1
G04,Grounding,Pretest,12,secondary,secondary_grounding_12,unavoidable,C,C,1
G04,Grounding,Pretest,13,secondary,secondary_grounding_13,definite,C,A,0
G04,Grounding,Pretest,14,secondary,secondary_grounding_14,preserve,D,B,0
G04,Grounding,Pretest,15,secondary,secondary_grounding_15,dispute,C,C,1
G04,Grounding,Pretest,16,secondary,secondary_grounding_16,mislead,C,B,0
G04,Grounding,Pretest,17,secondary,secondary_grounding_17,encourage,B,A,0
G04,Grounding,Pretest,18,secondary,secondary_grounding_18,memory,D,D,1
G04,Grounding,Pretest,19,secondary,secondary_grounding_19,face,C,A,0
G04,Grounding,Pretest,20,secondary,secondary_grounding_20,withdraw,A,B,0
G04,Grounding,Post-test,1,target,target_01,reconsider,B,B,1
G04,Grounding,Post-test,2,target,target_02,avoidable,D,D,1
G04,Grounding,Post-test,3,target,target_03,uncertain,A,A,1
G04,Grounding,Post-test,4,target,target_04,maintain,C,B,0
G04,Grounding,Post-test,5,target,target_05,settle,C,C,1
G04,Grounding,Post-test,6,target,target_06,misleading,D,A,0
G04,Grounding,Post-test,7,target,target_07,discourage,C,C,1
G04,Grounding,Post-test,8,target,target_08,retain,A,A,1
G04,Grounding,Post-test,9,target,target_09,overlook,D,D,1
G04,Grounding,Post-test,10,target,target_10,engage,C,C,1
G04,Grounding,Post-test,11,secondary,secondary_grounding_11,rethink,D,D,1
G04,Grounding,Post-test,12,secondary,secondary_grounding_12,unavoidable,C,C,1
G04,Grounding,Post-test,13,secondary,secondary_grounding_13,definite,C,A,0
G04,Grounding,Post-test,14,secondary,secondary_grounding_14,preserve,B,B,1
G04,Grounding,Post-test,15,secondary,secondary_grounding_15,dispute,C,C,1
G04,Grounding,Post-test,16,secondary,secondary_grounding_16,mislead,A,B,0
G04,Grounding,Post-test,17,secondary,secondary_grounding_17,encourage,D,A,0
G04,Grounding,Post-test,18,secondary,secondary_grounding_18,memory,D,D,1
G04,Grounding,Post-test,19,secondary,secondary_grounding_19,face,C,A,0
G04,Grounding,Post-test,20,secondary,secondary_grounding_20,withdraw,B,B,1
G05,Grounding,Pretest,1,target,target_01,reconsider,B,B,1
G05,Grounding,Pretest,2,target,target_02,avoidable,D,D,1
G05,Grounding,Pretest,3,target,target_03,uncertain,A,A,1
G05,Grounding,Pretest,4,target,target_04,maintain,B,B,1
G05,Grounding,Pretest,5,target,target_05,settle,C,C,1
G05,Grounding,Pretest,6,target,target_06,misleading,C,A,0
G05,Grounding,Pretest,7,target,target_07,discourage,C,C,1
G05,Grounding,Pretest,8,target,target_08,retain,D,A,0
G05,Grounding,Pretest,9,target,target_09,overlook,D,D,1
G05,Grounding,Pretest,10,target,target_10,engage,D,C,0
G05,Grounding,Pretest,11,secondary,secondary_grounding_11,rethink,D,D,1
G05,Grounding,Pretest,12,secondary,secondary_grounding_12,unavoidable,B,C,0
G05,Grounding,Pretest,13,secondary,secondary_grounding_13,definite,A,A,1
G05,Grounding,Pretest,14,secondary,secondary_grounding_14,preserve,A,B,0
G05,Grounding,Pretest,15,secondary,secondary_grounding_15,dispute,A,C,0
G05,Grounding,Pretest,16,secondary,secondary_grounding_16,mislead,D,B,0
G05,Grounding,Pretest,17,secondary,secondary_grounding_17,encourage,A,A,1
G05,Grounding,Pretest,18,secondary,secondary_grounding_18,memory,D,D,1
G05,Grounding,Pretest,19,secondary,secondary_grounding_19,face,A,A,1
G05,Grounding,Pretest,20,secondary,secondary_grounding_20,withdraw,B,B,1
G05,Grounding,Post-test,1,target,target_01,reconsider,B,B,1
G05,Grounding,Post-test,2,target,target_02,avoidable,D,D,1
G05,Grounding,Post-test,3,target,target_03,uncertain,A,A,1
G05,Grounding,Post-test,4,target,target_04,maintain,B,B,1
G05,Grounding,Post-test,5,target,target_05,settle,C,C,1
G05,Grounding,Post-test,6,target,target_06,misleading,A,A,1
G05,Grounding,Post-test,7,target,target_07,discourage,C,C,1
G05,Grounding,Post-test,8,target,target_08,retain,D,A,0
G05,Grounding,Post-test,9,target,target_09,overlook,D,D,1
G05,Grounding,Post-test,10,target,target_10,engage,C,C,1
G05,Grounding,Post-test,11,secondary,secondary_grounding_11,rethink,D,D,1
G05,Grounding,Post-test,12,secondary,secondary_grounding_12,unavoidable,C,C,1
G05,Grounding,Post-test,13,secondary,secondary_grounding_13,definite,A,A,1
G05,Grounding,Post-test,14,secondary,secondary_grounding_14,preserve,B,B,1
G05,Grounding,Post-test,15,secondary,secondary_grounding_15,dispute,C,C,1
G05,Grounding,Post-test,16,secondary,secondary_grounding_16,mislead,B,B,1
G05,Grounding,Post-test,17,secondary,secondary_grounding_17,encourage,A,A,1
G05,Grounding,Post-test,18,secondary,secondary_grounding_18,memory,A,D,0
G05,Grounding,Post-test,19,secondary,secondary_grounding_19,face,A,A,1
G05,Grounding,Post-test,20,secondary,secondary_grounding_20,withdraw,B,B,1
G06,Grounding,Pretest,1,target,target_01,reconsider,B,B,1
G06,Grounding,Pretest,2,target,target_02,avoidable,C,D,0
G06,Grounding,Pretest,3,target,target_03,uncertain,A,A,1
G06,Grounding,Pretest,4,target,target_04,maintain,C,B,0
G06,Grounding,Pretest,5,target,target_05,settle,C,C,1
G06,Grounding,Pretest,6,target,target_06,misleading,A,A,1
G06,Grounding,Pretest,7,target,target_07,discourage,C,C,1
G06,Grounding,Pretest,8,target,target_08,retain,A,A,1
G06,Grounding,Pretest,9,target,target_09,overlook,D,D,1
G06,Grounding,Pretest,10,target,target_10,engage,C,C,1
G06,Grounding,Pretest,11,secondary,secondary_grounding_11,rethink,D,D,1
G06,Grounding,Pretest,12,secondary,secondary_grounding_12,unavoidable,B,C,0
G06,Grounding,Pretest,13,secondary,secondary_grounding_13,definite,D,A,0
G06,Grounding,Pretest,14,secondary,secondary_grounding_14,preserve,D,B,0
G06,Grounding,Pretest,15,secondary,secondary_grounding_15,dispute,D,C,0
G06,Grounding,Pretest,16,secondary,secondary_grounding_16,mislead,B,B,1
G06,Grounding,Pretest,17,secondary,secondary_grounding_17,encourage,B,A,0
G06,Grounding,Pretest,18,secondary,secondary_grounding_18,memory,D,D,1
G06,Grounding,Pretest,19,secondary,secondary_grounding_19,face,D,A,0
G06,Grounding,Pretest,20,secondary,secondary_grounding_20,withdraw,C,B,0
G06,Grounding,Post-test,1,target,target_01,reconsider,B,B,1
G06,Grounding,Post-test,2,target,target_02,avoidable,D,D,1
G06,Grounding,Post-test,3,target,target_03,uncertain,A,A,1
G06,Grounding,Post-test,4,target,target_04,maintain,B,B,1
G06,Grounding,Post-test,5,target,target_05,settle,D,C,0
G06,Grounding,Post-test,6,target,target_06,misleading,A,A,1
G06,Grounding,Post-test,7,target,target_07,discourage,C,C,1
G06,Grounding,Post-test,8,target,target_08,retain,A,A,1
G06,Grounding,Post-test,9,target,target_09,overlook,D,D,1
G06,Grounding,Post-test,10,target,target_10,engage,C,C,1
G06,Grounding,Post-test,11,secondary,secondary_grounding_11,rethink,D,D,1
G06,Grounding,Post-test,12,secondary,secondary_grounding_12,unavoidable,C,C,1
G06,Grounding,Post-test,13,secondary,secondary_grounding_13,definite,D,A,0
G06,Grounding,Post-test,14,secondary,secondary_grounding_14,preserve,D,B,0
G06,Grounding,Post-test,15,secondary,secondary_grounding_15,dispute,C,C,1
G06,Grounding,Post-test,16,secondary,secondary_grounding_16,mislead,B,B,1
G06,Grounding,Post-test,17,secondary,secondary_grounding_17,encourage,B,A,0
G06,Grounding,Post-test,18,secondary,secondary_grounding_18,memory,D,D,1
G06,Grounding,Post-test,19,secondary,secondary_grounding_19,face,A,A,1
G06,Grounding,Post-test,20,secondary,secondary_grounding_20,withdraw,C,B,0
G07,Grounding,Pretest,1,target,target_01,reconsider,A,B,0
G07,Grounding,Pretest,2,target,target_02,avoidable,A,D,0
G07,Grounding,Pretest,3,target,target_03,uncertain,A,A,1
G07,Grounding,Pretest,4,target,target_04,maintain,C,B,0
G07,Grounding,Pretest,5,target,target_05,settle,C,C,1
G07,Grounding,Pretest,6,target,target_06,misleading,A,A,1
G07,Grounding,Pretest,7,target,target_07,discourage,D,C,0
G07,Grounding,Pretest,8,target,target_08,retain,A,A,1
G07,Grounding,Pretest,9,target,target_09,overlook,B,D,0
G07,Grounding,Pretest,10,target,target_10,engage,C,C,1
G07,Grounding,Pretest,11,secondary,secondary_grounding_11,rethink,D,D,1
G07,Grounding,Pretest,12,secondary,secondary_grounding_12,unavoidable,C,C,1
G07,Grounding,Pretest,13,secondary,secondary_grounding_13,definite,A,A,1
G07,Grounding,Pretest,14,secondary,secondary_grounding_14,preserve,D,B,0
G07,Grounding,Pretest,15,secondary,secondary_grounding_15,dispute,A,C,0
G07,Grounding,Pretest,16,secondary,secondary_grounding_16,mislead,B,B,1
G07,Grounding,Pretest,17,secondary,secondary_grounding_17,encourage,A,A,1
G07,Grounding,Pretest,18,secondary,secondary_grounding_18,memory,D,D,1
G07,Grounding,Pretest,19,secondary,secondary_grounding_19,face,B,A,0
G07,Grounding,Pretest,20,secondary,secondary_grounding_20,withdraw,D,B,0
G07,Grounding,Post-test,1,target,target_01,reconsider,B,B,1
G07,Grounding,Post-test,2,target,target_02,avoidable,D,D,1
G07,Grounding,Post-test,3,target,target_03,uncertain,A,A,1
G07,Grounding,Post-test,4,target,target_04,maintain,B,B,1
G07,Grounding,Post-test,5,target,target_05,settle,C,C,1
G07,Grounding,Post-test,6,target,target_06,misleading,A,A,1
G07,Grounding,Post-test,7,target,target_07,discourage,B,C,0
G07,Grounding,Post-test,8,target,target_08,retain,A,A,1
G07,Grounding,Post-test,9,target,target_09,overlook,D,D,1
G07,Grounding,Post-test,10,target,target_10,engage,C,C,1
G07,Grounding,Post-test,11,secondary,secondary_grounding_11,rethink,D,D,1
G07,Grounding,Post-test,12,secondary,secondary_grounding_12,unavoidable,C,C,1
G07,Grounding,Post-test,13,secondary,secondary_grounding_13,definite,A,A,1
G07,Grounding,Post-test,14,secondary,secondary_grounding_14,preserve,B,B,1
G07,Grounding,Post-test,15,secondary,secondary_grounding_15,dispute,A,C,0
G07,Grounding,Post-test,16,secondary,secondary_grounding_16,mislead,B,B,1
G07,Grounding,Post-test,17,secondary,secondary_grounding_17,encourage,A,A,1
G07,Grounding,Post-test,18,secondary,secondary_grounding_18,memory,D,D,1
G07,Grounding,Post-test,19,secondary,secondary_grounding_19,face,A,A,1
G07,Grounding,Post-test,20,secondary,secondary_grounding_20,withdraw,B,B,1
G08,Grounding,Pretest,1,target,target_01,reconsider,B,B,1
G08,Grounding,Pretest,2,target,target_02,avoidable,D,D,1
G08,Grounding,Pretest,3,target,target_03,uncertain,C,A,0
G08,Grounding,Pretest,4,target,target_04,maintain,A,B,0
G08,Grounding,Pretest,5,target,target_05,settle,D,C,0
G08,Grounding,Pretest,6,target,target_06,misleading,A,A,1
G08,Grounding,Pretest,7,target,target_07,discourage,D,C,0
G08,Grounding,Pretest,8,target,target_08,retain,D,A,0
G08,Grounding,Pretest,9,target,target_09,overlook,A,D,0
G08,Grounding,Pretest,10,target,target_10,engage,C,C,1
G08,Grounding,Pretest,11,secondary,secondary_grounding_11,rethink,A,D,0
G08,Grounding,Pretest,12,secondary,secondary_grounding_12,unavoidable,C,C,1
G08,Grounding,Pretest,13,secondary,secondary_grounding_13,definite,D,A,0
G08,Grounding,Pretest,14,secondary,secondary_grounding_14,preserve,B,B,1
G08,Grounding,Pretest,15,secondary,secondary_grounding_15,dispute,C,C,1
G08,Grounding,Pretest,16,secondary,secondary_grounding_16,mislead,B,B,1
G08,Grounding,Pretest,17,secondary,secondary_grounding_17,encourage,C,A,0
G08,Grounding,Pretest,18,secondary,secondary_grounding_18,memory,B,D,0
G08,Grounding,Pretest,19,secondary,secondary_grounding_19,face,B,A,0
G08,Grounding,Pretest,20,secondary,secondary_grounding_20,withdraw,A,B,0
G08,Grounding,Post-test,1,target,target_01,reconsider,B,B,1
G08,Grounding,Post-test,2,target,target_02,avoidable,D,D,1
G08,Grounding,Post-test,3,target,target_03,uncertain,C,A,0
G08,Grounding,Post-test,4,target,target_04,maintain,B,B,1
G08,Grounding,Post-test,5,target,target_05,settle,A,C,0
G08,Grounding,Post-test,6,target,target_06,misleading,A,A,1
G08,Grounding,Post-test,7,target,target_07,discourage,C,C,1
G08,Grounding,Post-test,8,target,target_08,retain,A,A,1
G08,Grounding,Post-test,9,target,target_09,overlook,D,D,1
G08,Grounding,Post-test,10,target,target_10,engage,C,C,1
G08,Grounding,Post-test,11,secondary,secondary_grounding_11,rethink,A,D,0
G08,Grounding,Post-test,12,secondary,secondary_grounding_12,unavoidable,C,C,1
G08,Grounding,Post-test,13,secondary,secondary_grounding_13,definite,C,A,0
G08,Grounding,Post-test,14,secondary,secondary_grounding_14,preserve,B,B,1
G08,Grounding,Post-test,15,secondary,secondary_grounding_15,dispute,C,C,1
G08,Grounding,Post-test,16,secondary,secondary_grounding_16,mislead,B,B,1
G08,Grounding,Post-test,17,secondary,secondary_grounding_17,encourage,A,A,1
G08,Grounding,Post-test,18,secondary,secondary_grounding_18,memory,D,D,1
G08,Grounding,Post-test,19,secondary,secondary_grounding_19,face,A,A,1
G08,Grounding,Post-test,20,secondary,secondary_grounding_20,withdraw,D,B,0
G09,Grounding,Pretest,1,target,target_01,reconsider,B,B,1
G09,Grounding,Pretest,2,target,target_02,avoidable,D,D,1
G09,Grounding,Pretest,3,target,target_03,uncertain,C,A,0
G09,Grounding,Pretest,4,target,target_04,maintain,B,B,1
G09,Grounding,Pretest,5,target,target_05,settle,A,C,0
G09,Grounding,Pretest,6,target,target_06,misleading,A,A,1
G09,Grounding,Pretest,7,target,target_07,discourage,C,C,1
G09,Grounding,Pretest,8,target,target_08,retain,A,A,1
G09,Grounding,Pretest,9,target,target_09,overlook,A,D,0
G09,Grounding,Pretest,10,target,target_10,engage,D,C,0
G09,Grounding,Pretest,11,secondary,secondary_grounding_11,rethink,D,D,1
G09,Grounding,Pretest,12,secondary,secondary_grounding_12,unavoidable,C,C,1
G09,Grounding,Pretest,13,secondary,secondary_grounding_13,definite,A,A,1
G09,Grounding,Pretest,14,secondary,secondary_grounding_14,preserve,B,B,1
G09,Grounding,Pretest,15,secondary,secondary_grounding_15,dispute,B,C,0
G09,Grounding,Pretest,16,secondary,secondary_grounding_16,mislead,A,B,0
G09,Grounding,Pretest,17,secondary,secondary_grounding_17,encourage,B,A,0
G09,Grounding,Pretest,18,secondary,secondary_grounding_18,memory,D,D,1
G09,Grounding,Pretest,19,secondary,secondary_grounding_19,face,B,A,0
G09,Grounding,Pretest,20,secondary,secondary_grounding_20,withdraw,C,B,0
G09,Grounding,Post-test,1,target,target_01,reconsider,B,B,1
G09,Grounding,Post-test,2,target,target_02,avoidable,D,D,1
G09,Grounding,Post-test,3,target,target_03,uncertain,A,A,1
G09,Grounding,Post-test,4,target,target_04,maintain,B,B,1
G09,Grounding,Post-test,5,target,target_05,settle,A,C,0
G09,Grounding,Post-test,6,target,target_06,misleading,A,A,1
G09,Grounding,Post-test,7,target,target_07,discourage,C,C,1
G09,Grounding,Post-test,8,target,target_08,retain,A,A,1
G09,Grounding,Post-test,9,target,target_09,overlook,D,D,1
G09,Grounding,Post-test,10,target,target_10,engage,C,C,1
G09,Grounding,Post-test,11,secondary,secondary_grounding_11,rethink,D,D,1
G09,Grounding,Post-test,12,secondary,secondary_grounding_12,unavoidable,C,C,1
G09,Grounding,Post-test,13,secondary,secondary_grounding_13,definite,A,A,1
G09,Grounding,Post-test,14,secondary,secondary_grounding_14,preserve,B,B,1
G09,Grounding,Post-test,15,secondary,secondary_grounding_15,dispute,D,C,0
G09,Grounding,Post-test,16,secondary,secondary_grounding_16,mislead,B,B,1
G09,Grounding,Post-test,17,secondary,secondary_grounding_17,encourage,B,A,0
G09,Grounding,Post-test,18,secondary,secondary_grounding_18,memory,D,D,1
G09,Grounding,Post-test,19,secondary,secondary_grounding_19,face,B,A,0
G09,Grounding,Post-test,20,secondary,secondary_grounding_20,withdraw,C,B,0
G10,Grounding,Pretest,1,target,target_01,reconsider,D,B,0
G10,Grounding,Pretest,2,target,target_02,avoidable,C,D,0
G10,Grounding,Pretest,3,target,target_03,uncertain,C,A,0
G10,Grounding,Pretest,4,target,target_04,maintain,B,B,1
G10,Grounding,Pretest,5,target,target_05,settle,D,C,0
G10,Grounding,Pretest,6,target,target_06,misleading,A,A,1
G10,Grounding,Pretest,7,target,target_07,discourage,A,C,0
G10,Grounding,Pretest,8,target,target_08,retain,D,A,0
G10,Grounding,Pretest,9,target,target_09,overlook,A,D,0
G10,Grounding,Pretest,10,target,target_10,engage,C,C,1
G10,Grounding,Pretest,11,secondary,secondary_grounding_11,rethink,D,D,1
G10,Grounding,Pretest,12,secondary,secondary_grounding_12,unavoidable,C,C,1
G10,Grounding,Pretest,13,secondary,secondary_grounding_13,definite,A,A,1
G10,Grounding,Pretest,14,secondary,secondary_grounding_14,preserve,B,B,1
G10,Grounding,Pretest,15,secondary,secondary_grounding_15,dispute,D,C,0
G10,Grounding,Pretest,16,secondary,secondary_grounding_16,mislead,D,B,0
G10,Grounding,Pretest,17,secondary,secondary_grounding_17,encourage,A,A,1
G10,Grounding,Pretest,18,secondary,secondary_grounding_18,memory,A,D,0
G10,Grounding,Pretest,19,secondary,secondary_grounding_19,face,B,A,0
G10,Grounding,Pretest,20,secondary,secondary_grounding_20,withdraw,B,B,1
G10,Grounding,Post-test,1,target,target_01,reconsider,D,B,0
G10,Grounding,Post-test,2,target,target_02,avoidable,C,D,0
G10,Grounding,Post-test,3,target,target_03,uncertain,A,A,1
G10,Grounding,Post-test,4,target,target_04,maintain,B,B,1
G10,Grounding,Post-test,5,target,target_05,settle,C,C,1
G10,Grounding,Post-test,6,target,target_06,misleading,C,A,0
G10,Grounding,Post-test,7,target,target_07,discourage,C,C,1
G10,Grounding,Post-test,8,target,target_08,retain,A,A,1
G10,Grounding,Post-test,9,target,target_09,overlook,D,D,1
G10,Grounding,Post-test,10,target,target_10,engage,C,C,1
G10,Grounding,Post-test,11,secondary,secondary_grounding_11,rethink,A,D,0
G10,Grounding,Post-test,12,secondary,secondary_grounding_12,unavoidable,C,C,1
G10,Grounding,Post-test,13,secondary,secondary_grounding_13,definite,A,A,1
G10,Grounding,Post-test,14,secondary,secondary_grounding_14,preserve,B,B,1
G10,Grounding,Post-test,15,secondary,secondary_grounding_15,dispute,C,C,1
G10,Grounding,Post-test,16,secondary,secondary_grounding_16,mislead,C,B,0
G10,Grounding,Post-test,17,secondary,secondary_grounding_17,encourage,A,A,1
G10,Grounding,Post-test,18,secondary,secondary_grounding_18,memory,D,D,1
G10,Grounding,Post-test,19,secondary,secondary_grounding_19,face,D,A,0
G10,Grounding,Post-test,20,secondary,secondary_grounding_20,withdraw,B,B,1
G11,Grounding,Pretest,1,target,target_01,reconsider,A,B,0
G11,Grounding,Pretest,2,target,target_02,avoidable,B,D,0
G11,Grounding,Pretest,3,target,target_03,uncertain,A,A,1
G11,Grounding,Pretest,4,target,target_04,maintain,B,B,1
G11,Grounding,Pretest,5,target,target_05,settle,C,C,1
G11,Grounding,Pretest,6,target,target_06,misleading,A,A,1
G11,Grounding,Pretest,7,target,target_07,discourage,A,C,0
G11,Grounding,Pretest,8,target,target_08,retain,D,A,0
G11,Grounding,Pretest,9,target,target_09,overlook,A,D,0
G11,Grounding,Pretest,10,target,target_10,engage,C,C,1
G11,Grounding,Pretest,11,secondary,secondary_grounding_11,rethink,D,D,1
G11,Grounding,Pretest,12,secondary,secondary_grounding_12,unavoidable,C,C,1
G11,Grounding,Pretest,13,secondary,secondary_grounding_13,definite,D,A,0
G11,Grounding,Pretest,14,secondary,secondary_grounding_14,preserve,C,B,0
G11,Grounding,Pretest,15,secondary,secondary_grounding_15,dispute,A,C,0
G11,Grounding,Pretest,16,secondary,secondary_grounding_16,mislead,D,B,0
G11,Grounding,Pretest,17,secondary,secondary_grounding_17,encourage,A,A,1
G11,Grounding,Pretest,18,secondary,secondary_grounding_18,memory,B,D,0
G11,Grounding,Pretest,19,secondary,secondary_grounding_19,face,B,A,0
G11,Grounding,Pretest,20,secondary,secondary_grounding_20,withdraw,C,B,0
G11,Grounding,Post-test,1,target,target_01,reconsider,B,B,1
G11,Grounding,Post-test,2,target,target_02,avoidable,A,D,0
G11,Grounding,Post-test,3,target,target_03,uncertain,A,A,1
G11,Grounding,Post-test,4,target,target_04,maintain,B,B,1
G11,Grounding,Post-test,5,target,target_05,settle,C,C,1
G11,Grounding,Post-test,6,target,target_06,misleading,A,A,1
G11,Grounding,Post-test,7,target,target_07,discourage,C,C,1
G11,Grounding,Post-test,8,target,target_08,retain,D,A,0
G11,Grounding,Post-test,9,target,target_09,overlook,D,D,1
G11,Grounding,Post-test,10,target,target_10,engage,C,C,1
G11,Grounding,Post-test,11,secondary,secondary_grounding_11,rethink,D,D,1
G11,Grounding,Post-test,12,secondary,secondary_grounding_12,unavoidable,C,C,1
G11,Grounding,Post-test,13,secondary,secondary_grounding_13,definite,D,A,0
G11,Grounding,Post-test,14,secondary,secondary_grounding_14,preserve,B,B,1
G11,Grounding,Post-test,15,secondary,secondary_grounding_15,dispute,A,C,0
G11,Grounding,Post-test,16,secondary,secondary_grounding_16,mislead,B,B,1
G11,Grounding,Post-test,17,secondary,secondary_grounding_17,encourage,A,A,1
G11,Grounding,Post-test,18,secondary,secondary_grounding_18,memory,B,D,0
G11,Grounding,Post-test,19,secondary,secondary_grounding_19,face,A,A,1
G11,Grounding,Post-test,20,secondary,secondary_grounding_20,withdraw,C,B,0
G12,Grounding,Pretest,1,target,target_01,reconsider,B,B,1
G12,Grounding,Pretest,2,target,target_02,avoidable,D,D,1
G12,Grounding,Pretest,3,target,target_03,uncertain,A,A,1
G12,Grounding,Pretest,4,target,target_04,maintain,C,B,0
G12,Grounding,Pretest,5,target,target_05,settle,D,C,0
G12,Grounding,Pretest,6,target,target_06,misleading,D,A,0
G12,Grounding,Pretest,7,target,target_07,discourage,D,C,0
G12,Grounding,Pretest,8,target,target_08,retain,A,A,1
G12,Grounding,Pretest,9,target,target_09,overlook,D,D,1
G12,Grounding,Pretest,10,target,target_10,engage,C,C,1
G12,Grounding,Pretest,11,secondary,secondary_grounding_11,rethink,D,D,1
G12,Grounding,Pretest,12,secondary,secondary_grounding_12,unavoidable,D,C,0
G12,Grounding,Pretest,13,secondary,secondary_grounding_13,definite,A,A,1
G12,Grounding,Pretest,14,secondary,secondary_grounding_14,preserve,B,B,1
G12,Grounding,Pretest,15,secondary,secondary_grounding_15,dispute,A,C,0
G12,Grounding,Pretest,16,secondary,secondary_grounding_16,mislead,D,B,0
G12,Grounding,Pretest,17,secondary,secondary_grounding_17,encourage,A,A,1
G12,Grounding,Pretest,18,secondary,secondary_grounding_18,memory,D,D,1
G12,Grounding,Pretest,19,secondary,secondary_grounding_19,face,B,A,0
G12,Grounding,Pretest,20,secondary,secondary_grounding_20,withdraw,B,B,1
G12,Grounding,Post-test,1,target,target_01,reconsider,B,B,1
G12,Grounding,Post-test,2,target,target_02,avoidable,D,D,1
G12,Grounding,Post-test,3,target,target_03,uncertain,A,A,1
G12,Grounding,Post-test,4,target,target_04,maintain,B,B,1
G12,Grounding,Post-test,5,target,target_05,settle,C,C,1
G12,Grounding,Post-test,6,target,target_06,misleading,B,A,0
G12,Grounding,Post-test,7,target,target_07,discourage,B,C,0
G12,Grounding,Post-test,8,target,target_08,retain,A,A,1
G12,Grounding,Post-test,9,target,target_09,overlook,D,D,1
G12,Grounding,Post-test,10,target,target_10,engage,A,C,0
G12,Grounding,Post-test,11,secondary,secondary_grounding_11,rethink,D,D,1
G12,Grounding,Post-test,12,secondary,secondary_grounding_12,unavoidable,D,C,0
G12,Grounding,Post-test,13,secondary,secondary_grounding_13,definite,A,A,1
G12,Grounding,Post-test,14,secondary,secondary_grounding_14,preserve,B,B,1
G12,Grounding,Post-test,15,secondary,secondary_grounding_15,dispute,A,C,0
G12,Grounding,Post-test,16,secondary,secondary_grounding_16,mislead,C,B,0
G12,Grounding,Post-test,17,secondary,secondary_grounding_17,encourage,A,A,1
G12,Grounding,Post-test,18,secondary,secondary_grounding_18,memory,D,D,1
G12,Grounding,Post-test,19,secondary,secondary_grounding_19,face,A,A,1
G12,Grounding,Post-test,20,secondary,secondary_grounding_20,withdraw,B,B,1
G13,Grounding,Pretest,1,target,target_01,reconsider,B,B,1
G13,Grounding,Pretest,2,target,target_02,avoidable,B,D,0
G13,Grounding,Pretest,3,target,target_03,uncertain,B,A,0
G13,Grounding,Pretest,4,target,target_04,maintain,C,B,0
G13,Grounding,Pretest,5,target,target_05,settle,B,C,0
G13,Grounding,Pretest,6,target,target_06,misleading,A,A,1
G13,Grounding,Pretest,7,target,target_07,discourage,D,C,0
G13,Grounding,Pretest,8,target,target_08,retain,D,A,0
G13,Grounding,Pretest,9,target,target_09,overlook,A,D,0
G13,Grounding,Pretest,10,target,target_10,engage,B,C,0
G13,Grounding,Pretest,11,secondary,secondary_grounding_11,rethink,C,D,0
G13,Grounding,Pretest,12,secondary,secondary_grounding_12,unavoidable,A,C,0
G13,Grounding,Pretest,13,secondary,secondary_grounding_13,definite,D,A,0
G13,Grounding,Pretest,14,secondary,secondary_grounding_14,preserve,B,B,1
G13,Grounding,Pretest,15,secondary,secondary_grounding_15,dispute,A,C,0
G13,Grounding,Pretest,16,secondary,secondary_grounding_16,mislead,D,B,0
G13,Grounding,Pretest,17,secondary,secondary_grounding_17,encourage,B,A,0
G13,Grounding,Pretest,18,secondary,secondary_grounding_18,memory,B,D,0
G13,Grounding,Pretest,19,secondary,secondary_grounding_19,face,B,A,0
G13,Grounding,Pretest,20,secondary,secondary_grounding_20,withdraw,D,B,0
G13,Grounding,Post-test,1,target,target_01,reconsider,A,B,0
G13,Grounding,Post-test,2,target,target_02,avoidable,D,D,1
G13,Grounding,Post-test,3,target,target_03,uncertain,A,A,1
G13,Grounding,Post-test,4,target,target_04,maintain,C,B,0
G13,Grounding,Post-test,5,target,target_05,settle,D,C,0
G13,Grounding,Post-test,6,target,target_06,misleading,A,A,1
G13,Grounding,Post-test,7,target,target_07,discourage,C,C,1
G13,Grounding,Post-test,8,target,target_08,retain,A,A,1
G13,Grounding,Post-test,9,target,target_09,overlook,C,D,0
G13,Grounding,Post-test,10,target,target_10,engage,C,C,1
G13,Grounding,Post-test,11,secondary,secondary_grounding_11,rethink,D,D,1
G13,Grounding,Post-test,12,secondary,secondary_grounding_12,unavoidable,C,C,1
G13,Grounding,Post-test,13,secondary,secondary_grounding_13,definite,C,A,0
G13,Grounding,Post-test,14,secondary,secondary_grounding_14,preserve,B,B,1
G13,Grounding,Post-test,15,secondary,secondary_grounding_15,dispute,A,C,0
G13,Grounding,Post-test,16,secondary,secondary_grounding_16,mislead,B,B,1
G13,Grounding,Post-test,17,secondary,secondary_grounding_17,encourage,A,A,1
G13,Grounding,Post-test,18,secondary,secondary_grounding_18,memory,B,D,0
G13,Grounding,Post-test,19,secondary,secondary_grounding_19,face,A,A,1
G13,Grounding,Post-test,20,secondary,secondary_grounding_20,withdraw,D,B,0
G14,Grounding,Pretest,1,target,target_01,reconsider,B,B,1
G14,Grounding,Pretest,2,target,target_02,avoidable,D,D,1
G14,Grounding,Pretest,3,target,target_03,uncertain,A,A,1
G14,Grounding,Pretest,4,target,target_04,maintain,B,B,1
G14,Grounding,Pretest,5,target,target_05,settle,D,C,0
G14,Grounding,Pretest,6,target,target_06,misleading,A,A,1
G14,Grounding,Pretest,7,target,target_07,discourage,C,C,1
G14,Grounding,Pretest,8,target,target_08,retain,A,A,1
G14,Grounding,Pretest,9,target,target_09,overlook,A,D,0
G14,Grounding,Pretest,10,target,target_10,engage,D,C,0
G14,Grounding,Pretest,11,secondary,secondary_grounding_11,rethink,D,D,1
G14,Grounding,Pretest,12,secondary,secondary_grounding_12,unavoidable,B,C,0
G14,Grounding,Pretest,13,secondary,secondary_grounding_13,definite,A,A,1
G14,Grounding,Pretest,14,secondary,secondary_grounding_14,preserve,B,B,1
G14,Grounding,Pretest,15,secondary,secondary_grounding_15,dispute,A,C,0
G14,Grounding,Pretest,16,secondary,secondary_grounding_16,mislead,D,B,0
G14,Grounding,Pretest,17,secondary,secondary_grounding_17,encourage,A,A,1
G14,Grounding,Pretest,18,secondary,secondary_grounding_18,memory,A,D,0
G14,Grounding,Pretest,19,secondary,secondary_grounding_19,face,A,A,1
G14,Grounding,Pretest,20,secondary,secondary_grounding_20,withdraw,D,B,0
G14,Grounding,Post-test,1,target,target_01,reconsider,B,B,1
G14,Grounding,Post-test,2,target,target_02,avoidable,D,D,1
G14,Grounding,Post-test,3,target,target_03,uncertain,A,A,1
G14,Grounding,Post-test,4,target,target_04,maintain,B,B,1
G14,Grounding,Post-test,5,target,target_05,settle,C,C,1
G14,Grounding,Post-test,6,target,target_06,misleading,A,A,1
G14,Grounding,Post-test,7,target,target_07,discourage,C,C,1
G14,Grounding,Post-test,8,target,target_08,retain,A,A,1
G14,Grounding,Post-test,9,target,target_09,overlook,A,D,0
G14,Grounding,Post-test,10,target,target_10,engage,C,C,1
G14,Grounding,Post-test,11,secondary,secondary_grounding_11,rethink,D,D,1
G14,Grounding,Post-test,12,secondary,secondary_grounding_12,unavoidable,C,C,1
G14,Grounding,Post-test,13,secondary,secondary_grounding_13,definite,A,A,1
G14,Grounding,Post-test,14,secondary,secondary_grounding_14,preserve,B,B,1
G14,Grounding,Post-test,15,secondary,secondary_grounding_15,dispute,A,C,0
G14,Grounding,Post-test,16,secondary,secondary_grounding_16,mislead,B,B,1
G14,Grounding,Post-test,17,secondary,secondary_grounding_17,encourage,A,A,1
G14,Grounding,Post-test,18,secondary,secondary_grounding_18,memory,D,D,1
G14,Grounding,Post-test,19,secondary,secondary_grounding_19,face,A,A,1
G14,Grounding,Post-test,20,secondary,secondary_grounding_20,withdraw,C,B,0
G15,Grounding,Pretest,1,target,target_01,reconsider,B,B,1
G15,Grounding,Pretest,2,target,target_02,avoidable,B,D,0
G15,Grounding,Pretest,3,target,target_03,uncertain,B,A,0
G15,Grounding,Pretest,4,target,target_04,maintain,B,B,1
G15,Grounding,Pretest,5,target,target_05,settle,D,C,0
G15,Grounding,Pretest,6,target,target_06,misleading,B,A,0
G15,Grounding,Pretest,7,target,target_07,discourage,C,C,1
G15,Grounding,Pretest,8,target,target_08,retain,D,A,0
G15,Grounding,Pretest,9,target,target_09,overlook,A,D,0
G15,Grounding,Pretest,10,target,target_10,engage,C,C,1
G15,Grounding,Pretest,11,secondary,secondary_grounding_11,rethink,D,D,1
G15,Grounding,Pretest,12,secondary,secondary_grounding_12,unavoidable,D,C,0
G15,Grounding,Pretest,13,secondary,secondary_grounding_13,definite,A,A,1
G15,Grounding,Pretest,14,secondary,secondary_grounding_14,preserve,B,B,1
G15,Grounding,Pretest,15,secondary,secondary_grounding_15,dispute,C,C,1
G15,Grounding,Pretest,16,secondary,secondary_grounding_16,mislead,B,B,1
G15,Grounding,Pretest,17,secondary,secondary_grounding_17,encourage,A,A,1
G15,Grounding,Pretest,18,secondary,secondary_grounding_18,memory,D,D,1
G15,Grounding,Pretest,19,secondary,secondary_grounding_19,face,D,A,0
G15,Grounding,Pretest,20,secondary,secondary_grounding_20,withdraw,D,B,0
G15,Grounding,Post-test,1,target,target_01,reconsider,B,B,1
G15,Grounding,Post-test,2,target,target_02,avoidable,B,D,0
G15,Grounding,Post-test,3,target,target_03,uncertain,D,A,0
G15,Grounding,Post-test,4,target,target_04,maintain,B,B,1
G15,Grounding,Post-test,5,target,target_05,settle,C,C,1
G15,Grounding,Post-test,6,target,target_06,misleading,B,A,0
G15,Grounding,Post-test,7,target,target_07,discourage,C,C,1
G15,Grounding,Post-test,8,target,target_08,retain,A,A,1
G15,Grounding,Post-test,9,target,target_09,overlook,D,D,1
G15,Grounding,Post-test,10,target,target_10,engage,C,C,1
G15,Grounding,Post-test,11,secondary,secondary_grounding_11,rethink,D,D,1
G15,Grounding,Post-test,12,secondary,secondary_grounding_12,unavoidable,A,C,0
G15,Grounding,Post-test,13,secondary,secondary_grounding_13,definite,A,A,1
G15,Grounding,Post-test,14,secondary,secondary_grounding_14,preserve,B,B,1
G15,Grounding,Post-test,15,secondary,secondary_grounding_15,dispute,C,C,1
G15,Grounding,Post-test,16,secondary,secondary_grounding_16,mislead,B,B,1
G15,Grounding,Post-test,17,secondary,secondary_grounding_17,encourage,A,A,1
G15,Grounding,Post-test,18,secondary,secondary_grounding_18,memory,D,D,1
G15,Grounding,Post-test,19,secondary,secondary_grounding_19,face,A,A,1
G15,Grounding,Post-test,20,secondary,secondary_grounding_20,withdraw,C,B,0
G16,Grounding,Pretest,1,target,target_01,reconsider,B,B,1
G16,Grounding,Pretest,2,target,target_02,avoidable,B,D,0
G16,Grounding,Pretest,3,target,target_03,uncertain,A,A,1
G16,Grounding,Pretest,4,target,target_04,maintain,D,B,0
G16,Grounding,Pretest,5,target,target_05,settle,D,C,0
G16,Grounding,Pretest,6,target,target_06,misleading,D,A,0
G16,Grounding,Pretest,7,target,target_07,discourage,A,C,0
G16,Grounding,Pretest,8,target,target_08,retain,D,A,0
G16,Grounding,Pretest,9,target,target_09,overlook,A,D,0
G16,Grounding,Pretest,10,target,target_10,engage,C,C,1
G16,Grounding,Pretest,11,secondary,secondary_grounding_11,rethink,D,D,1
G16,Grounding,Pretest,12,secondary,secondary_grounding_12,unavoidable,A,C,0
G16,Grounding,Pretest,13,secondary,secondary_grounding_13,definite,C,A,0
G16,Grounding,Pretest,14,secondary,secondary_grounding_14,preserve,B,B,1
G16,Grounding,Pretest,15,secondary,secondary_grounding_15,dispute,B,C,0
G16,Grounding,Pretest,16,secondary,secondary_grounding_16,mislead,B,B,1
G16,Grounding,Pretest,17,secondary,secondary_grounding_17,encourage,A,A,1
G16,Grounding,Pretest,18,secondary,secondary_grounding_18,memory,B,D,0
G16,Grounding,Pretest,19,secondary,secondary_grounding_19,face,C,A,0
G16,Grounding,Pretest,20,secondary,secondary_grounding_20,withdraw,B,B,1
G16,Grounding,Post-test,1,target,target_01,reconsider,B,B,1
G16,Grounding,Post-test,2,target,target_02,avoidable,A,D,0
G16,Grounding,Post-test,3,target,target_03,uncertain,A,A,1
G16,Grounding,Post-test,4,target,target_04,maintain,B,B,1
G16,Grounding,Post-test,5,target,target_05,settle,C,C,1
G16,Grounding,Post-test,6,target,target_06,misleading,D,A,0
G16,Grounding,Post-test,7,target,target_07,discourage,C,C,1
G16,Grounding,Post-test,8,target,target_08,retain,A,A,1
G16,Grounding,Post-test,9,target,target_09,overlook,D,D,1
G16,Grounding,Post-test,10,target,target_10,engage,C,C,1
G16,Grounding,Post-test,11,secondary,secondary_grounding_11,rethink,D,D,1
G16,Grounding,Post-test,12,secondary,secondary_grounding_12,unavoidable,B,C,0
G16,Grounding,Post-test,13,secondary,secondary_grounding_13,definite,C,A,0
G16,Grounding,Post-test,14,secondary,secondary_grounding_14,preserve,B,B,1
G16,Grounding,Post-test,15,secondary,secondary_grounding_15,dispute,B,C,0
G16,Grounding,Post-test,16,secondary,secondary_grounding_16,mislead,B,B,1
G16,Grounding,Post-test,17,secondary,secondary_grounding_17,encourage,A,A,1
G16,Grounding,Post-test,18,secondary,secondary_grounding_18,memory,B,D,0
G16,Grounding,Post-test,19,secondary,secondary_grounding_19,face,A,A,1
G16,Grounding,Post-test,20,secondary,secondary_grounding_20,withdraw,B,B,1
G17,Grounding,Pretest,1,target,target_01,reconsider,C,B,0
G17,Grounding,Pretest,2,target,target_02,avoidable,D,D,1
G17,Grounding,Pretest,3,target,target_03,uncertain,C,A,0
G17,Grounding,Pretest,4,target,target_04,maintain,D,B,0
G17,Grounding,Pretest,5,target,target_05,settle,A,C,0
G17,Grounding,Pretest,6,target,target_06,misleading,A,A,1
G17,Grounding,Pretest,7,target,target_07,discourage,C,C,1
G17,Grounding,Pretest,8,target,target_08,retain,D,A,0
G17,Grounding,Pretest,9,target,target_09,overlook,A,D,0
G17,Grounding,Pretest,10,target,target_10,engage,B,C,0
G17,Grounding,Pretest,11,secondary,secondary_grounding_11,rethink,D,D,1
G17,Grounding,Pretest,12,secondary,secondary_grounding_12,unavoidable,C,C,1
G17,Grounding,Pretest,13,secondary,secondary_grounding_13,definite,D,A,0
G17,Grounding,Pretest,14,secondary,secondary_grounding_14,preserve,D,B,0
G17,Grounding,Pretest,15,secondary,secondary_grounding_15,dispute,A,C,0
G17,Grounding,Pretest,16,secondary,secondary_grounding_16,mislead,D,B,0
G17,Grounding,Pretest,17,secondary,secondary_grounding_17,encourage,A,A,1
G17,Grounding,Pretest,18,secondary,secondary_grounding_18,memory,C,D,0
G17,Grounding,Pretest,19,secondary,secondary_grounding_19,face,B,A,0
G17,Grounding,Pretest,20,secondary,secondary_grounding_20,withdraw,A,B,0
G17,Grounding,Post-test,1,target,target_01,reconsider,B,B,1
G17,Grounding,Post-test,2,target,target_02,avoidable,D,D,1
G17,Grounding,Post-test,3,target,target_03,uncertain,B,A,0
G17,Grounding,Post-test,4,target,target_04,maintain,D,B,0
G17,Grounding,Post-test,5,target,target_05,settle,A,C,0
G17,Grounding,Post-test,6,target,target_06,misleading,A,A,1
G17,Grounding,Post-test,7,target,target_07,discourage,C,C,1
G17,Grounding,Post-test,8,target,target_08,retain,A,A,1
G17,Grounding,Post-test,9,target,target_09,overlook,D,D,1
G17,Grounding,Post-test,10,target,target_10,engage,C,C,1
G17,Grounding,Post-test,11,secondary,secondary_grounding_11,rethink,D,D,1
G17,Grounding,Post-test,12,secondary,secondary_grounding_12,unavoidable,C,C,1
G17,Grounding,Post-test,13,secondary,secondary_grounding_13,definite,A,A,1
G17,Grounding,Post-test,14,secondary,secondary_grounding_14,preserve,C,B,0
G17,Grounding,Post-test,15,secondary,secondary_grounding_15,dispute,B,C,0
G17,Grounding,Post-test,16,secondary,secondary_grounding_16,mislead,D,B,0
G17,Grounding,Post-test,17,secondary,secondary_grounding_17,encourage,A,A,1
G17,Grounding,Post-test,18,secondary,secondary_grounding_18,memory,D,D,1
G17,Grounding,Post-test,19,secondary,secondary_grounding_19,face,B,A,0
G17,Grounding,Post-test,20,secondary,secondary_grounding_20,withdraw,B,B,1
G18,Grounding,Pretest,1,target,target_01,reconsider,D,B,0
G18,Grounding,Pretest,2,target,target_02,avoidable,B,D,0
G18,Grounding,Pretest,3,target,target_03,uncertain,A,A,1
G18,Grounding,Pretest,4,target,target_04,maintain,B,B,1
G18,Grounding,Pretest,5,target,target_05,settle,B,C,0
G18,Grounding,Pretest,6,target,target_06,misleading,D,A,0
G18,Grounding,Pretest,7,target,target_07,discourage,D,C,0
G18,Grounding,Pretest,8,target,target_08,retain,D,A,0
G18,Grounding,Pretest,9,target,target_09,overlook,A,D,0
G18,Grounding,Pretest,10,target,target_10,engage,D,C,0
G18,Grounding,Pretest,11,secondary,secondary_grounding_11,rethink,D,D,1
G18,Grounding,Pretest,12,secondary,secondary_grounding_12,unavoidable,D,C,0
G18,Grounding,Pretest,13,secondary,secondary_grounding_13,definite,A,A,1
G18,Grounding,Pretest,14,secondary,secondary_grounding_14,preserve,A,B,0
G18,Grounding,Pretest,15,secondary,secondary_grounding_15,dispute,B,C,0
G18,Grounding,Pretest,16,secondary,secondary_grounding_16,mislead,A,B,0
G18,Grounding,Pretest,17,secondary,secondary_grounding_17,encourage,A,A,1
G18,Grounding,Pretest,18,secondary,secondary_grounding_18,memory,D,D,1
G18,Grounding,Pretest,19,secondary,secondary_grounding_19,face,D,A,0
G18,Grounding,Pretest,20,secondary,secondary_grounding_20,withdraw,B,B,1
G18,Grounding,Post-test,1,target,target_01,reconsider,B,B,1
G18,Grounding,Post-test,2,target,target_02,avoidable,C,D,0
G18,Grounding,Post-test,3,target,target_03,uncertain,A,A,1
G18,Grounding,Post-test,4,target,target_04,maintain,B,B,1
G18,Grounding,Post-test,5,target,target_05,settle,C,C,1
G18,Grounding,Post-test,6,target,target_06,misleading,A,A,1
G18,Grounding,Post-test,7,target,target_07,discourage,C,C,1
G18,Grounding,Post-test,8,target,target_08,retain,A,A,1
G18,Grounding,Post-test,9,target,target_09,overlook,A,D,0
G18,Grounding,Post-test,10,target,target_10,engage,C,C,1
G18,Grounding,Post-test,11,secondary,secondary_grounding_11,rethink,D,D,1
G18,Grounding,Post-test,12,secondary,secondary_grounding_12,unavoidable,D,C,0
G18,Grounding,Post-test,13,secondary,secondary_grounding_13,definite,A,A,1
G18,Grounding,Post-test,14,secondary,secondary_grounding_14,preserve,A,B,0
G18,Grounding,Post-test,15,secondary,secondary_grounding_15,dispute,C,C,1
G18,Grounding,Post-test,16,secondary,secondary_grounding_16,mislead,D,B,0
G18,Grounding,Post-test,17,secondary,secondary_grounding_17,encourage,A,A,1
G18,Grounding,Post-test,18,secondary,secondary_grounding_18,memory,D,D,1
G18,Grounding,Post-test,19,secondary,secondary_grounding_19,face,D,A,0
G18,Grounding,Post-test,20,secondary,secondary_grounding_20,withdraw,B,B,1
G19,Grounding,Pretest,1,target,target_01,reconsider,B,B,1
G19,Grounding,Pretest,2,target,target_02,avoidable,B,D,0
G19,Grounding,Pretest,3,target,target_03,uncertain,C,A,0
G19,Grounding,Pretest,4,target,target_04,maintain,C,B,0
G19,Grounding,Pretest,5,target,target_05,settle,D,C,0
G19,Grounding,Pretest,6,target,target_06,misleading,B,A,0
G19,Grounding,Pretest,7,target,target_07,discourage,C,C,1
G19,Grounding,Pretest,8,target,target_08,retain,A,A,1
G19,Grounding,Pretest,9,target,target_09,overlook,A,D,0
G19,Grounding,Pretest,10,target,target_10,engage,A,C,0
G19,Grounding,Pretest,11,secondary,secondary_grounding_11,rethink,A,D,0
G19,Grounding,Pretest,12,secondary,secondary_grounding_12,unavoidable,C,C,1
G19,Grounding,Pretest,13,secondary,secondary_grounding_13,definite,A,A,1
G19,Grounding,Pretest,14,secondary,secondary_grounding_14,preserve,D,B,0
G19,Grounding,Pretest,15,secondary,secondary_grounding_15,dispute,C,C,1
G19,Grounding,Pretest,16,secondary,secondary_grounding_16,mislead,C,B,0
G19,Grounding,Pretest,17,secondary,secondary_grounding_17,encourage,B,A,0
G19,Grounding,Pretest,18,secondary,secondary_grounding_18,memory,D,D,1
G19,Grounding,Pretest,19,secondary,secondary_grounding_19,face,C,A,0
G19,Grounding,Pretest,20,secondary,secondary_grounding_20,withdraw,D,B,0
G19,Grounding,Post-test,1,target,target_01,reconsider,B,B,1
G19,Grounding,Post-test,2,target,target_02,avoidable,D,D,1
G19,Grounding,Post-test,3,target,target_03,uncertain,A,A,1
G19,Grounding,Post-test,4,target,target_04,maintain,C,B,0
G19,Grounding,Post-test,5,target,target_05,settle,C,C,1
G19,Grounding,Post-test,6,target,target_06,misleading,A,A,1
G19,Grounding,Post-test,7,target,target_07,discourage,C,C,1
G19,Grounding,Post-test,8,target,target_08,retain,A,A,1
G19,Grounding,Post-test,9,target,target_09,overlook,D,D,1
G19,Grounding,Post-test,10,target,target_10,engage,C,C,1
G19,Grounding,Post-test,11,secondary,secondary_grounding_11,rethink,D,D,1
G19,Grounding,Post-test,12,secondary,secondary_grounding_12,unavoidable,C,C,1
G19,Grounding,Post-test,13,secondary,secondary_grounding_13,definite,A,A,1
G19,Grounding,Post-test,14,secondary,secondary_grounding_14,preserve,D,B,0
G19,Grounding,Post-test,15,secondary,secondary_grounding_15,dispute,C,C,1
G19,Grounding,Post-test,16,secondary,secondary_grounding_16,mislead,B,B,1
G19,Grounding,Post-test,17,secondary,secondary_grounding_17,encourage,A,A,1
G19,Grounding,Post-test,18,secondary,secondary_grounding_18,memory,D,D,1
G19,Grounding,Post-test,19,secondary,secondary_grounding_19,face,A,A,1
G19,Grounding,Post-test,20,secondary,secondary_grounding_20,withdraw,D,B,0
G20,Grounding,Pretest,1,target,target_01,reconsider,B,B,1
G20,Grounding,Pretest,2,target,target_02,avoidable,D,D,1
G20,Grounding,Pretest,3,target,target_03,uncertain,A,A,1
G20,Grounding,Pretest,4,target,target_04,maintain,B,B,1
G20,Grounding,Pretest,5,target,target_05,settle,C,C,1
G20,Grounding,Pretest,6,target,target_06,misleading,C,A,0
G20,Grounding,Pretest,7,target,target_07,discourage,C,C,1
G20,Grounding,Pretest,8,target,target_08,retain,D,A,0
G20,Grounding,Pretest,9,target,target_09,overlook,D,D,1
G20,Grounding,Pretest,10,target,target_10,engage,D,C,0
G20,Grounding,Pretest,11,secondary,secondary_grounding_11,rethink,D,D,1
G20,Grounding,Pretest,12,secondary,secondary_grounding_12,unavoidable,C,C,1
G20,Grounding,Pretest,13,secondary,secondary_grounding_13,definite,A,A,1
G20,Grounding,Pretest,14,secondary,secondary_grounding_14,preserve,B,B,1
G20,Grounding,Pretest,15,secondary,secondary_grounding_15,dispute,C,C,1
G20,Grounding,Pretest,16,secondary,secondary_grounding_16,mislead,D,B,0
G20,Grounding,Pretest,17,secondary,secondary_grounding_17,encourage,A,A,1
G20,Grounding,Pretest,18,secondary,secondary_grounding_18,memory,B,D,0
G20,Grounding,Pretest,19,secondary,secondary_grounding_19,face,B,A,0
G20,Grounding,Pretest,20,secondary,secondary_grounding_20,withdraw,B,B,1
G20,Grounding,Post-test,1,target,target_01,reconsider,B,B,1
G20,Grounding,Post-test,2,target,target_02,avoidable,D,D,1
G20,Grounding,Post-test,3,target,target_03,uncertain,A,A,1
G20,Grounding,Post-test,4,target,target_04,maintain,B,B,1
G20,Grounding,Post-test,5,target,target_05,settle,C,C,1
G20,Grounding,Post-test,6,target,target_06,misleading,A,A,1
G20,Grounding,Post-test,7,target,target_07,discourage,C,C,1
G20,Grounding,Post-test,8,target,target_08,retain,D,A,0
G20,Grounding,Post-test,9,target,target_09,overlook,D,D,1
G20,Grounding,Post-test,10,target,target_10,engage,D,C,0
G20,Grounding,Post-test,11,secondary,secondary_grounding_11,rethink,C,D,0
G20,Grounding,Post-test,12,secondary,secondary_grounding_12,unavoidable,C,C,1
G20,Grounding,Post-test,13,secondary,secondary_grounding_13,definite,A,A,1
G20,Grounding,Post-test,14,secondary,secondary_grounding_14,preserve,D,B,0
G20,Grounding,Post-test,15,secondary,secondary_grounding_15,dispute,A,C,0
G20,Grounding,Post-test,16,secondary,secondary_grounding_16,mislead,D,B,0
G20,Grounding,Post-test,17,secondary,secondary_grounding_17,encourage,A,A,1
G20,Grounding,Post-test,18,secondary,secondary_grounding_18,memory,A,D,0
G20,Grounding,Post-test,19,secondary,secondary_grounding_19,face,A,A,1
G20,Grounding,Post-test,20,secondary,secondary_grounding_20,withdraw,B,B,1
G21,Grounding,Pretest,1,target,target_01,reconsider,B,B,1
G21,Grounding,Pretest,2,target,target_02,avoidable,D,D,1
G21,Grounding,Pretest,3,target,target_03,uncertain,A,A,1
G21,Grounding,Pretest,4,target,target_04,maintain,B,B,1
G21,Grounding,Pretest,5,target,target_05,settle,C,C,1
G21,Grounding,Pretest,6,target,target_06,misleading,B,A,0
G21,Grounding,Pretest,7,target,target_07,discourage,D,C,0
G21,Grounding,Pretest,8,target,target_08,retain,D,A,0
G21,Grounding,Pretest,9,target,target_09,overlook,A,D,0
G21,Grounding,Pretest,10,target,target_10,engage,D,C,0
G21,Grounding,Pretest,11,secondary,secondary_grounding_11,rethink,D,D,1
G21,Grounding,Pretest,12,secondary,secondary_grounding_12,unavoidable,D,C,0
G21,Grounding,Pretest,13,secondary,secondary_grounding_13,definite,A,A,1
G21,Grounding,Pretest,14,secondary,secondary_grounding_14,preserve,D,B,0
G21,Grounding,Pretest,15,secondary,secondary_grounding_15,dispute,C,C,1
G21,Grounding,Pretest,16,secondary,secondary_grounding_16,mislead,B,B,1
G21,Grounding,Pretest,17,secondary,secondary_grounding_17,encourage,D,A,0
G21,Grounding,Pretest,18,secondary,secondary_grounding_18,memory,D,D,1
G21,Grounding,Pretest,19,secondary,secondary_grounding_19,face,D,A,0
G21,Grounding,Pretest,20,secondary,secondary_grounding_20,withdraw,B,B,1
G21,Grounding,Post-test,1,target,target_01,reconsider,B,B,1
G21,Grounding,Post-test,2,target,target_02,avoidable,D,D,1
G21,Grounding,Post-test,3,target,target_03,uncertain,A,A,1
G21,Grounding,Post-test,4,target,target_04,maintain,B,B,1
G21,Grounding,Post-test,5,target,target_05,settle,C,C,1
G21,Grounding,Post-test,6,target,target_06,misleading,C,A,0
G21,Grounding,Post-test,7,target,target_07,discourage,C,C,1
G21,Grounding,Post-test,8,target,target_08,retain,A,A,1
G21,Grounding,Post-test,9,target,target_09,overlook,D,D,1
G21,Grounding,Post-test,10,target,target_10,engage,C,C,1
G21,Grounding,Post-test,11,secondary,secondary_grounding_11,rethink,D,D,1
G21,Grounding,Post-test,12,secondary,secondary_grounding_12,unavoidable,C,C,1
G21,Grounding,Post-test,13,secondary,secondary_grounding_13,definite,B,A,0
G21,Grounding,Post-test,14,secondary,secondary_grounding_14,preserve,B,B,1
G21,Grounding,Post-test,15,secondary,secondary_grounding_15,dispute,C,C,1
G21,Grounding,Post-test,16,secondary,secondary_grounding_16,mislead,B,B,1
G21,Grounding,Post-test,17,secondary,secondary_grounding_17,encourage,D,A,0
G21,Grounding,Post-test,18,secondary,secondary_grounding_18,memory,D,D,1
G21,Grounding,Post-test,19,secondary,secondary_grounding_19,face,A,A,1
G21,Grounding,Post-test,20,secondary,secondary_grounding_20,withdraw,B,B,1
G22,Grounding,Pretest,1,target,target_01,reconsider,B,B,1
G22,Grounding,Pretest,2,target,target_02,avoidable,D,D,1
G22,Grounding,Pretest,3,target,target_03,uncertain,B,A,0
G22,Grounding,Pretest,4,target,target_04,maintain,B,B,1
G22,Grounding,Pretest,5,target,target_05,settle,C,C,1
G22,Grounding,Pretest,6,target,target_06,misleading,D,A,0
G22,Grounding,Pretest,7,target,target_07,discourage,B,C,0
G22,Grounding,Pretest,8,target,target_08,retain,D,A,0
G22,Grounding,Pretest,9,target,target_09,overlook,D,D,1
G22,Grounding,Pretest,10,target,target_10,engage,C,C,1
G22,Grounding,Pretest,11,secondary,secondary_grounding_11,rethink,D,D,1
G22,Grounding,Pretest,12,secondary,secondary_grounding_12,unavoidable,D,C,0
G22,Grounding,Pretest,13,secondary,secondary_grounding_13,definite,D,A,0
G22,Grounding,Pretest,14,secondary,secondary_grounding_14,preserve,C,B,0
G22,Grounding,Pretest,15,secondary,secondary_grounding_15,dispute,A,C,0
G22,Grounding,Pretest,16,secondary,secondary_grounding_16,mislead,A,B,0
G22,Grounding,Pretest,17,secondary,secondary_grounding_17,encourage,A,A,1
G22,Grounding,Pretest,18,secondary,secondary_grounding_18,memory,D,D,1
G22,Grounding,Pretest,19,secondary,secondary_grounding_19,face,C,A,0
G22,Grounding,Pretest,20,secondary,secondary_grounding_20,withdraw,C,B,0
G22,Grounding,Post-test,1,target,target_01,reconsider,B,B,1
G22,Grounding,Post-test,2,target,target_02,avoidable,D,D,1
G22,Grounding,Post-test,3,target,target_03,uncertain,A,A,1
G22,Grounding,Post-test,4,target,target_04,maintain,B,B,1
G22,Grounding,Post-test,5,target,target_05,settle,C,C,1
G22,Grounding,Post-test,6,target,target_06,misleading,A,A,1
G22,Grounding,Post-test,7,target,target_07,discourage,C,C,1
G22,Grounding,Post-test,8,target,target_08,retain,A,A,1
G22,Grounding,Post-test,9,target,target_09,overlook,D,D,1
G22,Grounding,Post-test,10,target,target_10,engage,C,C,1
G22,Grounding,Post-test,11,secondary,secondary_grounding_11,rethink,D,D,1
G22,Grounding,Post-test,12,secondary,secondary_grounding_12,unavoidable,C,C,1
G22,Grounding,Post-test,13,secondary,secondary_grounding_13,definite,A,A,1
G22,Grounding,Post-test,14,secondary,secondary_grounding_14,preserve,B,B,1
G22,Grounding,Post-test,15,secondary,secondary_grounding_15,dispute,B,C,0
G22,Grounding,Post-test,16,secondary,secondary_grounding_16,mislead,B,B,1
G22,Grounding,Post-test,17,secondary,secondary_grounding_17,encourage,A,A,1
G22,Grounding,Post-test,18,secondary,secondary_grounding_18,memory,D,D,1
G22,Grounding,Post-test,19,secondary,secondary_grounding_19,face,C,A,0
G22,Grounding,Post-test,20,secondary,secondary_grounding_20,withdraw,B,B,1
G23,Grounding,Pretest,1,target,target_01,reconsider,D,B,0
G23,Grounding,Pretest,2,target,target_02,avoidable,C,D,0
G23,Grounding,Pretest,3,target,target_03,uncertain,A,A,1
G23,Grounding,Pretest,4,target,target_04,maintain,B,B,1
G23,Grounding,Pretest,5,target,target_05,settle,D,C,0
G23,Grounding,Pretest,6,target,target_06,misleading,A,A,1
G23,Grounding,Pretest,7,target,target_07,discourage,D,C,0
G23,Grounding,Pretest,8,target,target_08,retain,C,A,0
G23,Grounding,Pretest,9,target,target_09,overlook,C,D,0
G23,Grounding,Pretest,10,target,target_10,engage,D,C,0
G23,Grounding,Pretest,11,secondary,secondary_grounding_11,rethink,B,D,0
G23,Grounding,Pretest,12,secondary,secondary_grounding_12,unavoidable,C,C,1
G23,Grounding,Pretest,13,secondary,secondary_grounding_13,definite,A,A,1
G23,Grounding,Pretest,14,secondary,secondary_grounding_14,preserve,C,B,0
G23,Grounding,Pretest,15,secondary,secondary_grounding_15,dispute,C,C,1
G23,Grounding,Pretest,16,secondary,secondary_grounding_16,mislead,B,B,1
G23,Grounding,Pretest,17,secondary,secondary_grounding_17,encourage,A,A,1
G23,Grounding,Pretest,18,secondary,secondary_grounding_18,memory,D,D,1
G23,Grounding,Pretest,19,secondary,secondary_grounding_19,face,B,A,0
G23,Grounding,Pretest,20,secondary,secondary_grounding_20,withdraw,D,B,0
G23,Grounding,Post-test,1,target,target_01,reconsider,B,B,1
G23,Grounding,Post-test,2,target,target_02,avoidable,D,D,1
G23,Grounding,Post-test,3,target,target_03,uncertain,A,A,1
G23,Grounding,Post-test,4,target,target_04,maintain,B,B,1
G23,Grounding,Post-test,5,target,target_05,settle,C,C,1
G23,Grounding,Post-test,6,target,target_06,misleading,A,A,1
G23,Grounding,Post-test,7,target,target_07,discourage,C,C,1
G23,Grounding,Post-test,8,target,target_08,retain,A,A,1
G23,Grounding,Post-test,9,target,target_09,overlook,B,D,0
G23,Grounding,Post-test,10,target,target_10,engage,C,C,1
G23,Grounding,Post-test,11,secondary,secondary_grounding_11,rethink,B,D,0
G23,Grounding,Post-test,12,secondary,secondary_grounding_12,unavoidable,C,C,1
G23,Grounding,Post-test,13,secondary,secondary_grounding_13,definite,A,A,1
G23,Grounding,Post-test,14,secondary,secondary_grounding_14,preserve,B,B,1
G23,Grounding,Post-test,15,secondary,secondary_grounding_15,dispute,C,C,1
G23,Grounding,Post-test,16,secondary,secondary_grounding_16,mislead,B,B,1
G23,Grounding,Post-test,17,secondary,secondary_grounding_17,encourage,A,A,1
G23,Grounding,Post-test,18,secondary,secondary_grounding_18,memory,D,D,1
G23,Grounding,Post-test,19,secondary,secondary_grounding_19,face,B,A,0
G23,Grounding,Post-test,20,secondary,secondary_grounding_20,withdraw,D,B,0
G24,Grounding,Pretest,1,target,target_01,reconsider,D,B,0
G24,Grounding,Pretest,2,target,target_02,avoidable,B,D,0
G24,Grounding,Pretest,3,target,target_03,uncertain,C,A,0
G24,Grounding,Pretest,4,target,target_04,maintain,B,B,1
G24,Grounding,Pretest,5,target,target_05,settle,B,C,0
G24,Grounding,Pretest,6,target,target_06,misleading,A,A,1
G24,Grounding,Pretest,7,target,target_07,discourage,C,C,1
G24,Grounding,Pretest,8,target,target_08,retain,D,A,0
G24,Grounding,Pretest,9,target,target_09,overlook,B,D,0
G24,Grounding,Pretest,10,target,target_10,engage,D,C,0
G24,Grounding,Pretest,11,secondary,secondary_grounding_11,rethink,A,D,0
G24,Grounding,Pretest,12,secondary,secondary_grounding_12,unavoidable,C,C,1
G24,Grounding,Pretest,13,secondary,secondary_grounding_13,definite,D,A,0
G24,Grounding,Pretest,14,secondary,secondary_grounding_14,preserve,B,B,1
G24,Grounding,Pretest,15,secondary,secondary_grounding_15,dispute,A,C,0
G24,Grounding,Pretest,16,secondary,secondary_grounding_16,mislead,D,B,0
G24,Grounding,Pretest,17,secondary,secondary_grounding_17,encourage,D,A,0
G24,Grounding,Pretest,18,secondary,secondary_grounding_18,memory,C,D,0
G24,Grounding,Pretest,19,secondary,secondary_grounding_19,face,A,A,1
G24,Grounding,Pretest,20,secondary,secondary_grounding_20,withdraw,D,B,0
G24,Grounding,Post-test,1,target,target_01,reconsider,B,B,1
G24,Grounding,Post-test,2,target,target_02,avoidable,B,D,0
G24,Grounding,Post-test,3,target,target_03,uncertain,A,A,1
G24,Grounding,Post-test,4,target,target_04,maintain,B,B,1
G24,Grounding,Post-test,5,target,target_05,settle,C,C,1
G24,Grounding,Post-test,6,target,target_06,misleading,A,A,1
G24,Grounding,Post-test,7,target,target_07,discourage,C,C,1
G24,Grounding,Post-test,8,target,target_08,retain,D,A,0
G24,Grounding,Post-test,9,target,target_09,overlook,D,D,1
G24,Grounding,Post-test,10,target,target_10,engage,C,C,1
G24,Grounding,Post-test,11,secondary,secondary_grounding_11,rethink,A,D,0
G24,Grounding,Post-test,12,secondary,secondary_grounding_12,unavoidable,C,C,1
G24,Grounding,Post-test,13,secondary,secondary_grounding_13,definite,A,A,1
G24,Grounding,Post-test,14,secondary,secondary_grounding_14,preserve,B,B,1
G24,Grounding,Post-test,15,secondary,secondary_grounding_15,dispute,A,C,0
G24,Grounding,Post-test,16,secondary,secondary_grounding_16,mislead,D,B,0
G24,Grounding,Post-test,17,secondary,secondary_grounding_17,encourage,A,A,1
G24,Grounding,Post-test,18,secondary,secondary_grounding_18,memory,A,D,0
G24,Grounding,Post-test,19,secondary,secondary_grounding_19,face,A,A,1
G24,Grounding,Post-test,20,secondary,secondary_grounding_20,withdraw,D,B,0
G25,Grounding,Pretest,1,target,target_01,reconsider,B,B,1
G25,Grounding,Pretest,2,target,target_02,avoidable,A,D,0
G25,Grounding,Pretest,3,target,target_03,uncertain,A,A,1
G25,Grounding,Pretest,4,target,target_04,maintain,B,B,1
G25,Grounding,Pretest,5,target,target_05,settle,D,C,0
G25,Grounding,Pretest,6,target,target_06,misleading,A,A,1
G25,Grounding,Pretest,7,target,target_07,discourage,B,C,0
G25,Grounding,Pretest,8,target,target_08,retain,B,A,0
G25,Grounding,Pretest,9,target,target_09,overlook,A,D,0
G25,Grounding,Pretest,10,target,target_10,engage,D,C,0
G25,Grounding,Pretest,11,secondary,secondary_grounding_11,rethink,D,D,1
G25,Grounding,Pretest,12,secondary,secondary_grounding_12,unavoidable,C,C,1
G25,Grounding,Pretest,13,secondary,secondary_grounding_13,definite,C,A,0
G25,Grounding,Pretest,14,secondary,secondary_grounding_14,preserve,B,B,1
G25,Grounding,Pretest,15,secondary,secondary_grounding_15,dispute,A,C,0
G25,Grounding,Pretest,16,secondary,secondary_grounding_16,mislead,B,B,1
G25,Grounding,Pretest,17,secondary,secondary_grounding_17,encourage,A,A,1
G25,Grounding,Pretest,18,secondary,secondary_grounding_18,memory,D,D,1
G25,Grounding,Pretest,19,secondary,secondary_grounding_19,face,A,A,1
G25,Grounding,Pretest,20,secondary,secondary_grounding_20,withdraw,B,B,1
G25,Grounding,Post-test,1,target,target_01,reconsider,B,B,1
G25,Grounding,Post-test,2,target,target_02,avoidable,C,D,0
G25,Grounding,Post-test,3,target,target_03,uncertain,A,A,1
G25,Grounding,Post-test,4,target,target_04,maintain,B,B,1
G25,Grounding,Post-test,5,target,target_05,settle,C,C,1
G25,Grounding,Post-test,6,target,target_06,misleading,A,A,1
G25,Grounding,Post-test,7,target,target_07,discourage,C,C,1
G25,Grounding,Post-test,8,target,target_08,retain,B,A,0
G25,Grounding,Post-test,9,target,target_09,overlook,D,D,1
G25,Grounding,Post-test,10,target,target_10,engage,A,C,0
G25,Grounding,Post-test,11,secondary,secondary_grounding_11,rethink,D,D,1
G25,Grounding,Post-test,12,secondary,secondary_grounding_12,unavoidable,C,C,1
G25,Grounding,Post-test,13,secondary,secondary_grounding_13,definite,A,A,1
G25,Grounding,Post-test,14,secondary,secondary_grounding_14,preserve,B,B,1
G25,Grounding,Post-test,15,secondary,secondary_grounding_15,dispute,A,C,0
G25,Grounding,Post-test,16,secondary,secondary_grounding_16,mislead,B,B,1
G25,Grounding,Post-test,17,secondary,secondary_grounding_17,encourage,A,A,1
G25,Grounding,Post-test,18,secondary,secondary_grounding_18,memory,D,D,1
G25,Grounding,Post-test,19,secondary,secondary_grounding_19,face,A,A,1
G25,Grounding,Post-test,20,secondary,secondary_grounding_20,withdraw,B,B,1
G26,Grounding,Pretest,1,target,target_01,reconsider,D,B,0
G26,Grounding,Pretest,2,target,target_02,avoidable,D,D,1
G26,Grounding,Pretest,3,target,target_03,uncertain,C,A,0
G26,Grounding,Pretest,4,target,target_04,maintain,A,B,0
G26,Grounding,Pretest,5,target,target_05,settle,B,C,0
G26,Grounding,Pretest,6,target,target_06,misleading,C,A,0
G26,Grounding,Pretest,7,target,target_07,discourage,D,C,0
G26,Grounding,Pretest,8,target,target_08,retain,D,A,0
G26,Grounding,Pretest,9,target,target_09,overlook,C,D,0
G26,Grounding,Pretest,10,target,target_10,engage,C,C,1
G26,Grounding,Pretest,11,secondary,secondary_grounding_11,rethink,A,D,0
G26,Grounding,Pretest,12,secondary,secondary_grounding_12,unavoidable,D,C,0
G26,Grounding,Pretest,13,secondary,secondary_grounding_13,definite,B,A,0
G26,Grounding,Pretest,14,secondary,secondary_grounding_14,preserve,D,B,0
G26,Grounding,Pretest,15,secondary,secondary_grounding_15,dispute,C,C,1
G26,Grounding,Pretest,16,secondary,secondary_grounding_16,mislead,D,B,0
G26,Grounding,Pretest,17,secondary,secondary_grounding_17,encourage,C,A,0
G26,Grounding,Pretest,18,secondary,secondary_grounding_18,memory,D,D,1
G26,Grounding,Pretest,19,secondary,secondary_grounding_19,face,A,A,1
G26,Grounding,Pretest,20,secondary,secondary_grounding_20,withdraw,B,B,1
G26,Grounding,Post-test,1,target,target_01,reconsider,A,B,0
G26,Grounding,Post-test,2,target,target_02,avoidable,D,D,1
G26,Grounding,Post-test,3,target,target_03,uncertain,A,A,1
G26,Grounding,Post-test,4,target,target_04,maintain,B,B,1
G26,Grounding,Post-test,5,target,target_05,settle,C,C,1
G26,Grounding,Post-test,6,target,target_06,misleading,A,A,1
G26,Grounding,Post-test,7,target,target_07,discourage,C,C,1
G26,Grounding,Post-test,8,target,target_08,retain,D,A,0
G26,Grounding,Post-test,9,target,target_09,overlook,D,D,1
G26,Grounding,Post-test,10,target,target_10,engage,C,C,1
G26,Grounding,Post-test,11,secondary,secondary_grounding_11,rethink,A,D,0
G26,Grounding,Post-test,12,secondary,secondary_grounding_12,unavoidable,C,C,1
G26,Grounding,Post-test,13,secondary,secondary_grounding_13,definite,A,A,1
G26,Grounding,Post-test,14,secondary,secondary_grounding_14,preserve,C,B,0
G26,Grounding,Post-test,15,secondary,secondary_grounding_15,dispute,C,C,1
G26,Grounding,Post-test,16,secondary,secondary_grounding_16,mislead,B,B,1
G26,Grounding,Post-test,17,secondary,secondary_grounding_17,encourage,C,A,0
G26,Grounding,Post-test,18,secondary,secondary_grounding_18,memory,D,D,1
G26,Grounding,Post-test,19,secondary,secondary_grounding_19,face,A,A,1
G26,Grounding,Post-test,20,secondary,secondary_grounding_20,withdraw,B,B,1
G27,Grounding,Pretest,1,target,target_01,reconsider,B,B,1
G27,Grounding,Pretest,2,target,target_02,avoidable,D,D,1
G27,Grounding,Pretest,3,target,target_03,uncertain,A,A,1
G27,Grounding,Pretest,4,target,target_04,maintain,B,B,1
G27,Grounding,Pretest,5,target,target_05,settle,C,C,1
G27,Grounding,Pretest,6,target,target_06,misleading,C,A,0
G27,Grounding,Pretest,7,target,target_07,discourage,A,C,0
G27,Grounding,Pretest,8,target,target_08,retain,D,A,0
G27,Grounding,Pretest,9,target,target_09,overlook,D,D,1
G27,Grounding,Pretest,10,target,target_10,engage,D,C,0
G27,Grounding,Pretest,11,secondary,secondary_grounding_11,rethink,D,D,1
G27,Grounding,Pretest,12,secondary,secondary_grounding_12,unavoidable,C,C,1
G27,Grounding,Pretest,13,secondary,secondary_grounding_13,definite,D,A,0
G27,Grounding,Pretest,14,secondary,secondary_grounding_14,preserve,D,B,0
G27,Grounding,Pretest,15,secondary,secondary_grounding_15,dispute,A,C,0
G27,Grounding,Pretest,16,secondary,secondary_grounding_16,mislead,B,B,1
G27,Grounding,Pretest,17,secondary,secondary_grounding_17,encourage,A,A,1
G27,Grounding,Pretest,18,secondary,secondary_grounding_18,memory,B,D,0
G27,Grounding,Pretest,19,secondary,secondary_grounding_19,face,B,A,0
G27,Grounding,Pretest,20,secondary,secondary_grounding_20,withdraw,D,B,0
G27,Grounding,Post-test,1,target,target_01,reconsider,B,B,1
G27,Grounding,Post-test,2,target,target_02,avoidable,D,D,1
G27,Grounding,Post-test,3,target,target_03,uncertain,A,A,1
G27,Grounding,Post-test,4,target,target_04,maintain,B,B,1
G27,Grounding,Post-test,5,target,target_05,settle,C,C,1
G27,Grounding,Post-test,6,target,target_06,misleading,A,A,1
G27,Grounding,Post-test,7,target,target_07,discourage,C,C,1
G27,Grounding,Post-test,8,target,target_08,retain,D,A,0
G27,Grounding,Post-test,9,target,target_09,overlook,D,D,1
G27,Grounding,Post-test,10,target,target_10,engage,C,C,1
G27,Grounding,Post-test,11,secondary,secondary_grounding_11,rethink,B,D,0
G27,Grounding,Post-test,12,secondary,secondary_grounding_12,unavoidable,A,C,0
G27,Grounding,Post-test,13,secondary,secondary_grounding_13,definite,A,A,1
G27,Grounding,Post-test,14,secondary,secondary_grounding_14,preserve,D,B,0
G27,Grounding,Post-test,15,secondary,secondary_grounding_15,dispute,B,C,0
G27,Grounding,Post-test,16,secondary,secondary_grounding_16,mislead,B,B,1
G27,Grounding,Post-test,17,secondary,secondary_grounding_17,encourage,A,A,1
G27,Grounding,Post-test,18,secondary,secondary_grounding_18,memory,D,D,1
G27,Grounding,Post-test,19,secondary,secondary_grounding_19,face,A,A,1
G27,Grounding,Post-test,20,secondary,secondary_grounding_20,withdraw,B,B,1
G28,Grounding,Pretest,1,target,target_01,reconsider,D,B,0
G28,Grounding,Pretest,2,target,target_02,avoidable,D,D,1
G28,Grounding,Pretest,3,target,target_03,uncertain,A,A,1
G28,Grounding,Pretest,4,target,target_04,maintain,B,B,1
G28,Grounding,Pretest,5,target,target_05,settle,A,C,0
G28,Grounding,Pretest,6,target,target_06,misleading,A,A,1
G28,Grounding,Pretest,7,target,target_07,discourage,B,C,0
G28,Grounding,Pretest,8,target,target_08,retain,A,A,1
G28,Grounding,Pretest,9,target,target_09,overlook,A,D,0
G28,Grounding,Pretest,10,target,target_10,engage,D,C,0
G28,Grounding,Pretest,11,secondary,secondary_grounding_11,rethink,C,D,0
G28,Grounding,Pretest,12,secondary,secondary_grounding_12,unavoidable,C,C,1
G28,Grounding,Pretest,13,secondary,secondary_grounding_13,definite,A,A,1
G28,Grounding,Pretest,14,secondary,secondary_grounding_14,preserve,D,B,0
G28,Grounding,Pretest,15,secondary,secondary_grounding_15,dispute,A,C,0
G28,Grounding,Pretest,16,secondary,secondary_grounding_16,mislead,A,B,0
G28,Grounding,Pretest,17,secondary,secondary_grounding_17,encourage,B,A,0
G28,Grounding,Pretest,18,secondary,secondary_grounding_18,memory,B,D,0
G28,Grounding,Pretest,19,secondary,secondary_grounding_19,face,B,A,0
G28,Grounding,Pretest,20,secondary,secondary_grounding_20,withdraw,D,B,0
G28,Grounding,Post-test,1,target,target_01,reconsider,A,B,0
G28,Grounding,Post-test,2,target,target_02,avoidable,D,D,1
G28,Grounding,Post-test,3,target,target_03,uncertain,A,A,1
G28,Grounding,Post-test,4,target,target_04,maintain,B,B,1
G28,Grounding,Post-test,5,target,target_05,settle,C,C,1
G28,Grounding,Post-test,6,target,target_06,misleading,A,A,1
G28,Grounding,Post-test,7,target,target_07,discourage,C,C,1
G28,Grounding,Post-test,8,target,target_08,retain,A,A,1
G28,Grounding,Post-test,9,target,target_09,overlook,D,D,1
G28,Grounding,Post-test,10,target,target_10,engage,C,C,1
G28,Grounding,Post-test,11,secondary,secondary_grounding_11,rethink,A,D,0
G28,Grounding,Post-test,12,secondary,secondary_grounding_12,unavoidable,D,C,0
G28,Grounding,Post-test,13,secondary,secondary_grounding_13,definite,A,A,1
G28,Grounding,Post-test,14,secondary,secondary_grounding_14,preserve,A,B,0
G28,Grounding,Post-test,15,secondary,secondary_grounding_15,dispute,D,C,0
G28,Grounding,Post-test,16,secondary,secondary_grounding_16,mislead,A,B,0
G28,Grounding,Post-test,17,secondary,secondary_grounding_17,encourage,C,A,0
G28,Grounding,Post-test,18,secondary,secondary_grounding_18,memory,D,D,1
G28,Grounding,Post-test,19,secondary,secondary_grounding_19,face,B,A,0
G28,Grounding,Post-test,20,secondary,secondary_grounding_20,withdraw,D,B,0
G29,Grounding,Pretest,1,target,target_01,reconsider,D,B,0
G29,Grounding,Pretest,2,target,target_02,avoidable,B,D,0
G29,Grounding,Pretest,3,target,target_03,uncertain,D,A,0
G29,Grounding,Pretest,4,target,target_04,maintain,C,B,0
G29,Grounding,Pretest,5,target,target_05,settle,C,C,1
G29,Grounding,Pretest,6,target,target_06,misleading,C,A,0
G29,Grounding,Pretest,7,target,target_07,discourage,D,C,0
G29,Grounding,Pretest,8,target,target_08,retain,D,A,0
G29,Grounding,Pretest,9,target,target_09,overlook,A,D,0
G29,Grounding,Pretest,10,target,target_10,engage,C,C,1
G29,Grounding,Pretest,11,secondary,secondary_grounding_11,rethink,B,D,0
G29,Grounding,Pretest,12,secondary,secondary_grounding_12,unavoidable,D,C,0
G29,Grounding,Pretest,13,secondary,secondary_grounding_13,definite,D,A,0
G29,Grounding,Pretest,14,secondary,secondary_grounding_14,preserve,D,B,0
G29,Grounding,Pretest,15,secondary,secondary_grounding_15,dispute,B,C,0
G29,Grounding,Pretest,16,secondary,secondary_grounding_16,mislead,C,B,0
G29,Grounding,Pretest,17,secondary,secondary_grounding_17,encourage,A,A,1
G29,Grounding,Pretest,18,secondary,secondary_grounding_18,memory,D,D,1
G29,Grounding,Pretest,19,secondary,secondary_grounding_19,face,D,A,0
G29,Grounding,Pretest,20,secondary,secondary_grounding_20,withdraw,D,B,0
G29,Grounding,Post-test,1,target,target_01,reconsider,D,B,0
G29,Grounding,Post-test,2,target,target_02,avoidable,D,D,1
G29,Grounding,Post-test,3,target,target_03,uncertain,A,A,1
G29,Grounding,Post-test,4,target,target_04,maintain,B,B,1
G29,Grounding,Post-test,5,target,target_05,settle,C,C,1
G29,Grounding,Post-test,6,target,target_06,misleading,A,A,1
G29,Grounding,Post-test,7,target,target_07,discourage,C,C,1
G29,Grounding,Post-test,8,target,target_08,retain,A,A,1
G29,Grounding,Post-test,9,target,target_09,overlook,D,D,1
G29,Grounding,Post-test,10,target,target_10,engage,C,C,1
G29,Grounding,Post-test,11,secondary,secondary_grounding_11,rethink,B,D,0
G29,Grounding,Post-test,12,secondary,secondary_grounding_12,unavoidable,D,C,0
G29,Grounding,Post-test,13,secondary,secondary_grounding_13,definite,D,A,0
G29,Grounding,Post-test,14,secondary,secondary_grounding_14,preserve,A,B,0
G29,Grounding,Post-test,15,secondary,secondary_grounding_15,dispute,C,C,1
G29,Grounding,Post-test,16,secondary,secondary_grounding_16,mislead,B,B,1
G29,Grounding,Post-test,17,secondary,secondary_grounding_17,encourage,A,A,1
G29,Grounding,Post-test,18,secondary,secondary_grounding_18,memory,D,D,1
G29,Grounding,Post-test,19,secondary,secondary_grounding_19,face,A,A,1
G29,Grounding,Post-test,20,secondary,secondary_grounding_20,withdraw,B,B,1
G30,Grounding,Pretest,1,target,target_01,reconsider,C,B,0
G30,Grounding,Pretest,2,target,target_02,avoidable,D,D,1
G30,Grounding,Pretest,3,target,target_03,uncertain,A,A,1
G30,Grounding,Pretest,4,target,target_04,maintain,C,B,0
G30,Grounding,Pretest,5,target,target_05,settle,C,C,1
G30,Grounding,Pretest,6,target,target_06,misleading,C,A,0
G30,Grounding,Pretest,7,target,target_07,discourage,C,C,1
G30,Grounding,Pretest,8,target,target_08,retain,D,A,0
G30,Grounding,Pretest,9,target,target_09,overlook,A,D,0
G30,Grounding,Pretest,10,target,target_10,engage,D,C,0
G30,Grounding,Pretest,11,secondary,secondary_grounding_11,rethink,D,D,1
G30,Grounding,Pretest,12,secondary,secondary_grounding_12,unavoidable,C,C,1
G30,Grounding,Pretest,13,secondary,secondary_grounding_13,definite,A,A,1
G30,Grounding,Pretest,14,secondary,secondary_grounding_14,preserve,D,B,0
G30,Grounding,Pretest,15,secondary,secondary_grounding_15,dispute,D,C,0
G30,Grounding,Pretest,16,secondary,secondary_grounding_16,mislead,B,B,1
G30,Grounding,Pretest,17,secondary,secondary_grounding_17,encourage,A,A,1
G30,Grounding,Pretest,18,secondary,secondary_grounding_18,memory,B,D,0
G30,Grounding,Pretest,19,secondary,secondary_grounding_19,face,A,A,1
G30,Grounding,Pretest,20,secondary,secondary_grounding_20,withdraw,D,B,0
G30,Grounding,Post-test,1,target,target_01,reconsider,C,B,0
G30,Grounding,Post-test,2,target,target_02,avoidable,D,D,1
G30,Grounding,Post-test,3,target,target_03,uncertain,A,A,1
G30,Grounding,Post-test,4,target,target_04,maintain,B,B,1
G30,Grounding,Post-test,5,target,target_05,settle,C,C,1
G30,Grounding,Post-test,6,target,target_06,misleading,A,A,1
G30,Grounding,Post-test,7,target,target_07,discourage,C,C,1
G30,Grounding,Post-test,8,target,target_08,retain,A,A,1
G30,Grounding,Post-test,9,target,target_09,overlook,C,D,0
G30,Grounding,Post-test,10,target,target_10,engage,C,C,1
G30,Grounding,Post-test,11,secondary,secondary_grounding_11,rethink,D,D,1
G30,Grounding,Post-test,12,secondary,secondary_grounding_12,unavoidable,C,C,1
G30,Grounding,Post-test,13,secondary,secondary_grounding_13,definite,A,A,1
G30,Grounding,Post-test,14,secondary,secondary_grounding_14,preserve,B,B,1
G30,Grounding,Post-test,15,secondary,secondary_grounding_15,dispute,C,C,1
G30,Grounding,Post-test,16,secondary,secondary_grounding_16,mislead,B,B,1
G30,Grounding,Post-test,17,secondary,secondary_grounding_17,encourage,A,A,1
G30,Grounding,Post-test,18,secondary,secondary_grounding_18,memory,B,D,0
G30,Grounding,Post-test,19,secondary,secondary_grounding_19,face,A,A,1
G30,Grounding,Post-test,20,secondary,secondary_grounding_20,withdraw,D,B,0
T01,Thematic,Pretest,1,target,target_01,reconsider,C,B,0
T01,Thematic,Pretest,2,target,target_02,avoidable,B,D,0
T01,Thematic,Pretest,3,target,target_03,uncertain,A,A,1
T01,Thematic,Pretest,4,target,target_04,maintain,B,B,1
T01,Thematic,Pretest,5,target,target_05,settle,B,C,0
T01,Thematic,Pretest,6,target,target_06,misleading,C,A,0
T01,Thematic,Pretest,7,target,target_07,discourage,A,C,0
T01,Thematic,Pretest,8,target,target_08,retain,B,A,0
T01,Thematic,Pretest,9,target,target_09,overlook,B,D,0
T01,Thematic,Pretest,10,target,target_10,engage,C,C,1
T01,Thematic,Pretest,11,secondary,secondary_thematic_11,prepare,B,B,1
T01,Thematic,Pretest,12,secondary,secondary_thematic_12,pending,D,C,0
T01,Thematic,Pretest,13,secondary,secondary_thematic_13,urgent,C,A,0
T01,Thematic,Pretest,14,secondary,secondary_thematic_14,submit,C,D,0
T01,Thematic,Pretest,15,secondary,secondary_thematic_15,assign,B,A,0
T01,Thematic,Pretest,16,secondary,secondary_thematic_16,flexible,C,D,0
T01,Thematic,Pretest,17,secondary,secondary_thematic_17,arrange,B,B,1
T01,Thematic,Pretest,18,secondary,secondary_thematic_18,estimate,D,C,0
T01,Thematic,Pretest,19,secondary,secondary_thematic_19,notify,B,B,1
T01,Thematic,Pretest,20,secondary,secondary_thematic_20,record,D,D,1
T01,Thematic,Post-test,1,target,target_01,reconsider,D,B,0
T01,Thematic,Post-test,2,target,target_02,avoidable,D,D,1
T01,Thematic,Post-test,3,target,target_03,uncertain,A,A,1
T01,Thematic,Post-test,4,target,target_04,maintain,D,B,0
T01,Thematic,Post-test,5,target,target_05,settle,D,C,0
T01,Thematic,Post-test,6,target,target_06,misleading,C,A,0
T01,Thematic,Post-test,7,target,target_07,discourage,C,C,1
T01,Thematic,Post-test,8,target,target_08,retain,D,A,0
T01,Thematic,Post-test,9,target,target_09,overlook,A,D,0
T01,Thematic,Post-test,10,target,target_10,engage,B,C,0
T01,Thematic,Post-test,11,secondary,secondary_thematic_11,prepare,B,B,1
T01,Thematic,Post-test,12,secondary,secondary_thematic_12,pending,C,C,1
T01,Thematic,Post-test,13,secondary,secondary_thematic_13,urgent,A,A,1
T01,Thematic,Post-test,14,secondary,secondary_thematic_14,submit,C,D,0
T01,Thematic,Post-test,15,secondary,secondary_thematic_15,assign,B,A,0
T01,Thematic,Post-test,16,secondary,secondary_thematic_16,flexible,D,D,1
T01,Thematic,Post-test,17,secondary,secondary_thematic_17,arrange,B,B,1
T01,Thematic,Post-test,18,secondary,secondary_thematic_18,estimate,C,C,1
T01,Thematic,Post-test,19,secondary,secondary_thematic_19,notify,B,B,1
T01,Thematic,Post-test,20,secondary,secondary_thematic_20,record,D,D,1
T02,Thematic,Pretest,1,target,target_01,reconsider,D,B,0
T02,Thematic,Pretest,2,target,target_02,avoidable,B,D,0
T02,Thematic,Pretest,3,target,target_03,uncertain,C,A,0
T02,Thematic,Pretest,4,target,target_04,maintain,B,B,1
T02,Thematic,Pretest,5,target,target_05,settle,D,C,0
T02,Thematic,Pretest,6,target,target_06,misleading,A,A,1
T02,Thematic,Pretest,7,target,target_07,discourage,B,C,0
T02,Thematic,Pretest,8,target,target_08,retain,A,A,1
T02,Thematic,Pretest,9,target,target_09,overlook,A,D,0
T02,Thematic,Pretest,10,target,target_10,engage,D,C,0
T02,Thematic,Pretest,11,secondary,secondary_thematic_11,prepare,B,B,1
T02,Thematic,Pretest,12,secondary,secondary_thematic_12,pending,B,C,0
T02,Thematic,Pretest,13,secondary,secondary_thematic_13,urgent,B,A,0
T02,Thematic,Pretest,14,secondary,secondary_thematic_14,submit,D,D,1
T02,Thematic,Pretest,15,secondary,secondary_thematic_15,assign,B,A,0
T02,Thematic,Pretest,16,secondary,secondary_thematic_16,flexible,D,D,1
T02,Thematic,Pretest,17,secondary,secondary_thematic_17,arrange,A,B,0
T02,Thematic,Pretest,18,secondary,secondary_thematic_18,estimate,C,C,1
T02,Thematic,Pretest,19,secondary,secondary_thematic_19,notify,A,B,0
T02,Thematic,Pretest,20,secondary,secondary_thematic_20,record,A,D,0
T02,Thematic,Post-test,1,target,target_01,reconsider,A,B,0
T02,Thematic,Post-test,2,target,target_02,avoidable,A,D,0
T02,Thematic,Post-test,3,target,target_03,uncertain,B,A,0
T02,Thematic,Post-test,4,target,target_04,maintain,B,B,1
T02,Thematic,Post-test,5,target,target_05,settle,D,C,0
T02,Thematic,Post-test,6,target,target_06,misleading,A,A,1
T02,Thematic,Post-test,7,target,target_07,discourage,C,C,1
T02,Thematic,Post-test,8,target,target_08,retain,A,A,1
T02,Thematic,Post-test,9,target,target_09,overlook,B,D,0
T02,Thematic,Post-test,10,target,target_10,engage,C,C,1
T02,Thematic,Post-test,11,secondary,secondary_thematic_11,prepare,A,B,0
T02,Thematic,Post-test,12,secondary,secondary_thematic_12,pending,C,C,1
T02,Thematic,Post-test,13,secondary,secondary_thematic_13,urgent,C,A,0
T02,Thematic,Post-test,14,secondary,secondary_thematic_14,submit,D,D,1
T02,Thematic,Post-test,15,secondary,secondary_thematic_15,assign,D,A,0
T02,Thematic,Post-test,16,secondary,secondary_thematic_16,flexible,D,D,1
T02,Thematic,Post-test,17,secondary,secondary_thematic_17,arrange,A,B,0
T02,Thematic,Post-test,18,secondary,secondary_thematic_18,estimate,C,C,1
T02,Thematic,Post-test,19,secondary,secondary_thematic_19,notify,B,B,1
T02,Thematic,Post-test,20,secondary,secondary_thematic_20,record,C,D,0
T03,Thematic,Pretest,1,target,target_01,reconsider,D,B,0
T03,Thematic,Pretest,2,target,target_02,avoidable,D,D,1
T03,Thematic,Pretest,3,target,target_03,uncertain,A,A,1
T03,Thematic,Pretest,4,target,target_04,maintain,B,B,1
T03,Thematic,Pretest,5,target,target_05,settle,D,C,0
T03,Thematic,Pretest,6,target,target_06,misleading,A,A,1
T03,Thematic,Pretest,7,target,target_07,discourage,B,C,0
T03,Thematic,Pretest,8,target,target_08,retain,D,A,0
T03,Thematic,Pretest,9,target,target_09,overlook,A,D,0
T03,Thematic,Pretest,10,target,target_10,engage,D,C,0
T03,Thematic,Pretest,11,secondary,secondary_thematic_11,prepare,B,B,1
T03,Thematic,Pretest,12,secondary,secondary_thematic_12,pending,D,C,0
T03,Thematic,Pretest,13,secondary,secondary_thematic_13,urgent,A,A,1
T03,Thematic,Pretest,14,secondary,secondary_thematic_14,submit,D,D,1
T03,Thematic,Pretest,15,secondary,secondary_thematic_15,assign,B,A,0
T03,Thematic,Pretest,16,secondary,secondary_thematic_16,flexible,C,D,0
T03,Thematic,Pretest,17,secondary,secondary_thematic_17,arrange,B,B,1
T03,Thematic,Pretest,18,secondary,secondary_thematic_18,estimate,A,C,0
T03,Thematic,Pretest,19,secondary,secondary_thematic_19,notify,B,B,1
T03,Thematic,Pretest,20,secondary,secondary_thematic_20,record,D,D,1
T03,Thematic,Post-test,1,target,target_01,reconsider,D,B,0
T03,Thematic,Post-test,2,target,target_02,avoidable,D,D,1
T03,Thematic,Post-test,3,target,target_03,uncertain,A,A,1
T03,Thematic,Post-test,4,target,target_04,maintain,B,B,1
T03,Thematic,Post-test,5,target,target_05,settle,D,C,0
T03,Thematic,Post-test,6,target,target_06,misleading,A,A,1
T03,Thematic,Post-test,7,target,target_07,discourage,C,C,1
T03,Thematic,Post-test,8,target,target_08,retain,D,A,0
T03,Thematic,Post-test,9,target,target_09,overlook,D,D,1
T03,Thematic,Post-test,10,target,target_10,engage,A,C,0
T03,Thematic,Post-test,11,secondary,secondary_thematic_11,prepare,B,B,1
T03,Thematic,Post-test,12,secondary,secondary_thematic_12,pending,C,C,1
T03,Thematic,Post-test,13,secondary,secondary_thematic_13,urgent,A,A,1
T03,Thematic,Post-test,14,secondary,secondary_thematic_14,submit,D,D,1
T03,Thematic,Post-test,15,secondary,secondary_thematic_15,assign,B,A,0
T03,Thematic,Post-test,16,secondary,secondary_thematic_16,flexible,C,D,0
T03,Thematic,Post-test,17,secondary,secondary_thematic_17,arrange,B,B,1
T03,Thematic,Post-test,18,secondary,secondary_thematic_18,estimate,C,C,1
T03,Thematic,Post-test,19,secondary,secondary_thematic_19,notify,B,B,1
T03,Thematic,Post-test,20,secondary,secondary_thematic_20,record,D,D,1
T04,Thematic,Pretest,1,target,target_01,reconsider,B,B,1
T04,Thematic,Pretest,2,target,target_02,avoidable,B,D,0
T04,Thematic,Pretest,3,target,target_03,uncertain,C,A,0
T04,Thematic,Pretest,4,target,target_04,maintain,B,B,1
T04,Thematic,Pretest,5,target,target_05,settle,C,C,1
T04,Thematic,Pretest,6,target,target_06,misleading,C,A,0
T04,Thematic,Pretest,7,target,target_07,discourage,C,C,1
T04,Thematic,Pretest,8,target,target_08,retain,D,A,0
T04,Thematic,Pretest,9,target,target_09,overlook,A,D,0
T04,Thematic,Pretest,10,target,target_10,engage,D,C,0
T04,Thematic,Pretest,11,secondary,secondary_thematic_11,prepare,D,B,0
T04,Thematic,Pretest,12,secondary,secondary_thematic_12,pending,D,C,0
T04,Thematic,Pretest,13,secondary,secondary_thematic_13,urgent,C,A,0
T04,Thematic,Pretest,14,secondary,secondary_thematic_14,submit,A,D,0
T04,Thematic,Pretest,15,secondary,secondary_thematic_15,assign,B,A,0
T04,Thematic,Pretest,16,secondary,secondary_thematic_16,flexible,D,D,1
T04,Thematic,Pretest,17,secondary,secondary_thematic_17,arrange,B,B,1
T04,Thematic,Pretest,18,secondary,secondary_thematic_18,estimate,C,C,1
T04,Thematic,Pretest,19,secondary,secondary_thematic_19,notify,C,B,0
T04,Thematic,Pretest,20,secondary,secondary_thematic_20,record,D,D,1
T04,Thematic,Post-test,1,target,target_01,reconsider,B,B,1
T04,Thematic,Post-test,2,target,target_02,avoidable,D,D,1
T04,Thematic,Post-test,3,target,target_03,uncertain,A,A,1
T04,Thematic,Post-test,4,target,target_04,maintain,B,B,1
T04,Thematic,Post-test,5,target,target_05,settle,C,C,1
T04,Thematic,Post-test,6,target,target_06,misleading,C,A,0
T04,Thematic,Post-test,7,target,target_07,discourage,A,C,0
T04,Thematic,Post-test,8,target,target_08,retain,D,A,0
T04,Thematic,Post-test,9,target,target_09,overlook,A,D,0
T04,Thematic,Post-test,10,target,target_10,engage,C,C,1
T04,Thematic,Post-test,11,secondary,secondary_thematic_11,prepare,D,B,0
T04,Thematic,Post-test,12,secondary,secondary_thematic_12,pending,C,C,1
T04,Thematic,Post-test,13,secondary,secondary_thematic_13,urgent,C,A,0
T04,Thematic,Post-test,14,secondary,secondary_thematic_14,submit,A,D,0
T04,Thematic,Post-test,15,secondary,secondary_thematic_15,assign,A,A,1
T04,Thematic,Post-test,16,secondary,secondary_thematic_16,flexible,D,D,1
T04,Thematic,Post-test,17,secondary,secondary_thematic_17,arrange,B,B,1
T04,Thematic,Post-test,18,secondary,secondary_thematic_18,estimate,D,C,0
T04,Thematic,Post-test,19,secondary,secondary_thematic_19,notify,A,B,0
T04,Thematic,Post-test,20,secondary,secondary_thematic_20,record,D,D,1
T05,Thematic,Pretest,1,target,target_01,reconsider,D,B,0
T05,Thematic,Pretest,2,target,target_02,avoidable,C,D,0
T05,Thematic,Pretest,3,target,target_03,uncertain,C,A,0
T05,Thematic,Pretest,4,target,target_04,maintain,B,B,1
T05,Thematic,Pretest,5,target,target_05,settle,D,C,0
T05,Thematic,Pretest,6,target,target_06,misleading,A,A,1
T05,Thematic,Pretest,7,target,target_07,discourage,D,C,0
T05,Thematic,Pretest,8,target,target_08,retain,C,A,0
T05,Thematic,Pretest,9,target,target_09,overlook,A,D,0
T05,Thematic,Pretest,10,target,target_10,engage,D,C,0
T05,Thematic,Pretest,11,secondary,secondary_thematic_11,prepare,B,B,1
T05,Thematic,Pretest,12,secondary,secondary_thematic_12,pending,D,C,0
T05,Thematic,Pretest,13,secondary,secondary_thematic_13,urgent,C,A,0
T05,Thematic,Pretest,14,secondary,secondary_thematic_14,submit,C,D,0
T05,Thematic,Pretest,15,secondary,secondary_thematic_15,assign,A,A,1
T05,Thematic,Pretest,16,secondary,secondary_thematic_16,flexible,C,D,0
T05,Thematic,Pretest,17,secondary,secondary_thematic_17,arrange,B,B,1
T05,Thematic,Pretest,18,secondary,secondary_thematic_18,estimate,B,C,0
T05,Thematic,Pretest,19,secondary,secondary_thematic_19,notify,A,B,0
T05,Thematic,Pretest,20,secondary,secondary_thematic_20,record,A,D,0
T05,Thematic,Post-test,1,target,target_01,reconsider,D,B,0
T05,Thematic,Post-test,2,target,target_02,avoidable,D,D,1
T05,Thematic,Post-test,3,target,target_03,uncertain,C,A,0
T05,Thematic,Post-test,4,target,target_04,maintain,B,B,1
T05,Thematic,Post-test,5,target,target_05,settle,D,C,0
T05,Thematic,Post-test,6,target,target_06,misleading,A,A,1
T05,Thematic,Post-test,7,target,target_07,discourage,D,C,0
T05,Thematic,Post-test,8,target,target_08,retain,C,A,0
T05,Thematic,Post-test,9,target,target_09,overlook,C,D,0
T05,Thematic,Post-test,10,target,target_10,engage,D,C,0
T05,Thematic,Post-test,11,secondary,secondary_thematic_11,prepare,B,B,1
T05,Thematic,Post-test,12,secondary,secondary_thematic_12,pending,C,C,1
T05,Thematic,Post-test,13,secondary,secondary_thematic_13,urgent,A,A,1
T05,Thematic,Post-test,14,secondary,secondary_thematic_14,submit,B,D,0
T05,Thematic,Post-test,15,secondary,secondary_thematic_15,assign,A,A,1
T05,Thematic,Post-test,16,secondary,secondary_thematic_16,flexible,A,D,0
T05,Thematic,Post-test,17,secondary,secondary_thematic_17,arrange,B,B,1
T05,Thematic,Post-test,18,secondary,secondary_thematic_18,estimate,D,C,0
T05,Thematic,Post-test,19,secondary,secondary_thematic_19,notify,B,B,1
T05,Thematic,Post-test,20,secondary,secondary_thematic_20,record,D,D,1
T06,Thematic,Pretest,1,target,target_01,reconsider,B,B,1
T06,Thematic,Pretest,2,target,target_02,avoidable,D,D,1
T06,Thematic,Pretest,3,target,target_03,uncertain,C,A,0
T06,Thematic,Pretest,4,target,target_04,maintain,D,B,0
T06,Thematic,Pretest,5,target,target_05,settle,D,C,0
T06,Thematic,Pretest,6,target,target_06,misleading,A,A,1
T06,Thematic,Pretest,7,target,target_07,discourage,A,C,0
T06,Thematic,Pretest,8,target,target_08,retain,D,A,0
T06,Thematic,Pretest,9,target,target_09,overlook,D,D,1
T06,Thematic,Pretest,10,target,target_10,engage,D,C,0
T06,Thematic,Pretest,11,secondary,secondary_thematic_11,prepare,A,B,0
T06,Thematic,Pretest,12,secondary,secondary_thematic_12,pending,C,C,1
T06,Thematic,Pretest,13,secondary,secondary_thematic_13,urgent,A,A,1
T06,Thematic,Pretest,14,secondary,secondary_thematic_14,submit,B,D,0
T06,Thematic,Pretest,15,secondary,secondary_thematic_15,assign,B,A,0
T06,Thematic,Pretest,16,secondary,secondary_thematic_16,flexible,D,D,1
T06,Thematic,Pretest,17,secondary,secondary_thematic_17,arrange,A,B,0
T06,Thematic,Pretest,18,secondary,secondary_thematic_18,estimate,B,C,0
T06,Thematic,Pretest,19,secondary,secondary_thematic_19,notify,A,B,0
T06,Thematic,Pretest,20,secondary,secondary_thematic_20,record,D,D,1
T06,Thematic,Post-test,1,target,target_01,reconsider,B,B,1
T06,Thematic,Post-test,2,target,target_02,avoidable,D,D,1
T06,Thematic,Post-test,3,target,target_03,uncertain,C,A,0
T06,Thematic,Post-test,4,target,target_04,maintain,D,B,0
T06,Thematic,Post-test,5,target,target_05,settle,C,C,1
T06,Thematic,Post-test,6,target,target_06,misleading,A,A,1
T06,Thematic,Post-test,7,target,target_07,discourage,C,C,1
T06,Thematic,Post-test,8,target,target_08,retain,A,A,1
T06,Thematic,Post-test,9,target,target_09,overlook,D,D,1
T06,Thematic,Post-test,10,target,target_10,engage,B,C,0
T06,Thematic,Post-test,11,secondary,secondary_thematic_11,prepare,A,B,0
T06,Thematic,Post-test,12,secondary,secondary_thematic_12,pending,C,C,1
T06,Thematic,Post-test,13,secondary,secondary_thematic_13,urgent,A,A,1
T06,Thematic,Post-test,14,secondary,secondary_thematic_14,submit,D,D,1
T06,Thematic,Post-test,15,secondary,secondary_thematic_15,assign,C,A,0
T06,Thematic,Post-test,16,secondary,secondary_thematic_16,flexible,D,D,1
T06,Thematic,Post-test,17,secondary,secondary_thematic_17,arrange,B,B,1
T06,Thematic,Post-test,18,secondary,secondary_thematic_18,estimate,C,C,1
T06,Thematic,Post-test,19,secondary,secondary_thematic_19,notify,D,B,0
T06,Thematic,Post-test,20,secondary,secondary_thematic_20,record,D,D,1
T07,Thematic,Pretest,1,target,target_01,reconsider,B,B,1
T07,Thematic,Pretest,2,target,target_02,avoidable,A,D,0
T07,Thematic,Pretest,3,target,target_03,uncertain,D,A,0
T07,Thematic,Pretest,4,target,target_04,maintain,B,B,1
T07,Thematic,Pretest,5,target,target_05,settle,A,C,0
T07,Thematic,Pretest,6,target,target_06,misleading,D,A,0
T07,Thematic,Pretest,7,target,target_07,discourage,D,C,0
T07,Thematic,Pretest,8,target,target_08,retain,A,A,1
T07,Thematic,Pretest,9,target,target_09,overlook,A,D,0
T07,Thematic,Pretest,10,target,target_10,engage,C,C,1
T07,Thematic,Pretest,11,secondary,secondary_thematic_11,prepare,B,B,1
T07,Thematic,Pretest,12,secondary,secondary_thematic_12,pending,B,C,0
T07,Thematic,Pretest,13,secondary,secondary_thematic_13,urgent,A,A,1
T07,Thematic,Pretest,14,secondary,secondary_thematic_14,submit,D,D,1
T07,Thematic,Pretest,15,secondary,secondary_thematic_15,assign,A,A,1
T07,Thematic,Pretest,16,secondary,secondary_thematic_16,flexible,C,D,0
T07,Thematic,Pretest,17,secondary,secondary_thematic_17,arrange,B,B,1
T07,Thematic,Pretest,18,secondary,secondary_thematic_18,estimate,A,C,0
T07,Thematic,Pretest,19,secondary,secondary_thematic_19,notify,A,B,0
T07,Thematic,Pretest,20,secondary,secondary_thematic_20,record,D,D,1
T07,Thematic,Post-test,1,target,target_01,reconsider,B,B,1
T07,Thematic,Post-test,2,target,target_02,avoidable,A,D,0
T07,Thematic,Post-test,3,target,target_03,uncertain,A,A,1
T07,Thematic,Post-test,4,target,target_04,maintain,B,B,1
T07,Thematic,Post-test,5,target,target_05,settle,C,C,1
T07,Thematic,Post-test,6,target,target_06,misleading,A,A,1
T07,Thematic,Post-test,7,target,target_07,discourage,C,C,1
T07,Thematic,Post-test,8,target,target_08,retain,A,A,1
T07,Thematic,Post-test,9,target,target_09,overlook,D,D,1
T07,Thematic,Post-test,10,target,target_10,engage,C,C,1
T07,Thematic,Post-test,11,secondary,secondary_thematic_11,prepare,C,B,0
T07,Thematic,Post-test,12,secondary,secondary_thematic_12,pending,C,C,1
T07,Thematic,Post-test,13,secondary,secondary_thematic_13,urgent,A,A,1
T07,Thematic,Post-test,14,secondary,secondary_thematic_14,submit,D,D,1
T07,Thematic,Post-test,15,secondary,secondary_thematic_15,assign,A,A,1
T07,Thematic,Post-test,16,secondary,secondary_thematic_16,flexible,B,D,0
T07,Thematic,Post-test,17,secondary,secondary_thematic_17,arrange,B,B,1
T07,Thematic,Post-test,18,secondary,secondary_thematic_18,estimate,A,C,0
T07,Thematic,Post-test,19,secondary,secondary_thematic_19,notify,D,B,0
T07,Thematic,Post-test,20,secondary,secondary_thematic_20,record,D,D,1
T08,Thematic,Pretest,1,target,target_01,reconsider,B,B,1
T08,Thematic,Pretest,2,target,target_02,avoidable,A,D,0
T08,Thematic,Pretest,3,target,target_03,uncertain,A,A,1
T08,Thematic,Pretest,4,target,target_04,maintain,D,B,0
T08,Thematic,Pretest,5,target,target_05,settle,C,C,1
T08,Thematic,Pretest,6,target,target_06,misleading,A,A,1
T08,Thematic,Pretest,7,target,target_07,discourage,C,C,1
T08,Thematic,Pretest,8,target,target_08,retain,D,A,0
T08,Thematic,Pretest,9,target,target_09,overlook,A,D,0
T08,Thematic,Pretest,10,target,target_10,engage,C,C,1
T08,Thematic,Pretest,11,secondary,secondary_thematic_11,prepare,B,B,1
T08,Thematic,Pretest,12,secondary,secondary_thematic_12,pending,C,C,1
T08,Thematic,Pretest,13,secondary,secondary_thematic_13,urgent,B,A,0
T08,Thematic,Pretest,14,secondary,secondary_thematic_14,submit,D,D,1
T08,Thematic,Pretest,15,secondary,secondary_thematic_15,assign,A,A,1
T08,Thematic,Pretest,16,secondary,secondary_thematic_16,flexible,D,D,1
T08,Thematic,Pretest,17,secondary,secondary_thematic_17,arrange,B,B,1
T08,Thematic,Pretest,18,secondary,secondary_thematic_18,estimate,C,C,1
T08,Thematic,Pretest,19,secondary,secondary_thematic_19,notify,B,B,1
T08,Thematic,Pretest,20,secondary,secondary_thematic_20,record,A,D,0
T08,Thematic,Post-test,1,target,target_01,reconsider,B,B,1
T08,Thematic,Post-test,2,target,target_02,avoidable,A,D,0
T08,Thematic,Post-test,3,target,target_03,uncertain,A,A,1
T08,Thematic,Post-test,4,target,target_04,maintain,B,B,1
T08,Thematic,Post-test,5,target,target_05,settle,C,C,1
T08,Thematic,Post-test,6,target,target_06,misleading,D,A,0
T08,Thematic,Post-test,7,target,target_07,discourage,B,C,0
T08,Thematic,Post-test,8,target,target_08,retain,D,A,0
T08,Thematic,Post-test,9,target,target_09,overlook,D,D,1
T08,Thematic,Post-test,10,target,target_10,engage,C,C,1
T08,Thematic,Post-test,11,secondary,secondary_thematic_11,prepare,B,B,1
T08,Thematic,Post-test,12,secondary,secondary_thematic_12,pending,C,C,1
T08,Thematic,Post-test,13,secondary,secondary_thematic_13,urgent,A,A,1
T08,Thematic,Post-test,14,secondary,secondary_thematic_14,submit,C,D,0
T08,Thematic,Post-test,15,secondary,secondary_thematic_15,assign,A,A,1
T08,Thematic,Post-test,16,secondary,secondary_thematic_16,flexible,D,D,1
T08,Thematic,Post-test,17,secondary,secondary_thematic_17,arrange,B,B,1
T08,Thematic,Post-test,18,secondary,secondary_thematic_18,estimate,C,C,1
T08,Thematic,Post-test,19,secondary,secondary_thematic_19,notify,B,B,1
T08,Thematic,Post-test,20,secondary,secondary_thematic_20,record,A,D,0
T09,Thematic,Pretest,1,target,target_01,reconsider,C,B,0
T09,Thematic,Pretest,2,target,target_02,avoidable,C,D,0
T09,Thematic,Pretest,3,target,target_03,uncertain,B,A,0
T09,Thematic,Pretest,4,target,target_04,maintain,C,B,0
T09,Thematic,Pretest,5,target,target_05,settle,D,C,0
T09,Thematic,Pretest,6,target,target_06,misleading,A,A,1
T09,Thematic,Pretest,7,target,target_07,discourage,D,C,0
T09,Thematic,Pretest,8,target,target_08,retain,D,A,0
T09,Thematic,Pretest,9,target,target_09,overlook,A,D,0
T09,Thematic,Pretest,10,target,target_10,engage,D,C,0
T09,Thematic,Pretest,11,secondary,secondary_thematic_11,prepare,B,B,1
T09,Thematic,Pretest,12,secondary,secondary_thematic_12,pending,A,C,0
T09,Thematic,Pretest,13,secondary,secondary_thematic_13,urgent,C,A,0
T09,Thematic,Pretest,14,secondary,secondary_thematic_14,submit,C,D,0
T09,Thematic,Pretest,15,secondary,secondary_thematic_15,assign,B,A,0
T09,Thematic,Pretest,16,secondary,secondary_thematic_16,flexible,B,D,0
T09,Thematic,Pretest,17,secondary,secondary_thematic_17,arrange,A,B,0
T09,Thematic,Pretest,18,secondary,secondary_thematic_18,estimate,C,C,1
T09,Thematic,Pretest,19,secondary,secondary_thematic_19,notify,C,B,0
T09,Thematic,Pretest,20,secondary,secondary_thematic_20,record,B,D,0
T09,Thematic,Post-test,1,target,target_01,reconsider,B,B,1
T09,Thematic,Post-test,2,target,target_02,avoidable,D,D,1
T09,Thematic,Post-test,3,target,target_03,uncertain,A,A,1
T09,Thematic,Post-test,4,target,target_04,maintain,C,B,0
T09,Thematic,Post-test,5,target,target_05,settle,B,C,0
T09,Thematic,Post-test,6,target,target_06,misleading,A,A,1
T09,Thematic,Post-test,7,target,target_07,discourage,B,C,0
T09,Thematic,Post-test,8,target,target_08,retain,A,A,1
T09,Thematic,Post-test,9,target,target_09,overlook,D,D,1
T09,Thematic,Post-test,10,target,target_10,engage,A,C,0
T09,Thematic,Post-test,11,secondary,secondary_thematic_11,prepare,B,B,1
T09,Thematic,Post-test,12,secondary,secondary_thematic_12,pending,A,C,0
T09,Thematic,Post-test,13,secondary,secondary_thematic_13,urgent,A,A,1
T09,Thematic,Post-test,14,secondary,secondary_thematic_14,submit,C,D,0
T09,Thematic,Post-test,15,secondary,secondary_thematic_15,assign,B,A,0
T09,Thematic,Post-test,16,secondary,secondary_thematic_16,flexible,D,D,1
T09,Thematic,Post-test,17,secondary,secondary_thematic_17,arrange,D,B,0
T09,Thematic,Post-test,18,secondary,secondary_thematic_18,estimate,C,C,1
T09,Thematic,Post-test,19,secondary,secondary_thematic_19,notify,B,B,1
T09,Thematic,Post-test,20,secondary,secondary_thematic_20,record,D,D,1
T10,Thematic,Pretest,1,target,target_01,reconsider,B,B,1
T10,Thematic,Pretest,2,target,target_02,avoidable,D,D,1
T10,Thematic,Pretest,3,target,target_03,uncertain,A,A,1
T10,Thematic,Pretest,4,target,target_04,maintain,B,B,1
T10,Thematic,Pretest,5,target,target_05,settle,C,C,1
T10,Thematic,Pretest,6,target,target_06,misleading,A,A,1
T10,Thematic,Pretest,7,target,target_07,discourage,C,C,1
T10,Thematic,Pretest,8,target,target_08,retain,D,A,0
T10,Thematic,Pretest,9,target,target_09,overlook,A,D,0
T10,Thematic,Pretest,10,target,target_10,engage,D,C,0
T10,Thematic,Pretest,11,secondary,secondary_thematic_11,prepare,A,B,0
T10,Thematic,Pretest,12,secondary,secondary_thematic_12,pending,D,C,0
T10,Thematic,Pretest,13,secondary,secondary_thematic_13,urgent,D,A,0
T10,Thematic,Pretest,14,secondary,secondary_thematic_14,submit,C,D,0
T10,Thematic,Pretest,15,secondary,secondary_thematic_15,assign,A,A,1
T10,Thematic,Pretest,16,secondary,secondary_thematic_16,flexible,A,D,0
T10,Thematic,Pretest,17,secondary,secondary_thematic_17,arrange,D,B,0
T10,Thematic,Pretest,18,secondary,secondary_thematic_18,estimate,B,C,0
T10,Thematic,Pretest,19,secondary,secondary_thematic_19,notify,A,B,0
T10,Thematic,Pretest,20,secondary,secondary_thematic_20,record,D,D,1
T10,Thematic,Post-test,1,target,target_01,reconsider,B,B,1
T10,Thematic,Post-test,2,target,target_02,avoidable,D,D,1
T10,Thematic,Post-test,3,target,target_03,uncertain,A,A,1
T10,Thematic,Post-test,4,target,target_04,maintain,B,B,1
T10,Thematic,Post-test,5,target,target_05,settle,C,C,1
T10,Thematic,Post-test,6,target,target_06,misleading,A,A,1
T10,Thematic,Post-test,7,target,target_07,discourage,C,C,1
T10,Thematic,Post-test,8,target,target_08,retain,A,A,1
T10,Thematic,Post-test,9,target,target_09,overlook,B,D,0
T10,Thematic,Post-test,10,target,target_10,engage,D,C,0
T10,Thematic,Post-test,11,secondary,secondary_thematic_11,prepare,B,B,1
T10,Thematic,Post-test,12,secondary,secondary_thematic_12,pending,C,C,1
T10,Thematic,Post-test,13,secondary,secondary_thematic_13,urgent,B,A,0
T10,Thematic,Post-test,14,secondary,secondary_thematic_14,submit,C,D,0
T10,Thematic,Post-test,15,secondary,secondary_thematic_15,assign,A,A,1
T10,Thematic,Post-test,16,secondary,secondary_thematic_16,flexible,A,D,0
T10,Thematic,Post-test,17,secondary,secondary_thematic_17,arrange,D,B,0
T10,Thematic,Post-test,18,secondary,secondary_thematic_18,estimate,C,C,1
T10,Thematic,Post-test,19,secondary,secondary_thematic_19,notify,D,B,0
T10,Thematic,Post-test,20,secondary,secondary_thematic_20,record,B,D,0
T11,Thematic,Pretest,1,target,target_01,reconsider,B,B,1
T11,Thematic,Pretest,2,target,target_02,avoidable,C,D,0
T11,Thematic,Pretest,3,target,target_03,uncertain,A,A,1
T11,Thematic,Pretest,4,target,target_04,maintain,C,B,0
T11,Thematic,Pretest,5,target,target_05,settle,C,C,1
T11,Thematic,Pretest,6,target,target_06,misleading,A,A,1
T11,Thematic,Pretest,7,target,target_07,discourage,D,C,0
T11,Thematic,Pretest,8,target,target_08,retain,A,A,1
T11,Thematic,Pretest,9,target,target_09,overlook,D,D,1
T11,Thematic,Pretest,10,target,target_10,engage,C,C,1
T11,Thematic,Pretest,11,secondary,secondary_thematic_11,prepare,B,B,1
T11,Thematic,Pretest,12,secondary,secondary_thematic_12,pending,D,C,0
T11,Thematic,Pretest,13,secondary,secondary_thematic_13,urgent,A,A,1
T11,Thematic,Pretest,14,secondary,secondary_thematic_14,submit,A,D,0
T11,Thematic,Pretest,15,secondary,secondary_thematic_15,assign,D,A,0
T11,Thematic,Pretest,16,secondary,secondary_thematic_16,flexible,D,D,1
T11,Thematic,Pretest,17,secondary,secondary_thematic_17,arrange,A,B,0
T11,Thematic,Pretest,18,secondary,secondary_thematic_18,estimate,B,C,0
T11,Thematic,Pretest,19,secondary,secondary_thematic_19,notify,D,B,0
T11,Thematic,Pretest,20,secondary,secondary_thematic_20,record,D,D,1
T11,Thematic,Post-test,1,target,target_01,reconsider,B,B,1
T11,Thematic,Post-test,2,target,target_02,avoidable,D,D,1
T11,Thematic,Post-test,3,target,target_03,uncertain,A,A,1
T11,Thematic,Post-test,4,target,target_04,maintain,B,B,1
T11,Thematic,Post-test,5,target,target_05,settle,C,C,1
T11,Thematic,Post-test,6,target,target_06,misleading,A,A,1
T11,Thematic,Post-test,7,target,target_07,discourage,D,C,0
T11,Thematic,Post-test,8,target,target_08,retain,A,A,1
T11,Thematic,Post-test,9,target,target_09,overlook,D,D,1
T11,Thematic,Post-test,10,target,target_10,engage,C,C,1
T11,Thematic,Post-test,11,secondary,secondary_thematic_11,prepare,B,B,1
T11,Thematic,Post-test,12,secondary,secondary_thematic_12,pending,B,C,0
T11,Thematic,Post-test,13,secondary,secondary_thematic_13,urgent,A,A,1
T11,Thematic,Post-test,14,secondary,secondary_thematic_14,submit,D,D,1
T11,Thematic,Post-test,15,secondary,secondary_thematic_15,assign,D,A,0
T11,Thematic,Post-test,16,secondary,secondary_thematic_16,flexible,D,D,1
T11,Thematic,Post-test,17,secondary,secondary_thematic_17,arrange,C,B,0
T11,Thematic,Post-test,18,secondary,secondary_thematic_18,estimate,C,C,1
T11,Thematic,Post-test,19,secondary,secondary_thematic_19,notify,B,B,1
T11,Thematic,Post-test,20,secondary,secondary_thematic_20,record,D,D,1
T12,Thematic,Pretest,1,target,target_01,reconsider,D,B,0
T12,Thematic,Pretest,2,target,target_02,avoidable,D,D,1
T12,Thematic,Pretest,3,target,target_03,uncertain,A,A,1
T12,Thematic,Pretest,4,target,target_04,maintain,B,B,1
T12,Thematic,Pretest,5,target,target_05,settle,D,C,0
T12,Thematic,Pretest,6,target,target_06,misleading,A,A,1
T12,Thematic,Pretest,7,target,target_07,discourage,D,C,0
T12,Thematic,Pretest,8,target,target_08,retain,D,A,0
T12,Thematic,Pretest,9,target,target_09,overlook,D,D,1
T12,Thematic,Pretest,10,target,target_10,engage,C,C,1
T12,Thematic,Pretest,11,secondary,secondary_thematic_11,prepare,B,B,1
T12,Thematic,Pretest,12,secondary,secondary_thematic_12,pending,D,C,0
T12,Thematic,Pretest,13,secondary,secondary_thematic_13,urgent,A,A,1
T12,Thematic,Pretest,14,secondary,secondary_thematic_14,submit,C,D,0
T12,Thematic,Pretest,15,secondary,secondary_thematic_15,assign,A,A,1
T12,Thematic,Pretest,16,secondary,secondary_thematic_16,flexible,D,D,1
T12,Thematic,Pretest,17,secondary,secondary_thematic_17,arrange,B,B,1
T12,Thematic,Pretest,18,secondary,secondary_thematic_18,estimate,B,C,0
T12,Thematic,Pretest,19,secondary,secondary_thematic_19,notify,C,B,0
T12,Thematic,Pretest,20,secondary,secondary_thematic_20,record,D,D,1
T12,Thematic,Post-test,1,target,target_01,reconsider,A,B,0
T12,Thematic,Post-test,2,target,target_02,avoidable,D,D,1
T12,Thematic,Post-test,3,target,target_03,uncertain,A,A,1
T12,Thematic,Post-test,4,target,target_04,maintain,B,B,1
T12,Thematic,Post-test,5,target,target_05,settle,C,C,1
T12,Thematic,Post-test,6,target,target_06,misleading,A,A,1
T12,Thematic,Post-test,7,target,target_07,discourage,C,C,1
T12,Thematic,Post-test,8,target,target_08,retain,A,A,1
T12,Thematic,Post-test,9,target,target_09,overlook,D,D,1
T12,Thematic,Post-test,10,target,target_10,engage,C,C,1
T12,Thematic,Post-test,11,secondary,secondary_thematic_11,prepare,D,B,0
T12,Thematic,Post-test,12,secondary,secondary_thematic_12,pending,B,C,0
T12,Thematic,Post-test,13,secondary,secondary_thematic_13,urgent,B,A,0
T12,Thematic,Post-test,14,secondary,secondary_thematic_14,submit,B,D,0
T12,Thematic,Post-test,15,secondary,secondary_thematic_15,assign,A,A,1
T12,Thematic,Post-test,16,secondary,secondary_thematic_16,flexible,D,D,1
T12,Thematic,Post-test,17,secondary,secondary_thematic_17,arrange,B,B,1
T12,Thematic,Post-test,18,secondary,secondary_thematic_18,estimate,A,C,0
T12,Thematic,Post-test,19,secondary,secondary_thematic_19,notify,C,B,0
T12,Thematic,Post-test,20,secondary,secondary_thematic_20,record,D,D,1
T13,Thematic,Pretest,1,target,target_01,reconsider,A,B,0
T13,Thematic,Pretest,2,target,target_02,avoidable,D,D,1
T13,Thematic,Pretest,3,target,target_03,uncertain,A,A,1
T13,Thematic,Pretest,4,target,target_04,maintain,A,B,0
T13,Thematic,Pretest,5,target,target_05,settle,C,C,1
T13,Thematic,Pretest,6,target,target_06,misleading,D,A,0
T13,Thematic,Pretest,7,target,target_07,discourage,C,C,1
T13,Thematic,Pretest,8,target,target_08,retain,D,A,0
T13,Thematic,Pretest,9,target,target_09,overlook,A,D,0
T13,Thematic,Pretest,10,target,target_10,engage,B,C,0
T13,Thematic,Pretest,11,secondary,secondary_thematic_11,prepare,B,B,1
T13,Thematic,Pretest,12,secondary,secondary_thematic_12,pending,C,C,1
T13,Thematic,Pretest,13,secondary,secondary_thematic_13,urgent,A,A,1
T13,Thematic,Pretest,14,secondary,secondary_thematic_14,submit,C,D,0
T13,Thematic,Pretest,15,secondary,secondary_thematic_15,assign,A,A,1
T13,Thematic,Pretest,16,secondary,secondary_thematic_16,flexible,D,D,1
T13,Thematic,Pretest,17,secondary,secondary_thematic_17,arrange,B,B,1
T13,Thematic,Pretest,18,secondary,secondary_thematic_18,estimate,B,C,0
T13,Thematic,Pretest,19,secondary,secondary_thematic_19,notify,A,B,0
T13,Thematic,Pretest,20,secondary,secondary_thematic_20,record,C,D,0
T13,Thematic,Post-test,1,target,target_01,reconsider,A,B,0
T13,Thematic,Post-test,2,target,target_02,avoidable,D,D,1
T13,Thematic,Post-test,3,target,target_03,uncertain,B,A,0
T13,Thematic,Post-test,4,target,target_04,maintain,B,B,1
T13,Thematic,Post-test,5,target,target_05,settle,C,C,1
T13,Thematic,Post-test,6,target,target_06,misleading,D,A,0
T13,Thematic,Post-test,7,target,target_07,discourage,C,C,1
T13,Thematic,Post-test,8,target,target_08,retain,B,A,0
T13,Thematic,Post-test,9,target,target_09,overlook,D,D,1
T13,Thematic,Post-test,10,target,target_10,engage,B,C,0
T13,Thematic,Post-test,11,secondary,secondary_thematic_11,prepare,B,B,1
T13,Thematic,Post-test,12,secondary,secondary_thematic_12,pending,C,C,1
T13,Thematic,Post-test,13,secondary,secondary_thematic_13,urgent,A,A,1
T13,Thematic,Post-test,14,secondary,secondary_thematic_14,submit,A,D,0
T13,Thematic,Post-test,15,secondary,secondary_thematic_15,assign,A,A,1
T13,Thematic,Post-test,16,secondary,secondary_thematic_16,flexible,D,D,1
T13,Thematic,Post-test,17,secondary,secondary_thematic_17,arrange,B,B,1
T13,Thematic,Post-test,18,secondary,secondary_thematic_18,estimate,D,C,0
T13,Thematic,Post-test,19,secondary,secondary_thematic_19,notify,A,B,0
T13,Thematic,Post-test,20,secondary,secondary_thematic_20,record,D,D,1
T14,Thematic,Pretest,1,target,target_01,reconsider,B,B,1
T14,Thematic,Pretest,2,target,target_02,avoidable,D,D,1
T14,Thematic,Pretest,3,target,target_03,uncertain,A,A,1
T14,Thematic,Pretest,4,target,target_04,maintain,C,B,0
T14,Thematic,Pretest,5,target,target_05,settle,B,C,0
T14,Thematic,Pretest,6,target,target_06,misleading,C,A,0
T14,Thematic,Pretest,7,target,target_07,discourage,C,C,1
T14,Thematic,Pretest,8,target,target_08,retain,D,A,0
T14,Thematic,Pretest,9,target,target_09,overlook,A,D,0
T14,Thematic,Pretest,10,target,target_10,engage,D,C,0
T14,Thematic,Pretest,11,secondary,secondary_thematic_11,prepare,B,B,1
T14,Thematic,Pretest,12,secondary,secondary_thematic_12,pending,C,C,1
T14,Thematic,Pretest,13,secondary,secondary_thematic_13,urgent,A,A,1
T14,Thematic,Pretest,14,secondary,secondary_thematic_14,submit,B,D,0
T14,Thematic,Pretest,15,secondary,secondary_thematic_15,assign,A,A,1
T14,Thematic,Pretest,16,secondary,secondary_thematic_16,flexible,C,D,0
T14,Thematic,Pretest,17,secondary,secondary_thematic_17,arrange,B,B,1
T14,Thematic,Pretest,18,secondary,secondary_thematic_18,estimate,C,C,1
T14,Thematic,Pretest,19,secondary,secondary_thematic_19,notify,D,B,0
T14,Thematic,Pretest,20,secondary,secondary_thematic_20,record,D,D,1
T14,Thematic,Post-test,1,target,target_01,reconsider,B,B,1
T14,Thematic,Post-test,2,target,target_02,avoidable,D,D,1
T14,Thematic,Post-test,3,target,target_03,uncertain,A,A,1
T14,Thematic,Post-test,4,target,target_04,maintain,A,B,0
T14,Thematic,Post-test,5,target,target_05,settle,C,C,1
T14,Thematic,Post-test,6,target,target_06,misleading,D,A,0
T14,Thematic,Post-test,7,target,target_07,discourage,C,C,1
T14,Thematic,Post-test,8,target,target_08,retain,A,A,1
T14,Thematic,Post-test,9,target,target_09,overlook,D,D,1
T14,Thematic,Post-test,10,target,target_10,engage,D,C,0
T14,Thematic,Post-test,11,secondary,secondary_thematic_11,prepare,B,B,1
T14,Thematic,Post-test,12,secondary,secondary_thematic_12,pending,C,C,1
T14,Thematic,Post-test,13,secondary,secondary_thematic_13,urgent,A,A,1
T14,Thematic,Post-test,14,secondary,secondary_thematic_14,submit,D,D,1
T14,Thematic,Post-test,15,secondary,secondary_thematic_15,assign,A,A,1
T14,Thematic,Post-test,16,secondary,secondary_thematic_16,flexible,D,D,1
T14,Thematic,Post-test,17,secondary,secondary_thematic_17,arrange,B,B,1
T14,Thematic,Post-test,18,secondary,secondary_thematic_18,estimate,C,C,1
T14,Thematic,Post-test,19,secondary,secondary_thematic_19,notify,B,B,1
T14,Thematic,Post-test,20,secondary,secondary_thematic_20,record,D,D,1
T15,Thematic,Pretest,1,target,target_01,reconsider,A,B,0
T15,Thematic,Pretest,2,target,target_02,avoidable,D,D,1
T15,Thematic,Pretest,3,target,target_03,uncertain,C,A,0
T15,Thematic,Pretest,4,target,target_04,maintain,C,B,0
T15,Thematic,Pretest,5,target,target_05,settle,A,C,0
T15,Thematic,Pretest,6,target,target_06,misleading,C,A,0
T15,Thematic,Pretest,7,target,target_07,discourage,C,C,1
T15,Thematic,Pretest,8,target,target_08,retain,D,A,0
T15,Thematic,Pretest,9,target,target_09,overlook,A,D,0
T15,Thematic,Pretest,10,target,target_10,engage,C,C,1
T15,Thematic,Pretest,11,secondary,secondary_thematic_11,prepare,B,B,1
T15,Thematic,Pretest,12,secondary,secondary_thematic_12,pending,A,C,0
T15,Thematic,Pretest,13,secondary,secondary_thematic_13,urgent,A,A,1
T15,Thematic,Pretest,14,secondary,secondary_thematic_14,submit,D,D,1
T15,Thematic,Pretest,15,secondary,secondary_thematic_15,assign,B,A,0
T15,Thematic,Pretest,16,secondary,secondary_thematic_16,flexible,B,D,0
T15,Thematic,Pretest,17,secondary,secondary_thematic_17,arrange,A,B,0
T15,Thematic,Pretest,18,secondary,secondary_thematic_18,estimate,A,C,0
T15,Thematic,Pretest,19,secondary,secondary_thematic_19,notify,A,B,0
T15,Thematic,Pretest,20,secondary,secondary_thematic_20,record,D,D,1
T15,Thematic,Post-test,1,target,target_01,reconsider,B,B,1
T15,Thematic,Post-test,2,target,target_02,avoidable,D,D,1
T15,Thematic,Post-test,3,target,target_03,uncertain,C,A,0
T15,Thematic,Post-test,4,target,target_04,maintain,B,B,1
T15,Thematic,Post-test,5,target,target_05,settle,A,C,0
T15,Thematic,Post-test,6,target,target_06,misleading,A,A,1
T15,Thematic,Post-test,7,target,target_07,discourage,A,C,0
T15,Thematic,Post-test,8,target,target_08,retain,B,A,0
T15,Thematic,Post-test,9,target,target_09,overlook,C,D,0
T15,Thematic,Post-test,10,target,target_10,engage,C,C,1
T15,Thematic,Post-test,11,secondary,secondary_thematic_11,prepare,B,B,1
T15,Thematic,Post-test,12,secondary,secondary_thematic_12,pending,A,C,0
T15,Thematic,Post-test,13,secondary,secondary_thematic_13,urgent,A,A,1
T15,Thematic,Post-test,14,secondary,secondary_thematic_14,submit,D,D,1
T15,Thematic,Post-test,15,secondary,secondary_thematic_15,assign,A,A,1
T15,Thematic,Post-test,16,secondary,secondary_thematic_16,flexible,D,D,1
T15,Thematic,Post-test,17,secondary,secondary_thematic_17,arrange,B,B,1
T15,Thematic,Post-test,18,secondary,secondary_thematic_18,estimate,A,C,0
T15,Thematic,Post-test,19,secondary,secondary_thematic_19,notify,B,B,1
T15,Thematic,Post-test,20,secondary,secondary_thematic_20,record,D,D,1
T16,Thematic,Pretest,1,target,target_01,reconsider,B,B,1
T16,Thematic,Pretest,2,target,target_02,avoidable,D,D,1
T16,Thematic,Pretest,3,target,target_03,uncertain,A,A,1
T16,Thematic,Pretest,4,target,target_04,maintain,B,B,1
T16,Thematic,Pretest,5,target,target_05,settle,C,C,1
T16,Thematic,Pretest,6,target,target_06,misleading,B,A,0
T16,Thematic,Pretest,7,target,target_07,discourage,A,C,0
T16,Thematic,Pretest,8,target,target_08,retain,A,A,1
T16,Thematic,Pretest,9,target,target_09,overlook,A,D,0
T16,Thematic,Pretest,10,target,target_10,engage,C,C,1
T16,Thematic,Pretest,11,secondary,secondary_thematic_11,prepare,A,B,0
T16,Thematic,Pretest,12,secondary,secondary_thematic_12,pending,B,C,0
T16,Thematic,Pretest,13,secondary,secondary_thematic_13,urgent,A,A,1
T16,Thematic,Pretest,14,secondary,secondary_thematic_14,submit,D,D,1
T16,Thematic,Pretest,15,secondary,secondary_thematic_15,assign,A,A,1
T16,Thematic,Pretest,16,secondary,secondary_thematic_16,flexible,D,D,1
T16,Thematic,Pretest,17,secondary,secondary_thematic_17,arrange,B,B,1
T16,Thematic,Pretest,18,secondary,secondary_thematic_18,estimate,C,C,1
T16,Thematic,Pretest,19,secondary,secondary_thematic_19,notify,B,B,1
T16,Thematic,Pretest,20,secondary,secondary_thematic_20,record,A,D,0
T16,Thematic,Post-test,1,target,target_01,reconsider,B,B,1
T16,Thematic,Post-test,2,target,target_02,avoidable,D,D,1
T16,Thematic,Post-test,3,target,target_03,uncertain,A,A,1
T16,Thematic,Post-test,4,target,target_04,maintain,B,B,1
T16,Thematic,Post-test,5,target,target_05,settle,C,C,1
T16,Thematic,Post-test,6,target,target_06,misleading,A,A,1
T16,Thematic,Post-test,7,target,target_07,discourage,A,C,0
T16,Thematic,Post-test,8,target,target_08,retain,A,A,1
T16,Thematic,Post-test,9,target,target_09,overlook,D,D,1
T16,Thematic,Post-test,10,target,target_10,engage,C,C,1
T16,Thematic,Post-test,11,secondary,secondary_thematic_11,prepare,D,B,0
T16,Thematic,Post-test,12,secondary,secondary_thematic_12,pending,B,C,0
T16,Thematic,Post-test,13,secondary,secondary_thematic_13,urgent,A,A,1
T16,Thematic,Post-test,14,secondary,secondary_thematic_14,submit,D,D,1
T16,Thematic,Post-test,15,secondary,secondary_thematic_15,assign,D,A,0
T16,Thematic,Post-test,16,secondary,secondary_thematic_16,flexible,D,D,1
T16,Thematic,Post-test,17,secondary,secondary_thematic_17,arrange,C,B,0
T16,Thematic,Post-test,18,secondary,secondary_thematic_18,estimate,C,C,1
T16,Thematic,Post-test,19,secondary,secondary_thematic_19,notify,B,B,1
T16,Thematic,Post-test,20,secondary,secondary_thematic_20,record,A,D,0
T17,Thematic,Pretest,1,target,target_01,reconsider,B,B,1
T17,Thematic,Pretest,2,target,target_02,avoidable,B,D,0
T17,Thematic,Pretest,3,target,target_03,uncertain,A,A,1
T17,Thematic,Pretest,4,target,target_04,maintain,B,B,1
T17,Thematic,Pretest,5,target,target_05,settle,C,C,1
T17,Thematic,Pretest,6,target,target_06,misleading,A,A,1
T17,Thematic,Pretest,7,target,target_07,discourage,D,C,0
T17,Thematic,Pretest,8,target,target_08,retain,D,A,0
T17,Thematic,Pretest,9,target,target_09,overlook,D,D,1
T17,Thematic,Pretest,10,target,target_10,engage,D,C,0
T17,Thematic,Pretest,11,secondary,secondary_thematic_11,prepare,B,B,1
T17,Thematic,Pretest,12,secondary,secondary_thematic_12,pending,D,C,0
T17,Thematic,Pretest,13,secondary,secondary_thematic_13,urgent,C,A,0
T17,Thematic,Pretest,14,secondary,secondary_thematic_14,submit,B,D,0
T17,Thematic,Pretest,15,secondary,secondary_thematic_15,assign,A,A,1
T17,Thematic,Pretest,16,secondary,secondary_thematic_16,flexible,A,D,0
T17,Thematic,Pretest,17,secondary,secondary_thematic_17,arrange,B,B,1
T17,Thematic,Pretest,18,secondary,secondary_thematic_18,estimate,B,C,0
T17,Thematic,Pretest,19,secondary,secondary_thematic_19,notify,A,B,0
T17,Thematic,Pretest,20,secondary,secondary_thematic_20,record,B,D,0
T17,Thematic,Post-test,1,target,target_01,reconsider,B,B,1
T17,Thematic,Post-test,2,target,target_02,avoidable,D,D,1
T17,Thematic,Post-test,3,target,target_03,uncertain,A,A,1
T17,Thematic,Post-test,4,target,target_04,maintain,B,B,1
T17,Thematic,Post-test,5,target,target_05,settle,C,C,1
T17,Thematic,Post-test,6,target,target_06,misleading,A,A,1
T17,Thematic,Post-test,7,target,target_07,discourage,D,C,0
T17,Thematic,Post-test,8,target,target_08,retain,D,A,0
T17,Thematic,Post-test,9,target,target_09,overlook,D,D,1
T17,Thematic,Post-test,10,target,target_10,engage,A,C,0
T17,Thematic,Post-test,11,secondary,secondary_thematic_11,prepare,B,B,1
T17,Thematic,Post-test,12,secondary,secondary_thematic_12,pending,C,C,1
T17,Thematic,Post-test,13,secondary,secondary_thematic_13,urgent,C,A,0
T17,Thematic,Post-test,14,secondary,secondary_thematic_14,submit,B,D,0
T17,Thematic,Post-test,15,secondary,secondary_thematic_15,assign,C,A,0
T17,Thematic,Post-test,16,secondary,secondary_thematic_16,flexible,C,D,0
T17,Thematic,Post-test,17,secondary,secondary_thematic_17,arrange,C,B,0
T17,Thematic,Post-test,18,secondary,secondary_thematic_18,estimate,C,C,1
T17,Thematic,Post-test,19,secondary,secondary_thematic_19,notify,B,B,1
T17,Thematic,Post-test,20,secondary,secondary_thematic_20,record,D,D,1
T18,Thematic,Pretest,1,target,target_01,reconsider,D,B,0
T18,Thematic,Pretest,2,target,target_02,avoidable,D,D,1
T18,Thematic,Pretest,3,target,target_03,uncertain,C,A,0
T18,Thematic,Pretest,4,target,target_04,maintain,C,B,0
T18,Thematic,Pretest,5,target,target_05,settle,C,C,1
T18,Thematic,Pretest,6,target,target_06,misleading,D,A,0
T18,Thematic,Pretest,7,target,target_07,discourage,B,C,0
T18,Thematic,Pretest,8,target,target_08,retain,D,A,0
T18,Thematic,Pretest,9,target,target_09,overlook,A,D,0
T18,Thematic,Pretest,10,target,target_10,engage,D,C,0
T18,Thematic,Pretest,11,secondary,secondary_thematic_11,prepare,A,B,0
T18,Thematic,Pretest,12,secondary,secondary_thematic_12,pending,C,C,1
T18,Thematic,Pretest,13,secondary,secondary_thematic_13,urgent,C,A,0
T18,Thematic,Pretest,14,secondary,secondary_thematic_14,submit,D,D,1
T18,Thematic,Pretest,15,secondary,secondary_thematic_15,assign,A,A,1
T18,Thematic,Pretest,16,secondary,secondary_thematic_16,flexible,D,D,1
T18,Thematic,Pretest,17,secondary,secondary_thematic_17,arrange,A,B,0
T18,Thematic,Pretest,18,secondary,secondary_thematic_18,estimate,B,C,0
T18,Thematic,Pretest,19,secondary,secondary_thematic_19,notify,B,B,1
T18,Thematic,Pretest,20,secondary,secondary_thematic_20,record,A,D,0
T18,Thematic,Post-test,1,target,target_01,reconsider,B,B,1
T18,Thematic,Post-test,2,target,target_02,avoidable,D,D,1
T18,Thematic,Post-test,3,target,target_03,uncertain,A,A,1
T18,Thematic,Post-test,4,target,target_04,maintain,B,B,1
T18,Thematic,Post-test,5,target,target_05,settle,C,C,1
T18,Thematic,Post-test,6,target,target_06,misleading,A,A,1
T18,Thematic,Post-test,7,target,target_07,discourage,A,C,0
T18,Thematic,Post-test,8,target,target_08,retain,B,A,0
T18,Thematic,Post-test,9,target,target_09,overlook,D,D,1
T18,Thematic,Post-test,10,target,target_10,engage,C,C,1
T18,Thematic,Post-test,11,secondary,secondary_thematic_11,prepare,B,B,1
T18,Thematic,Post-test,12,secondary,secondary_thematic_12,pending,C,C,1
T18,Thematic,Post-test,13,secondary,secondary_thematic_13,urgent,B,A,0
T18,Thematic,Post-test,14,secondary,secondary_thematic_14,submit,D,D,1
T18,Thematic,Post-test,15,secondary,secondary_thematic_15,assign,A,A,1
T18,Thematic,Post-test,16,secondary,secondary_thematic_16,flexible,D,D,1
T18,Thematic,Post-test,17,secondary,secondary_thematic_17,arrange,D,B,0
T18,Thematic,Post-test,18,secondary,secondary_thematic_18,estimate,C,C,1
T18,Thematic,Post-test,19,secondary,secondary_thematic_19,notify,B,B,1
T18,Thematic,Post-test,20,secondary,secondary_thematic_20,record,A,D,0
T19,Thematic,Pretest,1,target,target_01,reconsider,B,B,1
T19,Thematic,Pretest,2,target,target_02,avoidable,B,D,0
T19,Thematic,Pretest,3,target,target_03,uncertain,D,A,0
T19,Thematic,Pretest,4,target,target_04,maintain,C,B,0
T19,Thematic,Pretest,5,target,target_05,settle,D,C,0
T19,Thematic,Pretest,6,target,target_06,misleading,C,A,0
T19,Thematic,Pretest,7,target,target_07,discourage,B,C,0
T19,Thematic,Pretest,8,target,target_08,retain,D,A,0
T19,Thematic,Pretest,9,target,target_09,overlook,D,D,1
T19,Thematic,Pretest,10,target,target_10,engage,B,C,0
T19,Thematic,Pretest,11,secondary,secondary_thematic_11,prepare,B,B,1
T19,Thematic,Pretest,12,secondary,secondary_thematic_12,pending,A,C,0
T19,Thematic,Pretest,13,secondary,secondary_thematic_13,urgent,C,A,0
T19,Thematic,Pretest,14,secondary,secondary_thematic_14,submit,C,D,0
T19,Thematic,Pretest,15,secondary,secondary_thematic_15,assign,A,A,1
T19,Thematic,Pretest,16,secondary,secondary_thematic_16,flexible,C,D,0
T19,Thematic,Pretest,17,secondary,secondary_thematic_17,arrange,A,B,0
T19,Thematic,Pretest,18,secondary,secondary_thematic_18,estimate,B,C,0
T19,Thematic,Pretest,19,secondary,secondary_thematic_19,notify,A,B,0
T19,Thematic,Pretest,20,secondary,secondary_thematic_20,record,D,D,1
T19,Thematic,Post-test,1,target,target_01,reconsider,B,B,1
T19,Thematic,Post-test,2,target,target_02,avoidable,C,D,0
T19,Thematic,Post-test,3,target,target_03,uncertain,A,A,1
T19,Thematic,Post-test,4,target,target_04,maintain,B,B,1
T19,Thematic,Post-test,5,target,target_05,settle,D,C,0
T19,Thematic,Post-test,6,target,target_06,misleading,A,A,1
T19,Thematic,Post-test,7,target,target_07,discourage,B,C,0
T19,Thematic,Post-test,8,target,target_08,retain,D,A,0
T19,Thematic,Post-test,9,target,target_09,overlook,D,D,1
T19,Thematic,Post-test,10,target,target_10,engage,C,C,1
T19,Thematic,Post-test,11,secondary,secondary_thematic_11,prepare,B,B,1
T19,Thematic,Post-test,12,secondary,secondary_thematic_12,pending,C,C,1
T19,Thematic,Post-test,13,secondary,secondary_thematic_13,urgent,B,A,0
T19,Thematic,Post-test,14,secondary,secondary_thematic_14,submit,C,D,0
T19,Thematic,Post-test,15,secondary,secondary_thematic_15,assign,A,A,1
T19,Thematic,Post-test,16,secondary,secondary_thematic_16,flexible,C,D,0
T19,Thematic,Post-test,17,secondary,secondary_thematic_17,arrange,B,B,1
T19,Thematic,Post-test,18,secondary,secondary_thematic_18,estimate,B,C,0
T19,Thematic,Post-test,19,secondary,secondary_thematic_19,notify,C,B,0
T19,Thematic,Post-test,20,secondary,secondary_thematic_20,record,D,D,1
T20,Thematic,Pretest,1,target,target_01,reconsider,B,B,1
T20,Thematic,Pretest,2,target,target_02,avoidable,D,D,1
T20,Thematic,Pretest,3,target,target_03,uncertain,A,A,1
T20,Thematic,Pretest,4,target,target_04,maintain,B,B,1
T20,Thematic,Pretest,5,target,target_05,settle,C,C,1
T20,Thematic,Pretest,6,target,target_06,misleading,A,A,1
T20,Thematic,Pretest,7,target,target_07,discourage,C,C,1
T20,Thematic,Pretest,8,target,target_08,retain,D,A,0
T20,Thematic,Pretest,9,target,target_09,overlook,D,D,1
T20,Thematic,Pretest,10,target,target_10,engage,C,C,1
T20,Thematic,Pretest,11,secondary,secondary_thematic_11,prepare,B,B,1
T20,Thematic,Pretest,12,secondary,secondary_thematic_12,pending,D,C,0
T20,Thematic,Pretest,13,secondary,secondary_thematic_13,urgent,A,A,1
T20,Thematic,Pretest,14,secondary,secondary_thematic_14,submit,D,D,1
T20,Thematic,Pretest,15,secondary,secondary_thematic_15,assign,B,A,0
T20,Thematic,Pretest,16,secondary,secondary_thematic_16,flexible,D,D,1
T20,Thematic,Pretest,17,secondary,secondary_thematic_17,arrange,B,B,1
T20,Thematic,Pretest,18,secondary,secondary_thematic_18,estimate,C,C,1
T20,Thematic,Pretest,19,secondary,secondary_thematic_19,notify,D,B,0
T20,Thematic,Pretest,20,secondary,secondary_thematic_20,record,D,D,1
T20,Thematic,Post-test,1,target,target_01,reconsider,B,B,1
T20,Thematic,Post-test,2,target,target_02,avoidable,B,D,0
T20,Thematic,Post-test,3,target,target_03,uncertain,A,A,1
T20,Thematic,Post-test,4,target,target_04,maintain,B,B,1
T20,Thematic,Post-test,5,target,target_05,settle,C,C,1
T20,Thematic,Post-test,6,target,target_06,misleading,A,A,1
T20,Thematic,Post-test,7,target,target_07,discourage,C,C,1
T20,Thematic,Post-test,8,target,target_08,retain,D,A,0
T20,Thematic,Post-test,9,target,target_09,overlook,D,D,1
T20,Thematic,Post-test,10,target,target_10,engage,C,C,1
T20,Thematic,Post-test,11,secondary,secondary_thematic_11,prepare,B,B,1
T20,Thematic,Post-test,12,secondary,secondary_thematic_12,pending,C,C,1
T20,Thematic,Post-test,13,secondary,secondary_thematic_13,urgent,A,A,1
T20,Thematic,Post-test,14,secondary,secondary_thematic_14,submit,D,D,1
T20,Thematic,Post-test,15,secondary,secondary_thematic_15,assign,C,A,0
T20,Thematic,Post-test,16,secondary,secondary_thematic_16,flexible,A,D,0
T20,Thematic,Post-test,17,secondary,secondary_thematic_17,arrange,B,B,1
T20,Thematic,Post-test,18,secondary,secondary_thematic_18,estimate,C,C,1
T20,Thematic,Post-test,19,secondary,secondary_thematic_19,notify,B,B,1
T20,Thematic,Post-test,20,secondary,secondary_thematic_20,record,D,D,1
T21,Thematic,Pretest,1,target,target_01,reconsider,B,B,1
T21,Thematic,Pretest,2,target,target_02,avoidable,D,D,1
T21,Thematic,Pretest,3,target,target_03,uncertain,B,A,0
T21,Thematic,Pretest,4,target,target_04,maintain,B,B,1
T21,Thematic,Pretest,5,target,target_05,settle,B,C,0
T21,Thematic,Pretest,6,target,target_06,misleading,D,A,0
T21,Thematic,Pretest,7,target,target_07,discourage,D,C,0
T21,Thematic,Pretest,8,target,target_08,retain,D,A,0
T21,Thematic,Pretest,9,target,target_09,overlook,A,D,0
T21,Thematic,Pretest,10,target,target_10,engage,C,C,1
T21,Thematic,Pretest,11,secondary,secondary_thematic_11,prepare,B,B,1
T21,Thematic,Pretest,12,secondary,secondary_thematic_12,pending,D,C,0
T21,Thematic,Pretest,13,secondary,secondary_thematic_13,urgent,C,A,0
T21,Thematic,Pretest,14,secondary,secondary_thematic_14,submit,D,D,1
T21,Thematic,Pretest,15,secondary,secondary_thematic_15,assign,C,A,0
T21,Thematic,Pretest,16,secondary,secondary_thematic_16,flexible,D,D,1
T21,Thematic,Pretest,17,secondary,secondary_thematic_17,arrange,D,B,0
T21,Thematic,Pretest,18,secondary,secondary_thematic_18,estimate,B,C,0
T21,Thematic,Pretest,19,secondary,secondary_thematic_19,notify,D,B,0
T21,Thematic,Pretest,20,secondary,secondary_thematic_20,record,D,D,1
T21,Thematic,Post-test,1,target,target_01,reconsider,B,B,1
T21,Thematic,Post-test,2,target,target_02,avoidable,D,D,1
T21,Thematic,Post-test,3,target,target_03,uncertain,A,A,1
T21,Thematic,Post-test,4,target,target_04,maintain,B,B,1
T21,Thematic,Post-test,5,target,target_05,settle,C,C,1
T21,Thematic,Post-test,6,target,target_06,misleading,D,A,0
T21,Thematic,Post-test,7,target,target_07,discourage,D,C,0
T21,Thematic,Post-test,8,target,target_08,retain,B,A,0
T21,Thematic,Post-test,9,target,target_09,overlook,D,D,1
T21,Thematic,Post-test,10,target,target_10,engage,C,C,1
T21,Thematic,Post-test,11,secondary,secondary_thematic_11,prepare,B,B,1
T21,Thematic,Post-test,12,secondary,secondary_thematic_12,pending,C,C,1
T21,Thematic,Post-test,13,secondary,secondary_thematic_13,urgent,A,A,1
T21,Thematic,Post-test,14,secondary,secondary_thematic_14,submit,D,D,1
T21,Thematic,Post-test,15,secondary,secondary_thematic_15,assign,A,A,1
T21,Thematic,Post-test,16,secondary,secondary_thematic_16,flexible,D,D,1
T21,Thematic,Post-test,17,secondary,secondary_thematic_17,arrange,B,B,1
T21,Thematic,Post-test,18,secondary,secondary_thematic_18,estimate,C,C,1
T21,Thematic,Post-test,19,secondary,secondary_thematic_19,notify,B,B,1
T21,Thematic,Post-test,20,secondary,secondary_thematic_20,record,D,D,1
T22,Thematic,Pretest,1,target,target_01,reconsider,B,B,1
T22,Thematic,Pretest,2,target,target_02,avoidable,B,D,0
T22,Thematic,Pretest,3,target,target_03,uncertain,C,A,0
T22,Thematic,Pretest,4,target,target_04,maintain,C,B,0
T22,Thematic,Pretest,5,target,target_05,settle,D,C,0
T22,Thematic,Pretest,6,target,target_06,misleading,C,A,0
T22,Thematic,Pretest,7,target,target_07,discourage,C,C,1
T22,Thematic,Pretest,8,target,target_08,retain,C,A,0
T22,Thematic,Pretest,9,target,target_09,overlook,A,D,0
T22,Thematic,Pretest,10,target,target_10,engage,C,C,1
T22,Thematic,Pretest,11,secondary,secondary_thematic_11,prepare,B,B,1
T22,Thematic,Pretest,12,secondary,secondary_thematic_12,pending,D,C,0
T22,Thematic,Pretest,13,secondary,secondary_thematic_13,urgent,A,A,1
T22,Thematic,Pretest,14,secondary,secondary_thematic_14,submit,D,D,1
T22,Thematic,Pretest,15,secondary,secondary_thematic_15,assign,B,A,0
T22,Thematic,Pretest,16,secondary,secondary_thematic_16,flexible,D,D,1
T22,Thematic,Pretest,17,secondary,secondary_thematic_17,arrange,D,B,0
T22,Thematic,Pretest,18,secondary,secondary_thematic_18,estimate,B,C,0
T22,Thematic,Pretest,19,secondary,secondary_thematic_19,notify,A,B,0
T22,Thematic,Pretest,20,secondary,secondary_thematic_20,record,D,D,1
T22,Thematic,Post-test,1,target,target_01,reconsider,B,B,1
T22,Thematic,Post-test,2,target,target_02,avoidable,C,D,0
T22,Thematic,Post-test,3,target,target_03,uncertain,C,A,0
T22,Thematic,Post-test,4,target,target_04,maintain,B,B,1
T22,Thematic,Post-test,5,target,target_05,settle,C,C,1
T22,Thematic,Post-test,6,target,target_06,misleading,C,A,0
T22,Thematic,Post-test,7,target,target_07,discourage,C,C,1
T22,Thematic,Post-test,8,target,target_08,retain,A,A,1
T22,Thematic,Post-test,9,target,target_09,overlook,A,D,0
T22,Thematic,Post-test,10,target,target_10,engage,C,C,1
T22,Thematic,Post-test,11,secondary,secondary_thematic_11,prepare,B,B,1
T22,Thematic,Post-test,12,secondary,secondary_thematic_12,pending,B,C,0
T22,Thematic,Post-test,13,secondary,secondary_thematic_13,urgent,A,A,1
T22,Thematic,Post-test,14,secondary,secondary_thematic_14,submit,D,D,1
T22,Thematic,Post-test,15,secondary,secondary_thematic_15,assign,A,A,1
T22,Thematic,Post-test,16,secondary,secondary_thematic_16,flexible,D,D,1
T22,Thematic,Post-test,17,secondary,secondary_thematic_17,arrange,C,B,0
T22,Thematic,Post-test,18,secondary,secondary_thematic_18,estimate,B,C,0
T22,Thematic,Post-test,19,secondary,secondary_thematic_19,notify,D,B,0
T22,Thematic,Post-test,20,secondary,secondary_thematic_20,record,D,D,1
T23,Thematic,Pretest,1,target,target_01,reconsider,B,B,1
T23,Thematic,Pretest,2,target,target_02,avoidable,A,D,0
T23,Thematic,Pretest,3,target,target_03,uncertain,C,A,0
T23,Thematic,Pretest,4,target,target_04,maintain,A,B,0
T23,Thematic,Pretest,5,target,target_05,settle,A,C,0
T23,Thematic,Pretest,6,target,target_06,misleading,A,A,1
T23,Thematic,Pretest,7,target,target_07,discourage,C,C,1
T23,Thematic,Pretest,8,target,target_08,retain,D,A,0
T23,Thematic,Pretest,9,target,target_09,overlook,C,D,0
T23,Thematic,Pretest,10,target,target_10,engage,D,C,0
T23,Thematic,Pretest,11,secondary,secondary_thematic_11,prepare,B,B,1
T23,Thematic,Pretest,12,secondary,secondary_thematic_12,pending,D,C,0
T23,Thematic,Pretest,13,secondary,secondary_thematic_13,urgent,D,A,0
T23,Thematic,Pretest,14,secondary,secondary_thematic_14,submit,D,D,1
T23,Thematic,Pretest,15,secondary,secondary_thematic_15,assign,D,A,0
T23,Thematic,Pretest,16,secondary,secondary_thematic_16,flexible,D,D,1
T23,Thematic,Pretest,17,secondary,secondary_thematic_17,arrange,C,B,0
T23,Thematic,Pretest,18,secondary,secondary_thematic_18,estimate,C,C,1
T23,Thematic,Pretest,19,secondary,secondary_thematic_19,notify,A,B,0
T23,Thematic,Pretest,20,secondary,secondary_thematic_20,record,D,D,1
T23,Thematic,Post-test,1,target,target_01,reconsider,B,B,1
T23,Thematic,Post-test,2,target,target_02,avoidable,D,D,1
T23,Thematic,Post-test,3,target,target_03,uncertain,C,A,0
T23,Thematic,Post-test,4,target,target_04,maintain,D,B,0
T23,Thematic,Post-test,5,target,target_05,settle,A,C,0
T23,Thematic,Post-test,6,target,target_06,misleading,A,A,1
T23,Thematic,Post-test,7,target,target_07,discourage,C,C,1
T23,Thematic,Post-test,8,target,target_08,retain,D,A,0
T23,Thematic,Post-test,9,target,target_09,overlook,D,D,1
T23,Thematic,Post-test,10,target,target_10,engage,D,C,0
T23,Thematic,Post-test,11,secondary,secondary_thematic_11,prepare,B,B,1
T23,Thematic,Post-test,12,secondary,secondary_thematic_12,pending,A,C,0
T23,Thematic,Post-test,13,secondary,secondary_thematic_13,urgent,D,A,0
T23,Thematic,Post-test,14,secondary,secondary_thematic_14,submit,D,D,1
T23,Thematic,Post-test,15,secondary,secondary_thematic_15,assign,C,A,0
T23,Thematic,Post-test,16,secondary,secondary_thematic_16,flexible,D,D,1
T23,Thematic,Post-test,17,secondary,secondary_thematic_17,arrange,B,B,1
T23,Thematic,Post-test,18,secondary,secondary_thematic_18,estimate,C,C,1
T23,Thematic,Post-test,19,secondary,secondary_thematic_19,notify,B,B,1
T23,Thematic,Post-test,20,secondary,secondary_thematic_20,record,D,D,1
T24,Thematic,Pretest,1,target,target_01,reconsider,D,B,0
T24,Thematic,Pretest,2,target,target_02,avoidable,B,D,0
T24,Thematic,Pretest,3,target,target_03,uncertain,A,A,1
T24,Thematic,Pretest,4,target,target_04,maintain,C,B,0
T24,Thematic,Pretest,5,target,target_05,settle,C,C,1
T24,Thematic,Pretest,6,target,target_06,misleading,B,A,0
T24,Thematic,Pretest,7,target,target_07,discourage,D,C,0
T24,Thematic,Pretest,8,target,target_08,retain,B,A,0
T24,Thematic,Pretest,9,target,target_09,overlook,A,D,0
T24,Thematic,Pretest,10,target,target_10,engage,D,C,0
T24,Thematic,Pretest,11,secondary,secondary_thematic_11,prepare,C,B,0
T24,Thematic,Pretest,12,secondary,secondary_thematic_12,pending,A,C,0
T24,Thematic,Pretest,13,secondary,secondary_thematic_13,urgent,B,A,0
T24,Thematic,Pretest,14,secondary,secondary_thematic_14,submit,C,D,0
T24,Thematic,Pretest,15,secondary,secondary_thematic_15,assign,D,A,0
T24,Thematic,Pretest,16,secondary,secondary_thematic_16,flexible,D,D,1
T24,Thematic,Pretest,17,secondary,secondary_thematic_17,arrange,C,B,0
T24,Thematic,Pretest,18,secondary,secondary_thematic_18,estimate,C,C,1
T24,Thematic,Pretest,19,secondary,secondary_thematic_19,notify,A,B,0
T24,Thematic,Pretest,20,secondary,secondary_thematic_20,record,D,D,1
T24,Thematic,Post-test,1,target,target_01,reconsider,D,B,0
T24,Thematic,Post-test,2,target,target_02,avoidable,B,D,0
T24,Thematic,Post-test,3,target,target_03,uncertain,D,A,0
T24,Thematic,Post-test,4,target,target_04,maintain,C,B,0
T24,Thematic,Post-test,5,target,target_05,settle,C,C,1
T24,Thematic,Post-test,6,target,target_06,misleading,D,A,0
T24,Thematic,Post-test,7,target,target_07,discourage,D,C,0
T24,Thematic,Post-test,8,target,target_08,retain,B,A,0
T24,Thematic,Post-test,9,target,target_09,overlook,D,D,1
T24,Thematic,Post-test,10,target,target_10,engage,C,C,1
T24,Thematic,Post-test,11,secondary,secondary_thematic_11,prepare,B,B,1
T24,Thematic,Post-test,12,secondary,secondary_thematic_12,pending,B,C,0
T24,Thematic,Post-test,13,secondary,secondary_thematic_13,urgent,B,A,0
T24,Thematic,Post-test,14,secondary,secondary_thematic_14,submit,D,D,1
T24,Thematic,Post-test,15,secondary,secondary_thematic_15,assign,D,A,0
T24,Thematic,Post-test,16,secondary,secondary_thematic_16,flexible,D,D,1
T24,Thematic,Post-test,17,secondary,secondary_thematic_17,arrange,C,B,0
T24,Thematic,Post-test,18,secondary,secondary_thematic_18,estimate,C,C,1
T24,Thematic,Post-test,19,secondary,secondary_thematic_19,notify,C,B,0
T24,Thematic,Post-test,20,secondary,secondary_thematic_20,record,D,D,1
T25,Thematic,Pretest,1,target,target_01,reconsider,B,B,1
T25,Thematic,Pretest,2,target,target_02,avoidable,D,D,1
T25,Thematic,Pretest,3,target,target_03,uncertain,A,A,1
T25,Thematic,Pretest,4,target,target_04,maintain,B,B,1
T25,Thematic,Pretest,5,target,target_05,settle,C,C,1
T25,Thematic,Pretest,6,target,target_06,misleading,B,A,0
T25,Thematic,Pretest,7,target,target_07,discourage,D,C,0
T25,Thematic,Pretest,8,target,target_08,retain,D,A,0
T25,Thematic,Pretest,9,target,target_09,overlook,D,D,1
T25,Thematic,Pretest,10,target,target_10,engage,D,C,0
T25,Thematic,Pretest,11,secondary,secondary_thematic_11,prepare,B,B,1
T25,Thematic,Pretest,12,secondary,secondary_thematic_12,pending,B,C,0
T25,Thematic,Pretest,13,secondary,secondary_thematic_13,urgent,A,A,1
T25,Thematic,Pretest,14,secondary,secondary_thematic_14,submit,D,D,1
T25,Thematic,Pretest,15,secondary,secondary_thematic_15,assign,A,A,1
T25,Thematic,Pretest,16,secondary,secondary_thematic_16,flexible,D,D,1
T25,Thematic,Pretest,17,secondary,secondary_thematic_17,arrange,B,B,1
T25,Thematic,Pretest,18,secondary,secondary_thematic_18,estimate,D,C,0
T25,Thematic,Pretest,19,secondary,secondary_thematic_19,notify,A,B,0
T25,Thematic,Pretest,20,secondary,secondary_thematic_20,record,D,D,1
T25,Thematic,Post-test,1,target,target_01,reconsider,B,B,1
T25,Thematic,Post-test,2,target,target_02,avoidable,D,D,1
T25,Thematic,Post-test,3,target,target_03,uncertain,A,A,1
T25,Thematic,Post-test,4,target,target_04,maintain,B,B,1
T25,Thematic,Post-test,5,target,target_05,settle,C,C,1
T25,Thematic,Post-test,6,target,target_06,misleading,A,A,1
T25,Thematic,Post-test,7,target,target_07,discourage,C,C,1
T25,Thematic,Post-test,8,target,target_08,retain,D,A,0
T25,Thematic,Post-test,9,target,target_09,overlook,D,D,1
T25,Thematic,Post-test,10,target,target_10,engage,C,C,1
T25,Thematic,Post-test,11,secondary,secondary_thematic_11,prepare,B,B,1
T25,Thematic,Post-test,12,secondary,secondary_thematic_12,pending,C,C,1
T25,Thematic,Post-test,13,secondary,secondary_thematic_13,urgent,A,A,1
T25,Thematic,Post-test,14,secondary,secondary_thematic_14,submit,D,D,1
T25,Thematic,Post-test,15,secondary,secondary_thematic_15,assign,A,A,1
T25,Thematic,Post-test,16,secondary,secondary_thematic_16,flexible,D,D,1
T25,Thematic,Post-test,17,secondary,secondary_thematic_17,arrange,B,B,1
T25,Thematic,Post-test,18,secondary,secondary_thematic_18,estimate,D,C,0
T25,Thematic,Post-test,19,secondary,secondary_thematic_19,notify,B,B,1
T25,Thematic,Post-test,20,secondary,secondary_thematic_20,record,D,D,1
T26,Thematic,Pretest,1,target,target_01,reconsider,B,B,1
T26,Thematic,Pretest,2,target,target_02,avoidable,D,D,1
T26,Thematic,Pretest,3,target,target_03,uncertain,A,A,1
T26,Thematic,Pretest,4,target,target_04,maintain,C,B,0
T26,Thematic,Pretest,5,target,target_05,settle,B,C,0
T26,Thematic,Pretest,6,target,target_06,misleading,D,A,0
T26,Thematic,Pretest,7,target,target_07,discourage,C,C,1
T26,Thematic,Pretest,8,target,target_08,retain,A,A,1
T26,Thematic,Pretest,9,target,target_09,overlook,A,D,0
T26,Thematic,Pretest,10,target,target_10,engage,D,C,0
T26,Thematic,Pretest,11,secondary,secondary_thematic_11,prepare,B,B,1
T26,Thematic,Pretest,12,secondary,secondary_thematic_12,pending,C,C,1
T26,Thematic,Pretest,13,secondary,secondary_thematic_13,urgent,A,A,1
T26,Thematic,Pretest,14,secondary,secondary_thematic_14,submit,D,D,1
T26,Thematic,Pretest,15,secondary,secondary_thematic_15,assign,A,A,1
T26,Thematic,Pretest,16,secondary,secondary_thematic_16,flexible,D,D,1
T26,Thematic,Pretest,17,secondary,secondary_thematic_17,arrange,B,B,1
T26,Thematic,Pretest,18,secondary,secondary_thematic_18,estimate,C,C,1
T26,Thematic,Pretest,19,secondary,secondary_thematic_19,notify,B,B,1
T26,Thematic,Pretest,20,secondary,secondary_thematic_20,record,D,D,1
T26,Thematic,Post-test,1,target,target_01,reconsider,B,B,1
T26,Thematic,Post-test,2,target,target_02,avoidable,D,D,1
T26,Thematic,Post-test,3,target,target_03,uncertain,A,A,1
T26,Thematic,Post-test,4,target,target_04,maintain,B,B,1
T26,Thematic,Post-test,5,target,target_05,settle,B,C,0
T26,Thematic,Post-test,6,target,target_06,misleading,B,A,0
T26,Thematic,Post-test,7,target,target_07,discourage,C,C,1
T26,Thematic,Post-test,8,target,target_08,retain,A,A,1
T26,Thematic,Post-test,9,target,target_09,overlook,C,D,0
T26,Thematic,Post-test,10,target,target_10,engage,A,C,0
T26,Thematic,Post-test,11,secondary,secondary_thematic_11,prepare,B,B,1
T26,Thematic,Post-test,12,secondary,secondary_thematic_12,pending,C,C,1
T26,Thematic,Post-test,13,secondary,secondary_thematic_13,urgent,A,A,1
T26,Thematic,Post-test,14,secondary,secondary_thematic_14,submit,D,D,1
T26,Thematic,Post-test,15,secondary,secondary_thematic_15,assign,A,A,1
T26,Thematic,Post-test,16,secondary,secondary_thematic_16,flexible,D,D,1
T26,Thematic,Post-test,17,secondary,secondary_thematic_17,arrange,B,B,1
T26,Thematic,Post-test,18,secondary,secondary_thematic_18,estimate,C,C,1
T26,Thematic,Post-test,19,secondary,secondary_thematic_19,notify,B,B,1
T26,Thematic,Post-test,20,secondary,secondary_thematic_20,record,D,D,1
T27,Thematic,Pretest,1,target,target_01,reconsider,B,B,1
T27,Thematic,Pretest,2,target,target_02,avoidable,B,D,0
T27,Thematic,Pretest,3,target,target_03,uncertain,A,A,1
T27,Thematic,Pretest,4,target,target_04,maintain,A,B,0
T27,Thematic,Pretest,5,target,target_05,settle,D,C,0
T27,Thematic,Pretest,6,target,target_06,misleading,B,A,0
T27,Thematic,Pretest,7,target,target_07,discourage,C,C,1
T27,Thematic,Pretest,8,target,target_08,retain,D,A,0
T27,Thematic,Pretest,9,target,target_09,overlook,A,D,0
T27,Thematic,Pretest,10,target,target_10,engage,C,C,1
T27,Thematic,Pretest,11,secondary,secondary_thematic_11,prepare,B,B,1
T27,Thematic,Pretest,12,secondary,secondary_thematic_12,pending,C,C,1
T27,Thematic,Pretest,13,secondary,secondary_thematic_13,urgent,A,A,1
T27,Thematic,Pretest,14,secondary,secondary_thematic_14,submit,C,D,0
T27,Thematic,Pretest,15,secondary,secondary_thematic_15,assign,C,A,0
T27,Thematic,Pretest,16,secondary,secondary_thematic_16,flexible,D,D,1
T27,Thematic,Pretest,17,secondary,secondary_thematic_17,arrange,A,B,0
T27,Thematic,Pretest,18,secondary,secondary_thematic_18,estimate,D,C,0
T27,Thematic,Pretest,19,secondary,secondary_thematic_19,notify,B,B,1
T27,Thematic,Pretest,20,secondary,secondary_thematic_20,record,C,D,0
T27,Thematic,Post-test,1,target,target_01,reconsider,B,B,1
T27,Thematic,Post-test,2,target,target_02,avoidable,B,D,0
T27,Thematic,Post-test,3,target,target_03,uncertain,A,A,1
T27,Thematic,Post-test,4,target,target_04,maintain,A,B,0
T27,Thematic,Post-test,5,target,target_05,settle,A,C,0
T27,Thematic,Post-test,6,target,target_06,misleading,B,A,0
T27,Thematic,Post-test,7,target,target_07,discourage,C,C,1
T27,Thematic,Post-test,8,target,target_08,retain,A,A,1
T27,Thematic,Post-test,9,target,target_09,overlook,A,D,0
T27,Thematic,Post-test,10,target,target_10,engage,C,C,1
T27,Thematic,Post-test,11,secondary,secondary_thematic_11,prepare,B,B,1
T27,Thematic,Post-test,12,secondary,secondary_thematic_12,pending,C,C,1
T27,Thematic,Post-test,13,secondary,secondary_thematic_13,urgent,A,A,1
T27,Thematic,Post-test,14,secondary,secondary_thematic_14,submit,C,D,0
T27,Thematic,Post-test,15,secondary,secondary_thematic_15,assign,C,A,0
T27,Thematic,Post-test,16,secondary,secondary_thematic_16,flexible,D,D,1
T27,Thematic,Post-test,17,secondary,secondary_thematic_17,arrange,B,B,1
T27,Thematic,Post-test,18,secondary,secondary_thematic_18,estimate,C,C,1
T27,Thematic,Post-test,19,secondary,secondary_thematic_19,notify,B,B,1
T27,Thematic,Post-test,20,secondary,secondary_thematic_20,record,D,D,1
T28,Thematic,Pretest,1,target,target_01,reconsider,B,B,1
T28,Thematic,Pretest,2,target,target_02,avoidable,D,D,1
T28,Thematic,Pretest,3,target,target_03,uncertain,A,A,1
T28,Thematic,Pretest,4,target,target_04,maintain,B,B,1
T28,Thematic,Pretest,5,target,target_05,settle,D,C,0
T28,Thematic,Pretest,6,target,target_06,misleading,C,A,0
T28,Thematic,Pretest,7,target,target_07,discourage,A,C,0
T28,Thematic,Pretest,8,target,target_08,retain,D,A,0
T28,Thematic,Pretest,9,target,target_09,overlook,B,D,0
T28,Thematic,Pretest,10,target,target_10,engage,D,C,0
T28,Thematic,Pretest,11,secondary,secondary_thematic_11,prepare,B,B,1
T28,Thematic,Pretest,12,secondary,secondary_thematic_12,pending,D,C,0
T28,Thematic,Pretest,13,secondary,secondary_thematic_13,urgent,A,A,1
T28,Thematic,Pretest,14,secondary,secondary_thematic_14,submit,A,D,0
T28,Thematic,Pretest,15,secondary,secondary_thematic_15,assign,A,A,1
T28,Thematic,Pretest,16,secondary,secondary_thematic_16,flexible,C,D,0
T28,Thematic,Pretest,17,secondary,secondary_thematic_17,arrange,B,B,1
T28,Thematic,Pretest,18,secondary,secondary_thematic_18,estimate,C,C,1
T28,Thematic,Pretest,19,secondary,secondary_thematic_19,notify,B,B,1
T28,Thematic,Pretest,20,secondary,secondary_thematic_20,record,A,D,0
T28,Thematic,Post-test,1,target,target_01,reconsider,B,B,1
T28,Thematic,Post-test,2,target,target_02,avoidable,D,D,1
T28,Thematic,Post-test,3,target,target_03,uncertain,A,A,1
T28,Thematic,Post-test,4,target,target_04,maintain,B,B,1
T28,Thematic,Post-test,5,target,target_05,settle,C,C,1
T28,Thematic,Post-test,6,target,target_06,misleading,C,A,0
T28,Thematic,Post-test,7,target,target_07,discourage,C,C,1
T28,Thematic,Post-test,8,target,target_08,retain,A,A,1
T28,Thematic,Post-test,9,target,target_09,overlook,B,D,0
T28,Thematic,Post-test,10,target,target_10,engage,C,C,1
T28,Thematic,Post-test,11,secondary,secondary_thematic_11,prepare,B,B,1
T28,Thematic,Post-test,12,secondary,secondary_thematic_12,pending,B,C,0
T28,Thematic,Post-test,13,secondary,secondary_thematic_13,urgent,A,A,1
T28,Thematic,Post-test,14,secondary,secondary_thematic_14,submit,D,D,1
T28,Thematic,Post-test,15,secondary,secondary_thematic_15,assign,A,A,1
T28,Thematic,Post-test,16,secondary,secondary_thematic_16,flexible,C,D,0
T28,Thematic,Post-test,17,secondary,secondary_thematic_17,arrange,B,B,1
T28,Thematic,Post-test,18,secondary,secondary_thematic_18,estimate,C,C,1
T28,Thematic,Post-test,19,secondary,secondary_thematic_19,notify,B,B,1
T28,Thematic,Post-test,20,secondary,secondary_thematic_20,record,C,D,0
T29,Thematic,Pretest,1,target,target_01,reconsider,D,B,0
T29,Thematic,Pretest,2,target,target_02,avoidable,D,D,1
T29,Thematic,Pretest,3,target,target_03,uncertain,A,A,1
T29,Thematic,Pretest,4,target,target_04,maintain,B,B,1
T29,Thematic,Pretest,5,target,target_05,settle,C,C,1
T29,Thematic,Pretest,6,target,target_06,misleading,A,A,1
T29,Thematic,Pretest,7,target,target_07,discourage,C,C,1
T29,Thematic,Pretest,8,target,target_08,retain,D,A,0
T29,Thematic,Pretest,9,target,target_09,overlook,A,D,0
T29,Thematic,Pretest,10,target,target_10,engage,A,C,0
T29,Thematic,Pretest,11,secondary,secondary_thematic_11,prepare,B,B,1
T29,Thematic,Pretest,12,secondary,secondary_thematic_12,pending,D,C,0
T29,Thematic,Pretest,13,secondary,secondary_thematic_13,urgent,A,A,1
T29,Thematic,Pretest,14,secondary,secondary_thematic_14,submit,D,D,1
T29,Thematic,Pretest,15,secondary,secondary_thematic_15,assign,A,A,1
T29,Thematic,Pretest,16,secondary,secondary_thematic_16,flexible,D,D,1
T29,Thematic,Pretest,17,secondary,secondary_thematic_17,arrange,B,B,1
T29,Thematic,Pretest,18,secondary,secondary_thematic_18,estimate,A,C,0
T29,Thematic,Pretest,19,secondary,secondary_thematic_19,notify,B,B,1
T29,Thematic,Pretest,20,secondary,secondary_thematic_20,record,D,D,1
T29,Thematic,Post-test,1,target,target_01,reconsider,B,B,1
T29,Thematic,Post-test,2,target,target_02,avoidable,D,D,1
T29,Thematic,Post-test,3,target,target_03,uncertain,A,A,1
T29,Thematic,Post-test,4,target,target_04,maintain,B,B,1
T29,Thematic,Post-test,5,target,target_05,settle,C,C,1
T29,Thematic,Post-test,6,target,target_06,misleading,A,A,1
T29,Thematic,Post-test,7,target,target_07,discourage,C,C,1
T29,Thematic,Post-test,8,target,target_08,retain,A,A,1
T29,Thematic,Post-test,9,target,target_09,overlook,D,D,1
T29,Thematic,Post-test,10,target,target_10,engage,B,C,0
T29,Thematic,Post-test,11,secondary,secondary_thematic_11,prepare,B,B,1
T29,Thematic,Post-test,12,secondary,secondary_thematic_12,pending,D,C,0
T29,Thematic,Post-test,13,secondary,secondary_thematic_13,urgent,A,A,1
T29,Thematic,Post-test,14,secondary,secondary_thematic_14,submit,D,D,1
T29,Thematic,Post-test,15,secondary,secondary_thematic_15,assign,A,A,1
T29,Thematic,Post-test,16,secondary,secondary_thematic_16,flexible,D,D,1
T29,Thematic,Post-test,17,secondary,secondary_thematic_17,arrange,B,B,1
T29,Thematic,Post-test,18,secondary,secondary_thematic_18,estimate,C,C,1
T29,Thematic,Post-test,19,secondary,secondary_thematic_19,notify,B,B,1
T29,Thematic,Post-test,20,secondary,secondary_thematic_20,record,D,D,1
T30,Thematic,Pretest,1,target,target_01,reconsider,B,B,1
T30,Thematic,Pretest,2,target,target_02,avoidable,B,D,0
T30,Thematic,Pretest,3,target,target_03,uncertain,B,A,0
T30,Thematic,Pretest,4,target,target_04,maintain,D,B,0
T30,Thematic,Pretest,5,target,target_05,settle,C,C,1
T30,Thematic,Pretest,6,target,target_06,misleading,C,A,0
T30,Thematic,Pretest,7,target,target_07,discourage,A,C,0
T30,Thematic,Pretest,8,target,target_08,retain,A,A,1
T30,Thematic,Pretest,9,target,target_09,overlook,A,D,0
T30,Thematic,Pretest,10,target,target_10,engage,D,C,0
T30,Thematic,Pretest,11,secondary,secondary_thematic_11,prepare,C,B,0
T30,Thematic,Pretest,12,secondary,secondary_thematic_12,pending,B,C,0
T30,Thematic,Pretest,13,secondary,secondary_thematic_13,urgent,A,A,1
T30,Thematic,Pretest,14,secondary,secondary_thematic_14,submit,C,D,0
T30,Thematic,Pretest,15,secondary,secondary_thematic_15,assign,C,A,0
T30,Thematic,Pretest,16,secondary,secondary_thematic_16,flexible,D,D,1
T30,Thematic,Pretest,17,secondary,secondary_thematic_17,arrange,B,B,1
T30,Thematic,Pretest,18,secondary,secondary_thematic_18,estimate,C,C,1
T30,Thematic,Pretest,19,secondary,secondary_thematic_19,notify,C,B,0
T30,Thematic,Pretest,20,secondary,secondary_thematic_20,record,D,D,1
T30,Thematic,Post-test,1,target,target_01,reconsider,B,B,1
T30,Thematic,Post-test,2,target,target_02,avoidable,C,D,0
T30,Thematic,Post-test,3,target,target_03,uncertain,A,A,1
T30,Thematic,Post-test,4,target,target_04,maintain,D,B,0
T30,Thematic,Post-test,5,target,target_05,settle,C,C,1
T30,Thematic,Post-test,6,target,target_06,misleading,A,A,1
T30,Thematic,Post-test,7,target,target_07,discourage,C,C,1
T30,Thematic,Post-test,8,target,target_08,retain,A,A,1
T30,Thematic,Post-test,9,target,target_09,overlook,A,D,0
T30,Thematic,Post-test,10,target,target_10,engage,C,C,1
T30,Thematic,Post-test,11,secondary,secondary_thematic_11,prepare,D,B,0
T30,Thematic,Post-test,12,secondary,secondary_thematic_12,pending,B,C,0
T30,Thematic,Post-test,13,secondary,secondary_thematic_13,urgent,A,A,1
T30,Thematic,Post-test,14,secondary,secondary_thematic_14,submit,A,D,0
T30,Thematic,Post-test,15,secondary,secondary_thematic_15,assign,C,A,0
T30,Thematic,Post-test,16,secondary,secondary_thematic_16,flexible,D,D,1
T30,Thematic,Post-test,17,secondary,secondary_thematic_17,arrange,B,B,1
T30,Thematic,Post-test,18,secondary,secondary_thematic_18,estimate,C,C,1
T30,Thematic,Post-test,19,secondary,secondary_thematic_19,notify,C,B,0
T30,Thematic,Post-test,20,secondary,secondary_thematic_20,record,D,D,1
