repetition,fit_succeeded,singular,contrast,estimate,scale
1,TRUE,FALSE,Grounding vs Control,2.042422370256825,log_odds
1,TRUE,FALSE,Grounding vs Thematic,1.2316440747714466,log_odds
1,TRUE,FALSE,Thematic vs Control,0.8107782954853784,log_odds
1,TRUE,FALSE,Grounding vs Control,0.37072871106290994,probability
1,TRUE,FALSE,Grounding vs Thematic,0.17994752273087422,probability
1,TRUE,FALSE,Thematic vs Control,0.19078118833203572,probability
2,TRUE,FALSE,Grounding vs Control,1.7151032081908826,log_odds
2,TRUE,FALSE,Grounding vs Thematic,0.4688454525925607,log_odds
2,TRUE,FALSE,Thematic vs Control,1.2462577555983219,log_odds
2,TRUE,FALSE,Grounding vs Control,0.39276044939451166,probability
2,TRUE,FALSE,Grounding vs Thematic,0.0933139572267973,probability
2,TRUE,FALSE,Thematic vs Control,0.29944649216771435,probability
3,TRUE,FALSE,Grounding vs Control,1.5654183491711984,log_odds
3,TRUE,FALSE,Grounding vs Thematic,1.2490117735015804,log_odds
3,TRUE,FALSE,Thematic vs Control,0.31640657566961805,log_odds
3,TRUE,FALSE,Grounding vs Control,0.2954875741943488,probability
3,TRUE,FALSE,Grounding vs Thematic,0.22662325941339218,probability
3,TRUE,FALSE,Thematic vs Control,0.06886431478095661,probability
4,TRUE,FALSE,Grounding vs Control,1.4678636441617243,log_odds
4,TRUE,FALSE,Grounding vs Thematic,0.7551160157503463,log_odds
4,TRUE,FALSE,Thematic vs Control,0.7127476284113781,log_odds
4,TRUE,FALSE,Grounding vs Control,0.3041210406813589,probability
4,TRUE,FALSE,Grounding vs Thematic,0.150665715525715,probability
4,TRUE,FALSE,Thematic vs Control,0.15345532515564392,probability
5,TRUE,FALSE,Grounding vs Control,1.8477640520404877,log_odds
5,TRUE,FALSE,Grounding vs Thematic,1.6142795551269198,log_odds
5,TRUE,FALSE,Thematic vs Control,0.23348449691356776,log_odds
5,TRUE,FALSE,Grounding vs Control,0.3548375823481303,probability
5,TRUE,FALSE,Grounding vs Thematic,0.293383283818512,probability
5,TRUE,FALSE,Thematic vs Control,0.06145429852961831,probability
6,TRUE,FALSE,Grounding vs Control,1.6294189469620135,log_odds
6,TRUE,FALSE,Grounding vs Thematic,1.0257456826082456,log_odds
6,TRUE,FALSE,Thematic vs Control,0.6036732643537679,log_odds
6,TRUE,FALSE,Grounding vs Control,0.2870380268407839,probability
6,TRUE,FALSE,Grounding vs Thematic,0.14904216430986944,probability
6,TRUE,FALSE,Thematic vs Control,0.13799586253091445,probability
7,TRUE,FALSE,Grounding vs Control,1.524658684994442,log_odds
7,TRUE,FALSE,Grounding vs Thematic,1.2825898913045413,log_odds
7,TRUE,FALSE,Thematic vs Control,0.24206879368990064,log_odds
7,TRUE,FALSE,Grounding vs Control,0.2838372219751579,probability
7,TRUE,FALSE,Grounding vs Thematic,0.22585194359776406,probability
7,TRUE,FALSE,Thematic vs Control,0.05798527837739387,probability
8,TRUE,FALSE,Grounding vs Control,1.622616996222987,log_odds
8,TRUE,FALSE,Grounding vs Thematic,0.9460918325353513,log_odds
8,TRUE,FALSE,Thematic vs Control,0.6765251636876356,log_odds
8,TRUE,FALSE,Grounding vs Control,0.32957233804999286,probability
8,TRUE,FALSE,Grounding vs Thematic,0.19817388267598018,probability
8,TRUE,FALSE,Thematic vs Control,0.13139845537401268,probability
9,TRUE,FALSE,Grounding vs Control,1.5383618977317752,log_odds
9,TRUE,FALSE,Grounding vs Thematic,1.0050074299983702,log_odds
9,TRUE,FALSE,Thematic vs Control,0.5333544677334052,log_odds
9,TRUE,FALSE,Grounding vs Control,0.30231913427002105,probability
9,TRUE,FALSE,Grounding vs Thematic,0.17694544846170795,probability
9,TRUE,FALSE,Thematic vs Control,0.1253736858083131,probability
10,TRUE,FALSE,Grounding vs Control,1.6103458343421257,log_odds
10,TRUE,FALSE,Grounding vs Thematic,1.1200527290176603,log_odds
10,TRUE,FALSE,Thematic vs Control,0.4902931053244655,log_odds
10,TRUE,FALSE,Grounding vs Control,0.33232786745707243,probability
10,TRUE,FALSE,Grounding vs Thematic,0.21674003428076644,probability
10,TRUE,FALSE,Thematic vs Control,0.115587833176306,probability
11,TRUE,FALSE,Grounding vs Control,1.6582910735653695,log_odds
11,TRUE,FALSE,Grounding vs Thematic,1.1895349881358155,log_odds
11,TRUE,FALSE,Thematic vs Control,0.46875608542955405,log_odds
11,TRUE,FALSE,Grounding vs Control,0.3353941521491173,probability
11,TRUE,FALSE,Grounding vs Thematic,0.21498449578595785,probability
11,TRUE,FALSE,Thematic vs Control,0.12040965636315942,probability
12,TRUE,FALSE,Grounding vs Control,1.2487986292491768,log_odds
12,TRUE,FALSE,Grounding vs Thematic,0.6471341452782825,log_odds
12,TRUE,FALSE,Thematic vs Control,0.6016644839708943,log_odds
12,TRUE,FALSE,Grounding vs Control,0.23255837076163277,probability
12,TRUE,FALSE,Grounding vs Thematic,0.08923789790197129,probability
12,TRUE,FALSE,Thematic vs Control,0.14332047285966149,probability
13,TRUE,FALSE,Grounding vs Control,1.5524337305996538,log_odds
13,TRUE,FALSE,Grounding vs Thematic,0.8193692495702303,log_odds
13,TRUE,FALSE,Thematic vs Control,0.7330644810294236,log_odds
13,TRUE,FALSE,Grounding vs Control,0.29436425775154346,probability
13,TRUE,FALSE,Grounding vs Thematic,0.1193351018571106,probability
13,TRUE,FALSE,Thematic vs Control,0.17502915589443285,probability
14,TRUE,FALSE,Grounding vs Control,1.6067317984209137,log_odds
14,TRUE,FALSE,Grounding vs Thematic,1.3273810719991617,log_odds
14,TRUE,FALSE,Thematic vs Control,0.27935072642175196,log_odds
14,TRUE,FALSE,Grounding vs Control,0.26206219222566046,probability
14,TRUE,FALSE,Grounding vs Thematic,0.1993636110559851,probability
14,TRUE,FALSE,Thematic vs Control,0.06269858116967536,probability
15,TRUE,FALSE,Grounding vs Control,2.323015809362373,log_odds
15,TRUE,FALSE,Grounding vs Thematic,1.2245068106327273,log_odds
15,TRUE,FALSE,Thematic vs Control,1.0985089987296457,log_odds
15,TRUE,FALSE,Grounding vs Control,0.4162562726372766,probability
15,TRUE,FALSE,Grounding vs Thematic,0.15806840551978713,probability
15,TRUE,FALSE,Thematic vs Control,0.2581878671174895,probability
16,TRUE,FALSE,Grounding vs Control,1.8872219156777659,log_odds
16,TRUE,FALSE,Grounding vs Thematic,1.0394233726250965,log_odds
16,TRUE,FALSE,Thematic vs Control,0.8477985430526693,log_odds
16,TRUE,FALSE,Grounding vs Control,0.4066094107633822,probability
16,TRUE,FALSE,Grounding vs Thematic,0.20622144773392193,probability
16,TRUE,FALSE,Thematic vs Control,0.20038796302946027,probability
17,TRUE,FALSE,Grounding vs Control,1.3588105572034896,log_odds
17,TRUE,FALSE,Grounding vs Thematic,1.0706416925398208,log_odds
17,TRUE,FALSE,Thematic vs Control,0.28816886466366887,log_odds
17,TRUE,FALSE,Grounding vs Control,0.25772804373235075,probability
17,TRUE,FALSE,Grounding vs Thematic,0.19833711740154703,probability
17,TRUE,FALSE,Thematic vs Control,0.05939092633080373,probability
18,TRUE,FALSE,Grounding vs Control,1.353278174051669,log_odds
18,TRUE,FALSE,Grounding vs Thematic,0.8925552075567684,log_odds
18,TRUE,FALSE,Thematic vs Control,0.46072296649490074,log_odds
18,TRUE,FALSE,Grounding vs Control,0.2581050197221177,probability
18,TRUE,FALSE,Grounding vs Thematic,0.1445630242463939,probability
18,TRUE,FALSE,Thematic vs Control,0.1135419954757238,probability
19,TRUE,FALSE,Grounding vs Control,1.7248310252000214,log_odds
19,TRUE,FALSE,Grounding vs Thematic,0.9974867940226191,log_odds
19,TRUE,FALSE,Thematic vs Control,0.7273442311774023,log_odds
19,TRUE,FALSE,Grounding vs Control,0.3517254681503091,probability
19,TRUE,FALSE,Grounding vs Thematic,0.17868042565602021,probability
19,TRUE,FALSE,Thematic vs Control,0.17304504249428887,probability
20,TRUE,FALSE,Grounding vs Control,1.6054241217793717,log_odds
20,TRUE,FALSE,Grounding vs Thematic,0.9809237621374856,log_odds
20,TRUE,FALSE,Thematic vs Control,0.6245003596418862,log_odds
20,TRUE,FALSE,Grounding vs Control,0.3357611659768463,probability
20,TRUE,FALSE,Grounding vs Thematic,0.19362264707111804,probability
20,TRUE,FALSE,Thematic vs Control,0.14213851890572826,probability
21,TRUE,FALSE,Grounding vs Control,1.8385960770193783,log_odds
21,TRUE,FALSE,Grounding vs Thematic,1.678485993044235,log_odds
21,TRUE,FALSE,Thematic vs Control,0.16011008397514337,log_odds
21,TRUE,FALSE,Grounding vs Control,0.32873641419495125,probability
21,TRUE,FALSE,Grounding vs Thematic,0.28822448038704757,probability
21,TRUE,FALSE,Thematic vs Control,0.04051193380790369,probability
22,TRUE,FALSE,Grounding vs Control,1.4594038839479229,log_odds
22,TRUE,FALSE,Grounding vs Thematic,0.7713741994180747,log_odds
22,TRUE,FALSE,Thematic vs Control,0.6880296845298483,log_odds
22,TRUE,FALSE,Grounding vs Control,0.23883947783804949,probability
22,TRUE,FALSE,Grounding vs Thematic,0.09863583833901068,probability
22,TRUE,FALSE,Thematic vs Control,0.1402036394990388,probability
23,TRUE,FALSE,Grounding vs Control,1.3311412773721778,log_odds
23,TRUE,FALSE,Grounding vs Thematic,1.172130671726769,log_odds
23,TRUE,FALSE,Thematic vs Control,0.15901060564540892,log_odds
23,TRUE,FALSE,Grounding vs Control,0.22185402781994762,probability
23,TRUE,FALSE,Grounding vs Thematic,0.1909312864605437,probability
23,TRUE,FALSE,Thematic vs Control,0.030922741359403927,probability
24,TRUE,FALSE,Grounding vs Control,2.0234239792332596,log_odds
24,TRUE,FALSE,Grounding vs Thematic,1.0696742903888117,log_odds
24,TRUE,FALSE,Thematic vs Control,0.9537496888444479,log_odds
24,TRUE,FALSE,Grounding vs Control,0.3907434983222702,probability
24,TRUE,FALSE,Grounding vs Thematic,0.165782556501401,probability
24,TRUE,FALSE,Thematic vs Control,0.22496094182086918,probability
25,TRUE,FALSE,Grounding vs Control,1.8175858234494338,log_odds
25,TRUE,FALSE,Grounding vs Thematic,1.3071967429778515,log_odds
25,TRUE,FALSE,Thematic vs Control,0.5103890804715824,log_odds
25,TRUE,FALSE,Grounding vs Control,0.3166601827814248,probability
25,TRUE,FALSE,Grounding vs Thematic,0.1998871588322445,probability
25,TRUE,FALSE,Thematic vs Control,0.11677302394918032,probability
26,TRUE,FALSE,Grounding vs Control,2.0543358441607893,log_odds
26,TRUE,FALSE,Grounding vs Thematic,1.6459015524472183,log_odds
26,TRUE,FALSE,Thematic vs Control,0.4084342917135708,log_odds
26,TRUE,FALSE,Grounding vs Control,0.3836682869697831,probability
26,TRUE,FALSE,Grounding vs Thematic,0.27732711723693027,probability
26,TRUE,FALSE,Thematic vs Control,0.10634116973285285,probability
27,TRUE,FALSE,Grounding vs Control,1.6874861566248223,log_odds
27,TRUE,FALSE,Grounding vs Thematic,1.0841742980872144,log_odds
27,TRUE,FALSE,Thematic vs Control,0.6033118585376078,log_odds
27,TRUE,FALSE,Grounding vs Control,0.33217522963992724,probability
27,TRUE,FALSE,Grounding vs Thematic,0.1868353260740005,probability
27,TRUE,FALSE,Thematic vs Control,0.14533990356592674,probability
28,TRUE,FALSE,Grounding vs Control,1.8742878468781443,log_odds
28,TRUE,FALSE,Grounding vs Thematic,1.0939240758557591,log_odds
28,TRUE,FALSE,Thematic vs Control,0.7803637710223853,log_odds
28,TRUE,FALSE,Grounding vs Control,0.358686259145383,probability
28,TRUE,FALSE,Grounding vs Thematic,0.18917105775390192,probability
28,TRUE,FALSE,Thematic vs Control,0.16951520139148107,probability
29,TRUE,FALSE,Grounding vs Control,1.7414495222270245,log_odds
29,TRUE,FALSE,Grounding vs Thematic,1.3836977397614523,log_odds
29,TRUE,FALSE,Thematic vs Control,0.35775178246557215,log_odds
29,TRUE,FALSE,Grounding vs Control,0.3021717306216042,probability
29,TRUE,FALSE,Grounding vs Thematic,0.21887718884322127,probability
29,TRUE,FALSE,Thematic vs Control,0.08329454177838291,probability
30,TRUE,FALSE,Grounding vs Control,1.5037351260740914,log_odds
30,TRUE,FALSE,Grounding vs Thematic,1.3470343495043378,log_odds
30,TRUE,FALSE,Thematic vs Control,0.15670077656975379,log_odds
30,TRUE,FALSE,Grounding vs Control,0.2701939209549348,probability
30,TRUE,FALSE,Grounding vs Thematic,0.2394990329331595,probability
30,TRUE,FALSE,Thematic vs Control,0.03069488802177528,probability
31,TRUE,FALSE,Grounding vs Control,1.4337705699672205,log_odds
31,TRUE,FALSE,Grounding vs Thematic,1.085291749358047,log_odds
31,TRUE,FALSE,Thematic vs Control,0.3484788206091736,log_odds
31,TRUE,FALSE,Grounding vs Control,0.2595810961077781,probability
31,TRUE,FALSE,Grounding vs Thematic,0.17631644897054877,probability
31,TRUE,FALSE,Thematic vs Control,0.08326464713722931,probability
32,TRUE,FALSE,Grounding vs Control,1.6112913595095866,log_odds
32,TRUE,FALSE,Grounding vs Thematic,0.8909840752248026,log_odds
32,TRUE,FALSE,Thematic vs Control,0.720307284284784,log_odds
32,TRUE,FALSE,Grounding vs Control,0.3224450701107362,probability
32,TRUE,FALSE,Grounding vs Thematic,0.14781137979065978,probability
32,TRUE,FALSE,Thematic vs Control,0.17463369032007642,probability
33,TRUE,FALSE,Grounding vs Control,2.1855565154002936,log_odds
33,TRUE,FALSE,Grounding vs Thematic,1.6616101157159733,log_odds
33,TRUE,FALSE,Thematic vs Control,0.5239463996843202,log_odds
33,TRUE,FALSE,Grounding vs Control,0.3715607527468518,probability
33,TRUE,FALSE,Grounding vs Thematic,0.24779660534941966,probability
33,TRUE,FALSE,Thematic vs Control,0.12376414739743213,probability
34,TRUE,FALSE,Grounding vs Control,1.3893454285637223,log_odds
34,TRUE,FALSE,Grounding vs Thematic,0.3736768907618546,log_odds
34,TRUE,FALSE,Thematic vs Control,1.0156685378018677,log_odds
34,TRUE,FALSE,Grounding vs Control,0.24848792493981942,probability
34,TRUE,FALSE,Grounding vs Thematic,0.026057333898595603,probability
34,TRUE,FALSE,Thematic vs Control,0.2224305910412238,probability
35,TRUE,FALSE,Grounding vs Control,1.6937358960759803,log_odds
35,TRUE,FALSE,Grounding vs Thematic,1.113768847461229,log_odds
35,TRUE,FALSE,Thematic vs Control,0.5799670486147511,log_odds
35,TRUE,FALSE,Grounding vs Control,0.35524562423929856,probability
35,TRUE,FALSE,Grounding vs Thematic,0.21540272440851477,probability
35,TRUE,FALSE,Thematic vs Control,0.1398428998307838,probability
36,TRUE,FALSE,Grounding vs Control,0.8512796586936396,log_odds
36,TRUE,FALSE,Grounding vs Thematic,0.8141128435697363,log_odds
36,TRUE,FALSE,Thematic vs Control,0.037166815123903296,log_odds
36,TRUE,FALSE,Grounding vs Control,0.13918959184208268,probability
36,TRUE,FALSE,Grounding vs Thematic,0.13164757805053784,probability
36,TRUE,FALSE,Thematic vs Control,0.007542013791544844,probability
37,TRUE,FALSE,Grounding vs Control,1.890477057139832,log_odds
37,TRUE,FALSE,Grounding vs Thematic,1.332505108807421,log_odds
37,TRUE,FALSE,Thematic vs Control,0.557971948332411,log_odds
37,TRUE,FALSE,Grounding vs Control,0.34569877204250804,probability
37,TRUE,FALSE,Grounding vs Thematic,0.21070060801912327,probability
37,TRUE,FALSE,Thematic vs Control,0.13499816402338477,probability
38,TRUE,FALSE,Grounding vs Control,1.5025072932151649,log_odds
38,TRUE,FALSE,Grounding vs Thematic,0.8383794084409575,log_odds
38,TRUE,FALSE,Thematic vs Control,0.6641278847742074,log_odds
38,TRUE,FALSE,Grounding vs Control,0.28912989392162225,probability
38,TRUE,FALSE,Grounding vs Thematic,0.12940268168587904,probability
38,TRUE,FALSE,Thematic vs Control,0.1597272122357432,probability
39,TRUE,FALSE,Grounding vs Control,1.2525810786372724,log_odds
39,TRUE,FALSE,Grounding vs Thematic,0.8252785971949259,log_odds
39,TRUE,FALSE,Thematic vs Control,0.4273024814423465,log_odds
39,TRUE,FALSE,Grounding vs Control,0.22402676734253169,probability
39,TRUE,FALSE,Grounding vs Thematic,0.12808914579380448,probability
39,TRUE,FALSE,Thematic vs Control,0.0959376215487272,probability
40,TRUE,FALSE,Grounding vs Control,1.1958327478212842,log_odds
40,TRUE,FALSE,Grounding vs Thematic,0.696296916472356,log_odds
40,TRUE,FALSE,Thematic vs Control,0.4995358313489281,log_odds
40,TRUE,FALSE,Grounding vs Control,0.24783287332681408,probability
40,TRUE,FALSE,Grounding vs Thematic,0.14102358532171894,probability
40,TRUE,FALSE,Thematic vs Control,0.10680928800509515,probability
41,TRUE,FALSE,Grounding vs Control,2.0857911122812465,log_odds
41,TRUE,FALSE,Grounding vs Thematic,1.3569969408153892,log_odds
41,TRUE,FALSE,Thematic vs Control,0.7287941714658573,log_odds
41,TRUE,FALSE,Grounding vs Control,0.37628742674161575,probability
41,TRUE,FALSE,Grounding vs Thematic,0.20819304970658709,probability
41,TRUE,FALSE,Thematic vs Control,0.16809437703502866,probability
42,TRUE,FALSE,Grounding vs Control,1.9702085395672377,log_odds
42,TRUE,FALSE,Grounding vs Thematic,1.7284425372483576,log_odds
42,TRUE,FALSE,Thematic vs Control,0.24176600231888012,log_odds
42,TRUE,FALSE,Grounding vs Control,0.3882342480989127,probability
42,TRUE,FALSE,Grounding vs Thematic,0.3316681167346744,probability
42,TRUE,FALSE,Thematic vs Control,0.056566131364238326,probability
43,TRUE,FALSE,Grounding vs Control,1.3195289133731822,log_odds
43,TRUE,FALSE,Grounding vs Thematic,0.5837971206648842,log_odds
43,TRUE,FALSE,Thematic vs Control,0.735731792708298,log_odds
43,TRUE,FALSE,Grounding vs Control,0.27071844704738673,probability
43,TRUE,FALSE,Grounding vs Thematic,0.09257710962410931,probability
43,TRUE,FALSE,Thematic vs Control,0.17814133742327742,probability
44,TRUE,FALSE,Grounding vs Control,1.926130052380135,log_odds
44,TRUE,FALSE,Grounding vs Thematic,1.2320486182021133,log_odds
44,TRUE,FALSE,Thematic vs Control,0.6940814341780217,log_odds
44,TRUE,FALSE,Grounding vs Control,0.350170547593461,probability
44,TRUE,FALSE,Grounding vs Thematic,0.1819031878409576,probability
44,TRUE,FALSE,Thematic vs Control,0.1682673597525034,probability
45,TRUE,FALSE,Grounding vs Control,1.6075484455760871,log_odds
45,TRUE,FALSE,Grounding vs Thematic,0.7968612431709354,log_odds
45,TRUE,FALSE,Thematic vs Control,0.8106872024051517,log_odds
45,TRUE,FALSE,Grounding vs Control,0.26928943184548365,probability
45,TRUE,FALSE,Grounding vs Thematic,0.12303698178135886,probability
45,TRUE,FALSE,Thematic vs Control,0.1462524500641248,probability
46,TRUE,FALSE,Grounding vs Control,1.9025689571812874,log_odds
46,TRUE,FALSE,Grounding vs Thematic,1.3539522042728573,log_odds
46,TRUE,FALSE,Thematic vs Control,0.54861675290843,log_odds
46,TRUE,FALSE,Grounding vs Control,0.37810690580808226,probability
46,TRUE,FALSE,Grounding vs Thematic,0.24713928834235604,probability
46,TRUE,FALSE,Thematic vs Control,0.13096761746572622,probability
47,TRUE,FALSE,Grounding vs Control,0.8260651988687424,log_odds
47,TRUE,FALSE,Grounding vs Thematic,0.28343239031810086,log_odds
47,TRUE,FALSE,Thematic vs Control,0.5426328085506416,log_odds
47,TRUE,FALSE,Grounding vs Control,0.1618799731213545,probability
47,TRUE,FALSE,Grounding vs Thematic,0.03970528852019123,probability
47,TRUE,FALSE,Thematic vs Control,0.12217468460116326,probability
48,TRUE,FALSE,Grounding vs Control,2.086260968955449,log_odds
48,TRUE,FALSE,Grounding vs Thematic,1.0658390722438877,log_odds
48,TRUE,FALSE,Thematic vs Control,1.0204218967115612,log_odds
48,TRUE,FALSE,Grounding vs Control,0.42069792027238323,probability
48,TRUE,FALSE,Grounding vs Thematic,0.17876614655979328,probability
48,TRUE,FALSE,Thematic vs Control,0.24193177371258995,probability
49,TRUE,FALSE,Grounding vs Control,2.2847200497873548,log_odds
49,TRUE,FALSE,Grounding vs Thematic,1.4394735208018798,log_odds
49,TRUE,FALSE,Thematic vs Control,0.8452465289854749,log_odds
49,TRUE,FALSE,Grounding vs Control,0.4416521050593946,probability
49,TRUE,FALSE,Grounding vs Thematic,0.2365823515686477,probability
49,TRUE,FALSE,Thematic vs Control,0.2050697534907469,probability
50,TRUE,FALSE,Grounding vs Control,1.6550776699329262,log_odds
50,TRUE,FALSE,Grounding vs Thematic,0.7397383929649533,log_odds
50,TRUE,FALSE,Thematic vs Control,0.9153392769679729,log_odds
50,TRUE,FALSE,Grounding vs Control,0.36357710553142997,probability
50,TRUE,FALSE,Grounding vs Thematic,0.1585314693712605,probability
50,TRUE,FALSE,Thematic vs Control,0.20504563616016946,probability
51,TRUE,FALSE,Grounding vs Control,1.763342600714695,log_odds
51,TRUE,FALSE,Grounding vs Thematic,1.242956024438963,log_odds
51,TRUE,FALSE,Thematic vs Control,0.520386576275732,log_odds
51,TRUE,FALSE,Grounding vs Control,0.3465753533754959,probability
51,TRUE,FALSE,Grounding vs Thematic,0.2191381596985698,probability
51,TRUE,FALSE,Thematic vs Control,0.12743719367692607,probability
52,TRUE,FALSE,Grounding vs Control,1.945488835628759,log_odds
52,TRUE,FALSE,Grounding vs Thematic,1.4026225883022503,log_odds
52,TRUE,FALSE,Thematic vs Control,0.5428662473265087,log_odds
52,TRUE,FALSE,Grounding vs Control,0.3992767067829116,probability
52,TRUE,FALSE,Grounding vs Thematic,0.26367622717844125,probability
52,TRUE,FALSE,Thematic vs Control,0.13560047960447036,probability
53,TRUE,FALSE,Grounding vs Control,2.0574393462722624,log_odds
53,TRUE,FALSE,Grounding vs Thematic,0.6395491825258179,log_odds
53,TRUE,FALSE,Thematic vs Control,1.4178901637464443,log_odds
53,TRUE,FALSE,Grounding vs Control,0.4357011855719644,probability
53,TRUE,FALSE,Grounding vs Thematic,0.10215565556294237,probability
53,TRUE,FALSE,Thematic vs Control,0.33354553000902204,probability
54,TRUE,FALSE,Grounding vs Control,1.858496325531422,log_odds
54,TRUE,FALSE,Grounding vs Thematic,0.9337266958062489,log_odds
54,TRUE,FALSE,Thematic vs Control,0.9247696297251732,log_odds
54,TRUE,FALSE,Grounding vs Control,0.4070136343507132,probability
54,TRUE,FALSE,Grounding vs Thematic,0.18753515615275962,probability
54,TRUE,FALSE,Thematic vs Control,0.21947847819795357,probability
55,TRUE,FALSE,Grounding vs Control,1.7583019158947084,log_odds
55,TRUE,FALSE,Grounding vs Thematic,0.9791819885867419,log_odds
55,TRUE,FALSE,Thematic vs Control,0.7791199273079666,log_odds
55,TRUE,FALSE,Grounding vs Control,0.3715030452553206,probability
55,TRUE,FALSE,Grounding vs Thematic,0.18828004288452438,probability
55,TRUE,FALSE,Thematic vs Control,0.1832230023707962,probability
56,TRUE,FALSE,Grounding vs Control,1.680312635684216,log_odds
56,TRUE,FALSE,Grounding vs Thematic,-0.18478094112264953,log_odds
56,TRUE,FALSE,Thematic vs Control,1.8650935768068655,log_odds
56,TRUE,FALSE,Grounding vs Control,0.3666226659559037,probability
56,TRUE,FALSE,Grounding vs Thematic,-0.05816729346304378,probability
56,TRUE,FALSE,Thematic vs Control,0.4247899594189475,probability
57,TRUE,FALSE,Grounding vs Control,2.1890315037140096,log_odds
57,TRUE,FALSE,Grounding vs Thematic,1.3042315804384312,log_odds
57,TRUE,FALSE,Thematic vs Control,0.8847999232755784,log_odds
57,TRUE,FALSE,Grounding vs Control,0.4401024453495374,probability
57,TRUE,FALSE,Grounding vs Thematic,0.2240593546506291,probability
57,TRUE,FALSE,Thematic vs Control,0.2160430906989083,probability
58,TRUE,FALSE,Grounding vs Control,1.80190122560718,log_odds
58,TRUE,FALSE,Grounding vs Thematic,0.9182478930183817,log_odds
58,TRUE,FALSE,Thematic vs Control,0.8836533325887984,log_odds
58,TRUE,FALSE,Grounding vs Control,0.2803591883283136,probability
58,TRUE,FALSE,Grounding vs Thematic,0.07527046376144231,probability
58,TRUE,FALSE,Thematic vs Control,0.20508872456687127,probability
59,TRUE,FALSE,Grounding vs Control,1.5021490262314885,log_odds
59,TRUE,FALSE,Grounding vs Thematic,1.1256240198232415,log_odds
59,TRUE,FALSE,Thematic vs Control,0.37652500640824704,log_odds
59,TRUE,FALSE,Grounding vs Control,0.17748908705920413,probability
59,TRUE,FALSE,Grounding vs Thematic,0.09089192878584829,probability
59,TRUE,FALSE,Thematic vs Control,0.08659715827335585,probability
60,TRUE,FALSE,Grounding vs Control,1.7071598459303936,log_odds
60,TRUE,FALSE,Grounding vs Thematic,1.2290164530159942,log_odds
60,TRUE,FALSE,Thematic vs Control,0.4781433929143994,log_odds
60,TRUE,FALSE,Grounding vs Control,0.3330932055592023,probability
60,TRUE,FALSE,Grounding vs Thematic,0.23074290990611845,probability
60,TRUE,FALSE,Thematic vs Control,0.10235029565308384,probability
61,TRUE,FALSE,Grounding vs Control,1.8364489364600145,log_odds
61,TRUE,FALSE,Grounding vs Thematic,1.1610400683549602,log_odds
61,TRUE,FALSE,Thematic vs Control,0.6754088681050543,log_odds
61,TRUE,FALSE,Grounding vs Control,0.3006585308898489,probability
61,TRUE,FALSE,Grounding vs Thematic,0.1438144163764542,probability
61,TRUE,FALSE,Thematic vs Control,0.1568441145133947,probability
62,TRUE,FALSE,Grounding vs Control,1.4997487666772793,log_odds
62,TRUE,FALSE,Grounding vs Thematic,0.9103469841744473,log_odds
62,TRUE,FALSE,Thematic vs Control,0.5894017825028319,log_odds
62,TRUE,FALSE,Grounding vs Control,0.32803914586320454,probability
62,TRUE,FALSE,Grounding vs Thematic,0.1852548928839584,probability
62,TRUE,FALSE,Thematic vs Control,0.14278425297924613,probability
63,TRUE,FALSE,Grounding vs Control,1.4513608378710376,log_odds
63,TRUE,FALSE,Grounding vs Thematic,0.8761753691195766,log_odds
63,TRUE,FALSE,Thematic vs Control,0.575185468751461,log_odds
63,TRUE,FALSE,Grounding vs Control,0.2959573281241754,probability
63,TRUE,FALSE,Grounding vs Thematic,0.1597160724317231,probability
63,TRUE,FALSE,Thematic vs Control,0.13624125569245232,probability
64,TRUE,FALSE,Grounding vs Control,1.6258815021864113,log_odds
64,TRUE,FALSE,Grounding vs Thematic,1.2247192920623144,log_odds
64,TRUE,FALSE,Thematic vs Control,0.4011622101240968,log_odds
64,TRUE,FALSE,Grounding vs Control,0.30352151527476,probability
64,TRUE,FALSE,Grounding vs Thematic,0.20909445637024582,probability
64,TRUE,FALSE,Thematic vs Control,0.0944270589045142,probability
65,TRUE,FALSE,Grounding vs Control,1.7063462844740387,log_odds
65,TRUE,FALSE,Grounding vs Thematic,0.9018532193274529,log_odds
65,TRUE,FALSE,Thematic vs Control,0.8044930651465858,log_odds
65,TRUE,FALSE,Grounding vs Control,0.31990672192036057,probability
65,TRUE,FALSE,Grounding vs Thematic,0.12947059818013135,probability
65,TRUE,FALSE,Thematic vs Control,0.19043612374022922,probability
66,TRUE,FALSE,Grounding vs Control,2.081500131206986,log_odds
66,TRUE,FALSE,Grounding vs Thematic,1.3142210244089463,log_odds
66,TRUE,FALSE,Thematic vs Control,0.7672791067980398,log_odds
66,TRUE,FALSE,Grounding vs Control,0.42243411591837876,probability
66,TRUE,FALSE,Grounding vs Thematic,0.23762356160291398,probability
66,TRUE,FALSE,Thematic vs Control,0.18481055431546478,probability
67,TRUE,FALSE,Grounding vs Control,1.7223303196725377,log_odds
67,TRUE,FALSE,Grounding vs Thematic,0.9874225646384682,log_odds
67,TRUE,FALSE,Thematic vs Control,0.7349077550340695,log_odds
67,TRUE,FALSE,Grounding vs Control,0.32336443174927426,probability
67,TRUE,FALSE,Grounding vs Thematic,0.1485971408524403,probability
67,TRUE,FALSE,Thematic vs Control,0.17476729089683396,probability
68,TRUE,FALSE,Grounding vs Control,1.8676813735404532,log_odds
68,TRUE,FALSE,Grounding vs Thematic,1.0879862341695767,log_odds
68,TRUE,FALSE,Thematic vs Control,0.7796951393708764,log_odds
68,TRUE,FALSE,Grounding vs Control,0.3855556033889807,probability
68,TRUE,FALSE,Grounding vs Thematic,0.19928878347683088,probability
68,TRUE,FALSE,Thematic vs Control,0.18626681991214983,probability
69,TRUE,FALSE,Grounding vs Control,1.1828423857071528,log_odds
69,TRUE,FALSE,Grounding vs Thematic,0.5525408882118097,log_odds
69,TRUE,FALSE,Thematic vs Control,0.630301497495343,log_odds
69,TRUE,FALSE,Grounding vs Control,0.22243446304380676,probability
69,TRUE,FALSE,Grounding vs Thematic,0.0767142473681871,probability
69,TRUE,FALSE,Thematic vs Control,0.14572021567561966,probability
70,TRUE,FALSE,Grounding vs Control,1.8132432259902558,log_odds
70,TRUE,FALSE,Grounding vs Thematic,0.9121363443610131,log_odds
70,TRUE,FALSE,Thematic vs Control,0.9011068816292426,log_odds
70,TRUE,FALSE,Grounding vs Control,0.37260045738763564,probability
70,TRUE,FALSE,Grounding vs Thematic,0.15875121510398238,probability
70,TRUE,FALSE,Thematic vs Control,0.21384924228365326,probability
71,TRUE,FALSE,Grounding vs Control,1.7870232791808864,log_odds
71,TRUE,FALSE,Grounding vs Thematic,1.390987089516778,log_odds
71,TRUE,FALSE,Thematic vs Control,0.3960361896641085,log_odds
71,TRUE,FALSE,Grounding vs Control,0.3559672529735683,probability
71,TRUE,FALSE,Grounding vs Thematic,0.25918050321958613,probability
71,TRUE,FALSE,Thematic vs Control,0.09678674975398216,probability
72,TRUE,FALSE,Grounding vs Control,2.2074698308910197,log_odds
72,TRUE,FALSE,Grounding vs Thematic,1.6998657528722534,log_odds
72,TRUE,FALSE,Thematic vs Control,0.5076040780187665,log_odds
72,TRUE,FALSE,Grounding vs Control,0.31747111439316106,probability
72,TRUE,FALSE,Grounding vs Thematic,0.20028972035428927,probability
72,TRUE,FALSE,Thematic vs Control,0.11718139403887179,probability
73,TRUE,FALSE,Grounding vs Control,2.2075779576642676,log_odds
73,TRUE,FALSE,Grounding vs Thematic,1.270802081243243,log_odds
73,TRUE,FALSE,Thematic vs Control,0.9367758764210246,log_odds
73,TRUE,FALSE,Grounding vs Control,0.3749291135991523,probability
73,TRUE,FALSE,Grounding vs Thematic,0.165248824287565,probability
73,TRUE,FALSE,Thematic vs Control,0.20968028931158733,probability
74,TRUE,FALSE,Grounding vs Control,1.3616023018400933,log_odds
74,TRUE,FALSE,Grounding vs Thematic,0.865816274676857,log_odds
74,TRUE,FALSE,Thematic vs Control,0.49578602716323644,log_odds
74,TRUE,FALSE,Grounding vs Control,0.27617970771129774,probability
74,TRUE,FALSE,Grounding vs Thematic,0.17893199528115233,probability
74,TRUE,FALSE,Thematic vs Control,0.0972477124301454,probability
75,TRUE,FALSE,Grounding vs Control,1.0516711903478295,log_odds
75,TRUE,FALSE,Grounding vs Thematic,0.883917465282059,log_odds
75,TRUE,FALSE,Thematic vs Control,0.16775372506577058,log_odds
75,TRUE,FALSE,Grounding vs Control,0.2094755655734909,probability
75,TRUE,FALSE,Grounding vs Thematic,0.1686285913315338,probability
75,TRUE,FALSE,Thematic vs Control,0.0408469742419571,probability
76,TRUE,FALSE,Grounding vs Control,1.5752237078811784,log_odds
76,TRUE,FALSE,Grounding vs Thematic,0.8786036914126008,log_odds
76,TRUE,FALSE,Thematic vs Control,0.6966200164685776,log_odds
76,TRUE,FALSE,Grounding vs Control,0.3268526062252369,probability
76,TRUE,FALSE,Grounding vs Thematic,0.16806894831305869,probability
76,TRUE,FALSE,Thematic vs Control,0.1587836579121782,probability
77,TRUE,FALSE,Grounding vs Control,1.798747187015485,log_odds
77,TRUE,FALSE,Grounding vs Thematic,1.1529939962529574,log_odds
77,TRUE,FALSE,Thematic vs Control,0.6457531907625276,log_odds
77,TRUE,FALSE,Grounding vs Control,0.3717653990356662,probability
77,TRUE,FALSE,Grounding vs Thematic,0.21810457502732367,probability
77,TRUE,FALSE,Thematic vs Control,0.15366082400834252,probability
78,TRUE,FALSE,Grounding vs Control,2.1535121800113703,log_odds
78,TRUE,FALSE,Grounding vs Thematic,1.4489686001254403,log_odds
78,TRUE,FALSE,Thematic vs Control,0.7045435798859303,log_odds
78,TRUE,FALSE,Grounding vs Control,0.44084390464389156,probability
78,TRUE,FALSE,Grounding vs Thematic,0.2794836721872758,probability
78,TRUE,FALSE,Thematic vs Control,0.16136023245661574,probability
79,TRUE,FALSE,Grounding vs Control,1.24945889712624,log_odds
79,TRUE,FALSE,Grounding vs Thematic,0.6817692449486543,log_odds
79,TRUE,FALSE,Thematic vs Control,0.5676896521775856,log_odds
79,TRUE,FALSE,Grounding vs Control,0.2647246415678241,probability
79,TRUE,FALSE,Grounding vs Thematic,0.1259757785351427,probability
79,TRUE,FALSE,Thematic vs Control,0.1387488630326814,probability
80,TRUE,FALSE,Grounding vs Control,1.124225185532865,log_odds
80,TRUE,FALSE,Grounding vs Thematic,0.6534631039406182,log_odds
80,TRUE,FALSE,Thematic vs Control,0.47076208159224686,log_odds
80,TRUE,FALSE,Grounding vs Control,0.2113238453219326,probability
80,TRUE,FALSE,Grounding vs Thematic,0.0979592915022327,probability
80,TRUE,FALSE,Thematic vs Control,0.1133645538196999,probability
81,TRUE,FALSE,Grounding vs Control,1.277974339627705,log_odds
81,TRUE,FALSE,Grounding vs Thematic,0.7002366620079505,log_odds
81,TRUE,FALSE,Thematic vs Control,0.5777376776197545,log_odds
81,TRUE,FALSE,Grounding vs Control,0.2549499258747729,probability
81,TRUE,FALSE,Grounding vs Thematic,0.11295332528409247,probability
81,TRUE,FALSE,Thematic vs Control,0.14199660059068042,probability
82,TRUE,FALSE,Grounding vs Control,1.988338856723627,log_odds
82,TRUE,FALSE,Grounding vs Thematic,1.1605882826974487,log_odds
82,TRUE,FALSE,Thematic vs Control,0.8277505740261784,log_odds
82,TRUE,FALSE,Grounding vs Control,0.35555177988446224,probability
82,TRUE,FALSE,Grounding vs Thematic,0.16120185815363913,probability
82,TRUE,FALSE,Thematic vs Control,0.1943499217308231,probability
83,TRUE,FALSE,Grounding vs Control,2.3192835781158685,log_odds
83,TRUE,FALSE,Grounding vs Thematic,1.7345432636663147,log_odds
83,TRUE,FALSE,Thematic vs Control,0.5847403144495539,log_odds
83,TRUE,FALSE,Grounding vs Control,0.4669111790081487,probability
83,TRUE,FALSE,Grounding vs Thematic,0.325252177717698,probability
83,TRUE,FALSE,Thematic vs Control,0.14165900129045073,probability
84,TRUE,FALSE,Grounding vs Control,1.4110578634730573,log_odds
84,TRUE,FALSE,Grounding vs Thematic,1.111631903160246,log_odds
84,TRUE,FALSE,Thematic vs Control,0.2994259603128113,log_odds
84,TRUE,FALSE,Grounding vs Control,0.2731552397988006,probability
84,TRUE,FALSE,Grounding vs Thematic,0.19559069347673064,probability
84,TRUE,FALSE,Thematic vs Control,0.07756454632206994,probability
85,TRUE,FALSE,Grounding vs Control,1.5255629519782326,log_odds
85,TRUE,FALSE,Grounding vs Thematic,1.0001388017725663,log_odds
85,TRUE,FALSE,Thematic vs Control,0.5254241502056664,log_odds
85,TRUE,FALSE,Grounding vs Control,0.3175016817735242,probability
85,TRUE,FALSE,Grounding vs Thematic,0.18787279493757375,probability
85,TRUE,FALSE,Thematic vs Control,0.12962888683595047,probability
86,TRUE,FALSE,Grounding vs Control,1.6217596664654135,log_odds
86,TRUE,FALSE,Grounding vs Thematic,1.1081372488056593,log_odds
86,TRUE,FALSE,Thematic vs Control,0.513622417659754,log_odds
86,TRUE,FALSE,Grounding vs Control,0.28215616183321635,probability
86,TRUE,FALSE,Grounding vs Thematic,0.17234919389180747,probability
86,TRUE,FALSE,Thematic vs Control,0.10980696794140887,probability
87,TRUE,FALSE,Grounding vs Control,2.1366392821565876,log_odds
87,TRUE,FALSE,Grounding vs Thematic,1.6004548225388278,log_odds
87,TRUE,FALSE,Thematic vs Control,0.5361844596177597,log_odds
87,TRUE,FALSE,Grounding vs Control,0.42815058072423634,probability
87,TRUE,FALSE,Grounding vs Thematic,0.2912554582716775,probability
87,TRUE,FALSE,Thematic vs Control,0.13689512245255886,probability
88,TRUE,FALSE,Grounding vs Control,1.8614896276244226,log_odds
88,TRUE,FALSE,Grounding vs Thematic,1.0529537037539718,log_odds
88,TRUE,FALSE,Thematic vs Control,0.8085359238704508,log_odds
88,TRUE,FALSE,Grounding vs Control,0.35767561733149844,probability
88,TRUE,FALSE,Grounding vs Thematic,0.16623921925589702,probability
88,TRUE,FALSE,Thematic vs Control,0.19143639807560142,probability
89,TRUE,FALSE,Grounding vs Control,1.9596092769329623,log_odds
89,TRUE,FALSE,Grounding vs Thematic,0.8742306204485994,log_odds
89,TRUE,FALSE,Thematic vs Control,1.0853786564843628,log_odds
89,TRUE,FALSE,Grounding vs Control,0.39351398316437014,probability
89,TRUE,FALSE,Grounding vs Thematic,0.12866971644434294,probability
89,TRUE,FALSE,Thematic vs Control,0.26484426672002714,probability
90,TRUE,FALSE,Grounding vs Control,1.7346711394442265,log_odds
90,TRUE,FALSE,Grounding vs Thematic,0.8290438345733786,log_odds
90,TRUE,FALSE,Thematic vs Control,0.905627304870848,log_odds
90,TRUE,FALSE,Grounding vs Control,0.33838458730412524,probability
90,TRUE,FALSE,Grounding vs Thematic,0.1297910294077791,probability
90,TRUE,FALSE,Thematic vs Control,0.20859355789634615,probability
91,TRUE,FALSE,Grounding vs Control,1.7735415034107682,log_odds
91,TRUE,FALSE,Grounding vs Thematic,0.9993434373980987,log_odds
91,TRUE,FALSE,Thematic vs Control,0.7741980660126695,log_odds
91,TRUE,FALSE,Grounding vs Control,0.31724518902134163,probability
91,TRUE,FALSE,Grounding vs Thematic,0.13566758531333595,probability
91,TRUE,FALSE,Thematic vs Control,0.18157760370800569,probability
92,TRUE,FALSE,Grounding vs Control,0.9409815646814503,log_odds
92,TRUE,FALSE,Grounding vs Thematic,0.20046906322616476,log_odds
92,TRUE,FALSE,Thematic vs Control,0.7405125014552856,log_odds
92,TRUE,FALSE,Grounding vs Control,0.18544575460775642,probability
92,TRUE,FALSE,Grounding vs Thematic,0.028610617547242978,probability
92,TRUE,FALSE,Thematic vs Control,0.15683513706051344,probability
93,TRUE,FALSE,Grounding vs Control,1.214986171527901,log_odds
93,TRUE,FALSE,Grounding vs Thematic,0.6300443361835271,log_odds
93,TRUE,FALSE,Thematic vs Control,0.5849418353443737,log_odds
93,TRUE,FALSE,Grounding vs Control,0.2584810535310734,probability
93,TRUE,FALSE,Grounding vs Thematic,0.12954903105579219,probability
93,TRUE,FALSE,Thematic vs Control,0.12893202247528124,probability
94,TRUE,FALSE,Grounding vs Control,1.4435469258536964,log_odds
94,TRUE,FALSE,Grounding vs Thematic,0.7357964908511652,log_odds
94,TRUE,FALSE,Thematic vs Control,0.7077504350025312,log_odds
94,TRUE,FALSE,Grounding vs Control,0.28148364043594015,probability
94,TRUE,FALSE,Grounding vs Thematic,0.10614771058586153,probability
94,TRUE,FALSE,Thematic vs Control,0.17533592985007862,probability
95,TRUE,FALSE,Grounding vs Control,1.5631965253604307,log_odds
95,TRUE,FALSE,Grounding vs Thematic,0.5819583139036542,log_odds
95,TRUE,FALSE,Thematic vs Control,0.9812382114567767,log_odds
95,TRUE,FALSE,Grounding vs Control,0.31360376519324235,probability
95,TRUE,FALSE,Grounding vs Thematic,0.10434916058229093,probability
95,TRUE,FALSE,Thematic vs Control,0.2092546046109514,probability
96,TRUE,FALSE,Grounding vs Control,1.5506828753587723,log_odds
96,TRUE,FALSE,Grounding vs Thematic,0.7060781977885195,log_odds
96,TRUE,FALSE,Thematic vs Control,0.8446046775702527,log_odds
96,TRUE,FALSE,Grounding vs Control,0.2695264359084332,probability
96,TRUE,FALSE,Grounding vs Thematic,0.06851475072246133,probability
96,TRUE,FALSE,Thematic vs Control,0.2010116851859719,probability
97,TRUE,FALSE,Grounding vs Control,2.6924005974246867,log_odds
97,TRUE,FALSE,Grounding vs Thematic,1.2063657306893176,log_odds
97,TRUE,FALSE,Thematic vs Control,1.4860348667353693,log_odds
97,TRUE,FALSE,Grounding vs Control,0.5758135768379584,probability
97,TRUE,FALSE,Grounding vs Thematic,0.2449582837293267,probability
97,TRUE,FALSE,Thematic vs Control,0.3308552931086317,probability
98,TRUE,FALSE,Grounding vs Control,1.434641666455243,log_odds
98,TRUE,FALSE,Grounding vs Thematic,0.9936032727533877,log_odds
98,TRUE,FALSE,Thematic vs Control,0.4410383937018554,log_odds
98,TRUE,FALSE,Grounding vs Control,0.28147718404952826,probability
98,TRUE,FALSE,Grounding vs Thematic,0.17418641988900357,probability
98,TRUE,FALSE,Thematic vs Control,0.10729076416052469,probability
99,TRUE,FALSE,Grounding vs Control,1.2009732534140043,log_odds
99,TRUE,FALSE,Grounding vs Thematic,0.5715284740890179,log_odds
99,TRUE,FALSE,Thematic vs Control,0.6294447793249863,log_odds
99,TRUE,FALSE,Grounding vs Control,0.25176704286283375,probability
99,TRUE,FALSE,Grounding vs Thematic,0.10665611328960334,probability
99,TRUE,FALSE,Thematic vs Control,0.1451109295732304,probability
100,TRUE,FALSE,Grounding vs Control,1.7865659830437421,log_odds
100,TRUE,FALSE,Grounding vs Thematic,0.8055529330724291,log_odds
100,TRUE,FALSE,Thematic vs Control,0.9810130499713129,log_odds
100,TRUE,FALSE,Grounding vs Control,0.3472662087226458,probability
100,TRUE,FALSE,Grounding vs Thematic,0.1129261713006256,probability
100,TRUE,FALSE,Thematic vs Control,0.2343400374220202,probability
101,TRUE,FALSE,Grounding vs Control,2.0718883588348844,log_odds
101,TRUE,FALSE,Grounding vs Thematic,0.9950452144852235,log_odds
101,TRUE,FALSE,Thematic vs Control,1.0768431443496609,log_odds
101,TRUE,FALSE,Grounding vs Control,0.3926361616361735,probability
101,TRUE,FALSE,Grounding vs Thematic,0.13560118891315537,probability
101,TRUE,FALSE,Thematic vs Control,0.2570349727230181,probability
102,TRUE,FALSE,Grounding vs Control,1.3112795076901917,log_odds
102,TRUE,FALSE,Grounding vs Thematic,0.7593792869432048,log_odds
102,TRUE,FALSE,Thematic vs Control,0.551900220746987,log_odds
102,TRUE,FALSE,Grounding vs Control,0.2705182216347895,probability
102,TRUE,FALSE,Grounding vs Thematic,0.13844468638233304,probability
102,TRUE,FALSE,Thematic vs Control,0.13207353525245646,probability
103,TRUE,FALSE,Grounding vs Control,1.8203062858038557,log_odds
103,TRUE,FALSE,Grounding vs Thematic,1.075946311946633,log_odds
103,TRUE,FALSE,Thematic vs Control,0.7443599738572226,log_odds
103,TRUE,FALSE,Grounding vs Control,0.3173682948982025,probability
103,TRUE,FALSE,Grounding vs Thematic,0.13858897766725847,probability
103,TRUE,FALSE,Thematic vs Control,0.17877931723094403,probability
104,TRUE,FALSE,Grounding vs Control,0.7449190255803851,log_odds
104,TRUE,FALSE,Grounding vs Thematic,0.7106089244326013,log_odds
104,TRUE,FALSE,Thematic vs Control,0.03431010114778388,log_odds
104,TRUE,FALSE,Grounding vs Control,0.1110206805900617,probability
104,TRUE,FALSE,Grounding vs Thematic,0.10226722250240422,probability
104,TRUE,FALSE,Thematic vs Control,0.008753458087657484,probability
105,TRUE,FALSE,Grounding vs Control,2.0942023723642156,log_odds
105,TRUE,FALSE,Grounding vs Thematic,1.1572393668308067,log_odds
105,TRUE,FALSE,Thematic vs Control,0.9369630055334087,log_odds
105,TRUE,FALSE,Grounding vs Control,0.431101629758045,probability
105,TRUE,FALSE,Grounding vs Thematic,0.21042749922844367,probability
105,TRUE,FALSE,Thematic vs Control,0.22067413052960133,probability
106,TRUE,FALSE,Grounding vs Control,1.679598671628158,log_odds
106,TRUE,FALSE,Grounding vs Thematic,0.8622933871874698,log_odds
106,TRUE,FALSE,Thematic vs Control,0.817305284440688,log_odds
106,TRUE,FALSE,Grounding vs Control,0.314671744058663,probability
106,TRUE,FALSE,Grounding vs Thematic,0.12126845144306814,probability
106,TRUE,FALSE,Thematic vs Control,0.19340329261559486,probability
107,TRUE,FALSE,Grounding vs Control,1.3953348960016032,log_odds
107,TRUE,FALSE,Grounding vs Thematic,1.0844367342588979,log_odds
107,TRUE,FALSE,Thematic vs Control,0.31089816174270535,log_odds
107,TRUE,FALSE,Grounding vs Control,0.24835590955064651,probability
107,TRUE,FALSE,Grounding vs Thematic,0.17679452895475883,probability
107,TRUE,FALSE,Thematic vs Control,0.07156138059588768,probability
108,TRUE,FALSE,Grounding vs Control,1.9720537823159678,log_odds
108,TRUE,FALSE,Grounding vs Thematic,1.118368804461349,log_odds
108,TRUE,FALSE,Thematic vs Control,0.8536849778546189,log_odds
108,TRUE,FALSE,Grounding vs Control,0.3990373272637195,probability
108,TRUE,FALSE,Grounding vs Thematic,0.19564282563170693,probability
108,TRUE,FALSE,Thematic vs Control,0.20339450163201256,probability
109,TRUE,FALSE,Grounding vs Control,1.3883177757744893,log_odds
109,TRUE,FALSE,Grounding vs Thematic,0.7063267829856521,log_odds
109,TRUE,FALSE,Thematic vs Control,0.6819909927888371,log_odds
109,TRUE,FALSE,Grounding vs Control,0.25475006072688383,probability
109,TRUE,FALSE,Grounding vs Thematic,0.09167551496894738,probability
109,TRUE,FALSE,Thematic vs Control,0.16307454575793645,probability
110,TRUE,FALSE,Grounding vs Control,1.1399509344769676,log_odds
110,TRUE,FALSE,Grounding vs Thematic,0.6884315997022332,log_odds
110,TRUE,FALSE,Thematic vs Control,0.45151933477473427,log_odds
110,TRUE,FALSE,Grounding vs Control,0.1648956047871208,probability
110,TRUE,FALSE,Grounding vs Thematic,0.06237337746086585,probability
110,TRUE,FALSE,Thematic vs Control,0.10252222732625493,probability
111,TRUE,FALSE,Grounding vs Control,2.4699271795598605,log_odds
111,TRUE,FALSE,Grounding vs Thematic,1.911966600510445,log_odds
111,TRUE,FALSE,Thematic vs Control,0.5579605790494153,log_odds
111,TRUE,FALSE,Grounding vs Control,0.3821034261246247,probability
111,TRUE,FALSE,Grounding vs Thematic,0.2544755969644207,probability
111,TRUE,FALSE,Thematic vs Control,0.12762782916020404,probability
112,TRUE,FALSE,Grounding vs Control,1.7045693472180734,log_odds
112,TRUE,FALSE,Grounding vs Thematic,0.5501600806944698,log_odds
112,TRUE,FALSE,Thematic vs Control,1.1544092665236036,log_odds
112,TRUE,FALSE,Grounding vs Control,0.32390729816043323,probability
112,TRUE,FALSE,Grounding vs Thematic,0.07222260214560472,probability
112,TRUE,FALSE,Thematic vs Control,0.2516846960148285,probability
113,TRUE,FALSE,Grounding vs Control,1.0041322728517945,log_odds
113,TRUE,FALSE,Grounding vs Thematic,0.7127456859607237,log_odds
113,TRUE,FALSE,Thematic vs Control,0.2913865868910708,log_odds
113,TRUE,FALSE,Grounding vs Control,0.12927236538088105,probability
113,TRUE,FALSE,Grounding vs Thematic,0.07904202897497281,probability
113,TRUE,FALSE,Thematic vs Control,0.05023033640590824,probability
114,TRUE,FALSE,Grounding vs Control,1.8034745135307417,log_odds
114,TRUE,FALSE,Grounding vs Thematic,0.8429844249387299,log_odds
114,TRUE,FALSE,Thematic vs Control,0.9604900885920118,log_odds
114,TRUE,FALSE,Grounding vs Control,0.3579507728050456,probability
114,TRUE,FALSE,Grounding vs Thematic,0.1335504690767278,probability
114,TRUE,FALSE,Thematic vs Control,0.22440030372831782,probability
115,TRUE,FALSE,Grounding vs Control,1.58122956268586,log_odds
115,TRUE,FALSE,Grounding vs Thematic,0.7060360300375956,log_odds
115,TRUE,FALSE,Thematic vs Control,0.8751935326482643,log_odds
115,TRUE,FALSE,Grounding vs Control,0.30518534875752973,probability
115,TRUE,FALSE,Grounding vs Thematic,0.16150872007504435,probability
115,TRUE,FALSE,Thematic vs Control,0.14367662868248537,probability
116,TRUE,FALSE,Grounding vs Control,1.665452716167347,log_odds
116,TRUE,FALSE,Grounding vs Thematic,1.0851414250922082,log_odds
116,TRUE,FALSE,Thematic vs Control,0.5803112910751386,log_odds
116,TRUE,FALSE,Grounding vs Control,0.3230700655943491,probability
116,TRUE,FALSE,Grounding vs Thematic,0.18294144595411027,probability
116,TRUE,FALSE,Thematic vs Control,0.14012861964023882,probability
117,TRUE,FALSE,Grounding vs Control,1.4174776733245795,log_odds
117,TRUE,FALSE,Grounding vs Thematic,0.7874120444774316,log_odds
117,TRUE,FALSE,Thematic vs Control,0.630065628847148,log_odds
117,TRUE,FALSE,Grounding vs Control,0.3167142905015203,probability
117,TRUE,FALSE,Grounding vs Thematic,0.16420145732823838,probability
117,TRUE,FALSE,Thematic vs Control,0.1525128331732819,probability
118,TRUE,FALSE,Grounding vs Control,1.2361374828786356,log_odds
118,TRUE,FALSE,Grounding vs Thematic,0.5814813370120646,log_odds
118,TRUE,FALSE,Thematic vs Control,0.654656145866571,log_odds
118,TRUE,FALSE,Grounding vs Control,0.23503487846769466,probability
118,TRUE,FALSE,Grounding vs Thematic,0.0797798712428181,probability
118,TRUE,FALSE,Thematic vs Control,0.15525500722487656,probability
119,TRUE,FALSE,Grounding vs Control,1.3655082996283572,log_odds
119,TRUE,FALSE,Grounding vs Thematic,1.0731768103121357,log_odds
119,TRUE,FALSE,Thematic vs Control,0.2923314893162213,log_odds
119,TRUE,FALSE,Grounding vs Control,0.24307434167239989,probability
119,TRUE,FALSE,Grounding vs Thematic,0.1777928692948157,probability
119,TRUE,FALSE,Thematic vs Control,0.0652814723775842,probability
120,TRUE,FALSE,Grounding vs Control,1.6505433533627403,log_odds
120,TRUE,FALSE,Grounding vs Thematic,0.7672799769932397,log_odds
120,TRUE,FALSE,Thematic vs Control,0.8832633763695006,log_odds
120,TRUE,FALSE,Grounding vs Control,0.3107888340370807,probability
120,TRUE,FALSE,Grounding vs Thematic,0.09714645942982547,probability
120,TRUE,FALSE,Thematic vs Control,0.21364237460725521,probability
121,TRUE,FALSE,Grounding vs Control,1.521355361826905,log_odds
121,TRUE,FALSE,Grounding vs Thematic,1.1723625988789959,log_odds
121,TRUE,FALSE,Thematic vs Control,0.34899276294790904,log_odds
121,TRUE,FALSE,Grounding vs Control,0.27614428805830615,probability
121,TRUE,FALSE,Grounding vs Thematic,0.19243136653569698,probability
121,TRUE,FALSE,Thematic vs Control,0.08371292152260917,probability
122,TRUE,FALSE,Grounding vs Control,1.4225052842845876,log_odds
122,TRUE,FALSE,Grounding vs Thematic,0.9133083011180259,log_odds
122,TRUE,FALSE,Thematic vs Control,0.5091969831665616,log_odds
122,TRUE,FALSE,Grounding vs Control,0.27876851676918213,probability
122,TRUE,FALSE,Grounding vs Thematic,0.1502281010572349,probability
122,TRUE,FALSE,Thematic vs Control,0.12854041571194724,probability
123,TRUE,FALSE,Grounding vs Control,1.6027160762828347,log_odds
123,TRUE,FALSE,Grounding vs Thematic,0.9816517920516286,log_odds
123,TRUE,FALSE,Thematic vs Control,0.6210642842312061,log_odds
123,TRUE,FALSE,Grounding vs Control,0.297900104937932,probability
123,TRUE,FALSE,Grounding vs Thematic,0.15592288246068658,probability
123,TRUE,FALSE,Thematic vs Control,0.14197722247724542,probability
124,TRUE,FALSE,Grounding vs Control,1.6599446608841564,log_odds
124,TRUE,FALSE,Grounding vs Thematic,1.1672260694693952,log_odds
124,TRUE,FALSE,Thematic vs Control,0.49271859141476115,log_odds
124,TRUE,FALSE,Grounding vs Control,0.308159999237785,probability
124,TRUE,FALSE,Grounding vs Thematic,0.19340716124413093,probability
124,TRUE,FALSE,Thematic vs Control,0.11475283799365404,probability
125,TRUE,FALSE,Grounding vs Control,0.9391340506996889,log_odds
125,TRUE,FALSE,Grounding vs Thematic,0.3767648747811583,log_odds
125,TRUE,FALSE,Thematic vs Control,0.5623691759185306,log_odds
125,TRUE,FALSE,Grounding vs Control,0.14922426477184358,probability
125,TRUE,FALSE,Grounding vs Thematic,0.03762008585325749,probability
125,TRUE,FALSE,Thematic vs Control,0.1116041789185861,probability
126,TRUE,FALSE,Grounding vs Control,1.815458261595853,log_odds
126,TRUE,FALSE,Grounding vs Thematic,1.2210265959384317,log_odds
126,TRUE,FALSE,Thematic vs Control,0.5944316656574214,log_odds
126,TRUE,FALSE,Grounding vs Control,0.32613397174263004,probability
126,TRUE,FALSE,Grounding vs Thematic,0.1859541196117125,probability
126,TRUE,FALSE,Thematic vs Control,0.14017985213091755,probability
127,TRUE,FALSE,Grounding vs Control,1.8902337572303605,log_odds
127,TRUE,FALSE,Grounding vs Thematic,1.1240690603028702,log_odds
127,TRUE,FALSE,Thematic vs Control,0.7661646969274903,log_odds
127,TRUE,FALSE,Grounding vs Control,0.38977409150765824,probability
127,TRUE,FALSE,Grounding vs Thematic,0.1997986720710534,probability
127,TRUE,FALSE,Thematic vs Control,0.18997541943660484,probability
128,TRUE,FALSE,Grounding vs Control,1.773381106649985,log_odds
128,TRUE,FALSE,Grounding vs Thematic,0.8185299301220232,log_odds
128,TRUE,FALSE,Thematic vs Control,0.9548511765279618,log_odds
128,TRUE,FALSE,Grounding vs Control,0.3182988551729858,probability
128,TRUE,FALSE,Grounding vs Thematic,0.0938172427662397,probability
128,TRUE,FALSE,Thematic vs Control,0.22448161240674608,probability
129,TRUE,FALSE,Grounding vs Control,1.7684698681411146,log_odds
129,TRUE,FALSE,Grounding vs Thematic,1.123581229759537,log_odds
129,TRUE,FALSE,Thematic vs Control,0.6448886383815778,log_odds
129,TRUE,FALSE,Grounding vs Control,0.2938557621352146,probability
129,TRUE,FALSE,Grounding vs Thematic,0.1425237728984161,probability
129,TRUE,FALSE,Thematic vs Control,0.15133198923679847,probability
130,TRUE,FALSE,Grounding vs Control,1.4307015822918645,log_odds
130,TRUE,FALSE,Grounding vs Thematic,0.6300813156618148,log_odds
130,TRUE,FALSE,Thematic vs Control,0.8006202666300498,log_odds
130,TRUE,FALSE,Grounding vs Control,0.2774311439990097,probability
130,TRUE,FALSE,Grounding vs Thematic,0.10520732185673076,probability
130,TRUE,FALSE,Thematic vs Control,0.17222382214227894,probability
131,TRUE,FALSE,Grounding vs Control,1.219821555618986,log_odds
131,TRUE,FALSE,Grounding vs Thematic,0.8941593961651351,log_odds
131,TRUE,FALSE,Thematic vs Control,0.3256621594538508,log_odds
131,TRUE,FALSE,Grounding vs Control,0.15420626023004969,probability
131,TRUE,FALSE,Grounding vs Thematic,0.07648842417408874,probability
131,TRUE,FALSE,Thematic vs Control,0.07771783605596094,probability
132,TRUE,FALSE,Grounding vs Control,1.9147987155942534,log_odds
132,TRUE,FALSE,Grounding vs Thematic,1.6955701530456493,log_odds
132,TRUE,FALSE,Thematic vs Control,0.21922856254860423,log_odds
132,TRUE,FALSE,Grounding vs Control,0.33985800696717594,probability
132,TRUE,FALSE,Grounding vs Thematic,0.2884639032135893,probability
132,TRUE,FALSE,Thematic vs Control,0.05139410375358666,probability
133,TRUE,FALSE,Grounding vs Control,1.7378338966857203,log_odds
133,TRUE,FALSE,Grounding vs Thematic,1.0557880298333169,log_odds
133,TRUE,FALSE,Thematic vs Control,0.6820458668524034,log_odds
133,TRUE,FALSE,Grounding vs Control,0.33070063275625505,probability
133,TRUE,FALSE,Grounding vs Thematic,0.16478043998501374,probability
133,TRUE,FALSE,Thematic vs Control,0.16592019277124131,probability
134,TRUE,FALSE,Grounding vs Control,2.308813482602485,log_odds
134,TRUE,FALSE,Grounding vs Thematic,1.6258949847927247,log_odds
134,TRUE,FALSE,Thematic vs Control,0.6829184978097602,log_odds
134,TRUE,FALSE,Grounding vs Control,0.39959040605884694,probability
134,TRUE,FALSE,Grounding vs Thematic,0.24244670601497714,probability
134,TRUE,FALSE,Thematic vs Control,0.1571437000438698,probability
135,TRUE,FALSE,Grounding vs Control,1.498378324985634,log_odds
135,TRUE,FALSE,Grounding vs Thematic,0.8454039812372605,log_odds
135,TRUE,FALSE,Thematic vs Control,0.6529743437483735,log_odds
135,TRUE,FALSE,Grounding vs Control,0.30935771101067305,probability
135,TRUE,FALSE,Grounding vs Thematic,0.1740174787910156,probability
135,TRUE,FALSE,Thematic vs Control,0.13534023221965746,probability
136,TRUE,FALSE,Grounding vs Control,1.8318274413234117,log_odds
136,TRUE,FALSE,Grounding vs Thematic,1.5451912472039027,log_odds
136,TRUE,FALSE,Thematic vs Control,0.2866361941195089,log_odds
136,TRUE,FALSE,Grounding vs Control,0.2624659013689342,probability
136,TRUE,FALSE,Grounding vs Thematic,0.20929600546767324,probability
136,TRUE,FALSE,Thematic vs Control,0.05316989590126098,probability
137,TRUE,FALSE,Grounding vs Control,1.3480071285473354,log_odds
137,TRUE,FALSE,Grounding vs Thematic,0.6611316154857025,log_odds
137,TRUE,FALSE,Thematic vs Control,0.6868755130616329,log_odds
137,TRUE,FALSE,Grounding vs Control,0.2582850725283101,probability
137,TRUE,FALSE,Grounding vs Thematic,0.09773284188487574,probability
137,TRUE,FALSE,Thematic vs Control,0.16055223064343438,probability
138,TRUE,FALSE,Grounding vs Control,2.1647053292381067,log_odds
138,TRUE,FALSE,Grounding vs Thematic,1.5667089781284251,log_odds
138,TRUE,FALSE,Thematic vs Control,0.5979963511096814,log_odds
138,TRUE,FALSE,Grounding vs Control,0.4042508498864331,probability
138,TRUE,FALSE,Grounding vs Thematic,0.2586383827930681,probability
138,TRUE,FALSE,Thematic vs Control,0.145612467093365,probability
139,TRUE,FALSE,Grounding vs Control,1.7768280654927775,log_odds
139,TRUE,FALSE,Grounding vs Thematic,1.3878950949248772,log_odds
139,TRUE,FALSE,Thematic vs Control,0.3889329705679002,log_odds
139,TRUE,FALSE,Grounding vs Control,0.3321027203424032,probability
139,TRUE,FALSE,Grounding vs Thematic,0.23911522900963933,probability
139,TRUE,FALSE,Thematic vs Control,0.09298749133276385,probability
140,TRUE,FALSE,Grounding vs Control,1.4028718683110992,log_odds
140,TRUE,FALSE,Grounding vs Thematic,1.0085916870431224,log_odds
140,TRUE,FALSE,Thematic vs Control,0.3942801812679767,log_odds
140,TRUE,FALSE,Grounding vs Control,0.2026575450465331,probability
140,TRUE,FALSE,Grounding vs Thematic,0.15937786411664423,probability
140,TRUE,FALSE,Thematic vs Control,0.043279680929888875,probability
141,TRUE,FALSE,Grounding vs Control,1.5344110745800943,log_odds
141,TRUE,FALSE,Grounding vs Thematic,0.926679016489928,log_odds
141,TRUE,FALSE,Thematic vs Control,0.6077320580901662,log_odds
141,TRUE,FALSE,Grounding vs Control,0.27262887052968465,probability
141,TRUE,FALSE,Grounding vs Thematic,0.13281284997044907,probability
141,TRUE,FALSE,Thematic vs Control,0.1398160205592356,probability
142,TRUE,FALSE,Grounding vs Control,1.731494784409663,log_odds
142,TRUE,FALSE,Grounding vs Thematic,1.3746761209746692,log_odds
142,TRUE,FALSE,Thematic vs Control,0.3568186634349938,log_odds
142,TRUE,FALSE,Grounding vs Control,0.34688832387339885,probability
142,TRUE,FALSE,Grounding vs Thematic,0.2591891485228841,probability
142,TRUE,FALSE,Thematic vs Control,0.08769917535051475,probability
143,TRUE,FALSE,Grounding vs Control,1.916530762370413,log_odds
143,TRUE,FALSE,Grounding vs Thematic,1.4784962665777617,log_odds
143,TRUE,FALSE,Thematic vs Control,0.4380344957926514,log_odds
143,TRUE,FALSE,Grounding vs Control,0.39495293599858683,probability
143,TRUE,FALSE,Grounding vs Thematic,0.29100707149294386,probability
143,TRUE,FALSE,Thematic vs Control,0.10394586450564297,probability
144,TRUE,FALSE,Grounding vs Control,1.0598292204363648,log_odds
144,TRUE,FALSE,Grounding vs Thematic,1.3531432228528946,log_odds
144,TRUE,FALSE,Thematic vs Control,-0.2933140024165297,log_odds
144,TRUE,FALSE,Grounding vs Control,0.20804965979243129,probability
144,TRUE,FALSE,Grounding vs Thematic,0.2829052509807524,probability
144,TRUE,FALSE,Thematic vs Control,-0.07485559118832114,probability
145,TRUE,FALSE,Grounding vs Control,1.2858854519208631,log_odds
145,TRUE,FALSE,Grounding vs Thematic,0.9592302037198248,log_odds
145,TRUE,FALSE,Thematic vs Control,0.3266552482010383,log_odds
145,TRUE,FALSE,Grounding vs Control,0.29886825780049786,probability
145,TRUE,FALSE,Grounding vs Thematic,0.2015113550157528,probability
145,TRUE,FALSE,Thematic vs Control,0.09735690278474507,probability
146,TRUE,FALSE,Grounding vs Control,1.4603099003653732,log_odds
146,TRUE,FALSE,Grounding vs Thematic,0.9687511415480898,log_odds
146,TRUE,FALSE,Thematic vs Control,0.4915587588172834,log_odds
146,TRUE,FALSE,Grounding vs Control,0.3000845863391927,probability
146,TRUE,FALSE,Grounding vs Thematic,0.1804111815590575,probability
146,TRUE,FALSE,Thematic vs Control,0.11967340478013522,probability
147,TRUE,FALSE,Grounding vs Control,0.9830745875687849,log_odds
147,TRUE,FALSE,Grounding vs Thematic,0.3939075915774759,log_odds
147,TRUE,FALSE,Thematic vs Control,0.589166995991309,log_odds
147,TRUE,FALSE,Grounding vs Control,0.1737273003158874,probability
147,TRUE,FALSE,Grounding vs Thematic,0.04203792691886382,probability
147,TRUE,FALSE,Thematic vs Control,0.13168937339702358,probability
148,TRUE,FALSE,Grounding vs Control,1.6990859490145231,log_odds
148,TRUE,FALSE,Grounding vs Thematic,0.8405753779647247,log_odds
148,TRUE,FALSE,Thematic vs Control,0.8585105710497984,log_odds
148,TRUE,FALSE,Grounding vs Control,0.3434430583015286,probability
148,TRUE,FALSE,Grounding vs Thematic,0.14342268182130125,probability
148,TRUE,FALSE,Thematic vs Control,0.20002037648022736,probability
149,TRUE,FALSE,Grounding vs Control,0.9903204779073824,log_odds
149,TRUE,FALSE,Grounding vs Thematic,0.6502434145910359,log_odds
149,TRUE,FALSE,Thematic vs Control,0.3400770633163466,log_odds
149,TRUE,FALSE,Grounding vs Control,0.23095220603280045,probability
149,TRUE,FALSE,Grounding vs Thematic,0.13587133049228328,probability
149,TRUE,FALSE,Thematic vs Control,0.09508087554051717,probability
150,TRUE,FALSE,Grounding vs Control,1.7485116706691983,log_odds
150,TRUE,FALSE,Grounding vs Thematic,0.8204534947000555,log_odds
150,TRUE,FALSE,Thematic vs Control,0.9280581759691429,log_odds
150,TRUE,FALSE,Grounding vs Control,0.35592100582010106,probability
150,TRUE,FALSE,Grounding vs Thematic,0.13516140533158372,probability
150,TRUE,FALSE,Thematic vs Control,0.22075960048851734,probability
151,TRUE,FALSE,Grounding vs Control,1.687627396428558,log_odds
151,TRUE,FALSE,Grounding vs Thematic,1.2046503478542998,log_odds
151,TRUE,FALSE,Thematic vs Control,0.48297704857425816,log_odds
151,TRUE,FALSE,Grounding vs Control,0.2646062819458887,probability
151,TRUE,FALSE,Grounding vs Thematic,0.15987308843755327,probability
151,TRUE,FALSE,Thematic vs Control,0.10473319350833543,probability
152,TRUE,FALSE,Grounding vs Control,2.227597034412855,log_odds
152,TRUE,FALSE,Grounding vs Thematic,1.2718111610145113,log_odds
152,TRUE,FALSE,Thematic vs Control,0.9557858733983439,log_odds
152,TRUE,FALSE,Grounding vs Control,0.4553462469875742,probability
152,TRUE,FALSE,Grounding vs Thematic,0.2598927250382673,probability
152,TRUE,FALSE,Thematic vs Control,0.19545352194930687,probability
153,TRUE,FALSE,Grounding vs Control,1.7895697079670017,log_odds
153,TRUE,FALSE,Grounding vs Thematic,0.8359218280174541,log_odds
153,TRUE,FALSE,Thematic vs Control,0.9536478799495477,log_odds
153,TRUE,FALSE,Grounding vs Control,0.33930701191747675,probability
153,TRUE,FALSE,Grounding vs Thematic,0.11077811313766978,probability
153,TRUE,FALSE,Thematic vs Control,0.22852889877980698,probability
154,TRUE,FALSE,Grounding vs Control,1.3162369257503024,log_odds
154,TRUE,FALSE,Grounding vs Thematic,0.6097739382462222,log_odds
154,TRUE,FALSE,Thematic vs Control,0.7064629875040802,log_odds
154,TRUE,FALSE,Grounding vs Control,0.25353856038774897,probability
154,TRUE,FALSE,Grounding vs Thematic,0.08547985559629734,probability
154,TRUE,FALSE,Thematic vs Control,0.16805870479145163,probability
155,TRUE,FALSE,Grounding vs Control,1.423473382970972,log_odds
155,TRUE,FALSE,Grounding vs Thematic,0.9071557021443384,log_odds
155,TRUE,FALSE,Thematic vs Control,0.5163176808266337,log_odds
155,TRUE,FALSE,Grounding vs Control,0.2706002584298523,probability
155,TRUE,FALSE,Grounding vs Thematic,0.14706799170782503,probability
155,TRUE,FALSE,Thematic vs Control,0.12353226672202727,probability
156,TRUE,FALSE,Grounding vs Control,1.6007108349611616,log_odds
156,TRUE,FALSE,Grounding vs Thematic,1.0067229204314059,log_odds
156,TRUE,FALSE,Thematic vs Control,0.5939879145297557,log_odds
156,TRUE,FALSE,Grounding vs Control,0.3225202645596661,probability
156,TRUE,FALSE,Grounding vs Thematic,0.17465324489200057,probability
156,TRUE,FALSE,Thematic vs Control,0.14786701966766552,probability
157,TRUE,FALSE,Grounding vs Control,1.2413483550964424,log_odds
157,TRUE,FALSE,Grounding vs Thematic,0.919159904565783,log_odds
157,TRUE,FALSE,Thematic vs Control,0.32218845053065925,log_odds
157,TRUE,FALSE,Grounding vs Control,0.24012631320878852,probability
157,TRUE,FALSE,Grounding vs Thematic,0.16709405174601444,probability
157,TRUE,FALSE,Thematic vs Control,0.07303226146277408,probability
158,TRUE,FALSE,Grounding vs Control,1.385987376972314,log_odds
158,TRUE,FALSE,Grounding vs Thematic,1.0658170954999908,log_odds
158,TRUE,FALSE,Thematic vs Control,0.3201702814723232,log_odds
158,TRUE,FALSE,Grounding vs Control,0.2541831308193125,probability
158,TRUE,FALSE,Grounding vs Thematic,0.1921201163670515,probability
158,TRUE,FALSE,Thematic vs Control,0.06206301445226098,probability
159,TRUE,FALSE,Grounding vs Control,1.8275324071509538,log_odds
159,TRUE,FALSE,Grounding vs Thematic,1.45977483868415,log_odds
159,TRUE,FALSE,Thematic vs Control,0.36775756846680374,log_odds
159,TRUE,FALSE,Grounding vs Control,0.35986801052414924,probability
159,TRUE,FALSE,Grounding vs Thematic,0.2667443725270906,probability
159,TRUE,FALSE,Thematic vs Control,0.09312363799705864,probability
160,TRUE,FALSE,Grounding vs Control,1.3207769811642893,log_odds
160,TRUE,FALSE,Grounding vs Thematic,1.3379357243421168,log_odds
160,TRUE,FALSE,Thematic vs Control,-0.017158743177827618,log_odds
160,TRUE,FALSE,Grounding vs Control,0.23799935835498576,probability
160,TRUE,FALSE,Grounding vs Thematic,0.2432884830437042,probability
160,TRUE,FALSE,Thematic vs Control,-0.0052891246887184495,probability
161,TRUE,FALSE,Grounding vs Control,1.6109665458818605,log_odds
161,TRUE,FALSE,Grounding vs Thematic,0.5964963845449966,log_odds
161,TRUE,FALSE,Thematic vs Control,1.0144701613368636,log_odds
161,TRUE,FALSE,Grounding vs Control,0.29926709672304364,probability
161,TRUE,FALSE,Grounding vs Thematic,0.08294673457913393,probability
161,TRUE,FALSE,Thematic vs Control,0.2163203621439097,probability
162,TRUE,FALSE,Grounding vs Control,1.743562623024062,log_odds
162,TRUE,FALSE,Grounding vs Thematic,0.6964735800977908,log_odds
162,TRUE,FALSE,Thematic vs Control,1.0470890429262711,log_odds
162,TRUE,FALSE,Grounding vs Control,0.35854346238650114,probability
162,TRUE,FALSE,Grounding vs Thematic,0.11129267801180548,probability
162,TRUE,FALSE,Thematic vs Control,0.24725078437469566,probability
163,TRUE,FALSE,Grounding vs Control,1.5085053831894586,log_odds
163,TRUE,FALSE,Grounding vs Thematic,1.1728150603591656,log_odds
163,TRUE,FALSE,Thematic vs Control,0.335690322830293,log_odds
163,TRUE,FALSE,Grounding vs Control,0.29150447891197473,probability
163,TRUE,FALSE,Grounding vs Thematic,0.21939449562003216,probability
163,TRUE,FALSE,Thematic vs Control,0.07210998329194257,probability
164,TRUE,FALSE,Grounding vs Control,1.4240576939280458,log_odds
164,TRUE,FALSE,Grounding vs Thematic,0.2908863411499516,log_odds
164,TRUE,FALSE,Thematic vs Control,1.1331713527780942,log_odds
164,TRUE,FALSE,Grounding vs Control,0.3070806902019767,probability
164,TRUE,FALSE,Grounding vs Thematic,0.038999753730017406,probability
164,TRUE,FALSE,Thematic vs Control,0.2680809364719593,probability
165,TRUE,FALSE,Grounding vs Control,1.2210239536956755,log_odds
165,TRUE,FALSE,Grounding vs Thematic,0.40794004683945495,log_odds
165,TRUE,FALSE,Thematic vs Control,0.8130839068562206,log_odds
165,TRUE,FALSE,Grounding vs Control,0.21407210020417633,probability
165,TRUE,FALSE,Grounding vs Thematic,0.06252456418239838,probability
165,TRUE,FALSE,Thematic vs Control,0.15154753602177795,probability
166,TRUE,FALSE,Grounding vs Control,1.0877724024971345,log_odds
166,TRUE,FALSE,Grounding vs Thematic,0.48057984689485433,log_odds
166,TRUE,FALSE,Thematic vs Control,0.60719255560228,log_odds
166,TRUE,FALSE,Grounding vs Control,0.04919077180000114,probability
166,TRUE,FALSE,Grounding vs Thematic,-0.046832212782958016,probability
166,TRUE,FALSE,Thematic vs Control,0.09602298458295916,probability
167,TRUE,FALSE,Grounding vs Control,1.7023109208483183,log_odds
167,TRUE,FALSE,Grounding vs Thematic,0.9359878740256495,log_odds
167,TRUE,FALSE,Thematic vs Control,0.7663230468226686,log_odds
167,TRUE,FALSE,Grounding vs Control,0.2824579927684798,probability
167,TRUE,FALSE,Grounding vs Thematic,0.12246751489469115,probability
167,TRUE,FALSE,Thematic vs Control,0.15999047787378867,probability
168,TRUE,FALSE,Grounding vs Control,2.208951633291553,log_odds
168,TRUE,FALSE,Grounding vs Thematic,1.577915860636904,log_odds
168,TRUE,FALSE,Thematic vs Control,0.6310357726546489,log_odds
168,TRUE,FALSE,Grounding vs Control,0.4093422952724388,probability
168,TRUE,FALSE,Grounding vs Thematic,0.25739314856820816,probability
168,TRUE,FALSE,Thematic vs Control,0.15194914670423065,probability
169,TRUE,FALSE,Grounding vs Control,1.6470598170685578,log_odds
169,TRUE,FALSE,Grounding vs Thematic,0.9470186443912585,log_odds
169,TRUE,FALSE,Thematic vs Control,0.7000411726772994,log_odds
169,TRUE,FALSE,Grounding vs Control,0.30264924792125203,probability
169,TRUE,FALSE,Grounding vs Thematic,0.13740246548898222,probability
169,TRUE,FALSE,Thematic vs Control,0.1652467824322698,probability
170,TRUE,FALSE,Grounding vs Control,2.053604773305804,log_odds
170,TRUE,FALSE,Grounding vs Thematic,1.7976447816962096,log_odds
170,TRUE,FALSE,Thematic vs Control,0.25595999160959426,log_odds
170,TRUE,FALSE,Grounding vs Control,0.30025193781889287,probability
170,TRUE,FALSE,Grounding vs Thematic,0.25241864310422707,probability
170,TRUE,FALSE,Thematic vs Control,0.0478332947146658,probability
171,TRUE,FALSE,Grounding vs Control,1.7442818024782345,log_odds
171,TRUE,FALSE,Grounding vs Thematic,1.1510331315224083,log_odds
171,TRUE,FALSE,Thematic vs Control,0.5932486709558263,log_odds
171,TRUE,FALSE,Grounding vs Control,0.3119550807319217,probability
171,TRUE,FALSE,Grounding vs Thematic,0.17234128796630205,probability
171,TRUE,FALSE,Thematic vs Control,0.13961379276561964,probability
172,TRUE,FALSE,Grounding vs Control,1.9294852008561398,log_odds
172,TRUE,FALSE,Grounding vs Thematic,1.3161109101591968,log_odds
172,TRUE,FALSE,Thematic vs Control,0.613374290696943,log_odds
172,TRUE,FALSE,Grounding vs Control,0.36041789666315227,probability
172,TRUE,FALSE,Grounding vs Thematic,0.20972797095666434,probability
172,TRUE,FALSE,Thematic vs Control,0.15068992570648793,probability
173,TRUE,FALSE,Grounding vs Control,1.279154218280131,log_odds
173,TRUE,FALSE,Grounding vs Thematic,0.852350826463919,log_odds
173,TRUE,FALSE,Thematic vs Control,0.42680339181621196,log_odds
173,TRUE,FALSE,Grounding vs Control,0.19562416542360267,probability
173,TRUE,FALSE,Grounding vs Thematic,0.08916190820060355,probability
173,TRUE,FALSE,Thematic vs Control,0.10646225722299912,probability
174,TRUE,FALSE,Grounding vs Control,0.8056577271415535,log_odds
174,TRUE,FALSE,Grounding vs Thematic,0.6941414029631652,log_odds
174,TRUE,FALSE,Thematic vs Control,0.1115163241783883,log_odds
174,TRUE,FALSE,Grounding vs Control,0.1422674965693636,probability
174,TRUE,FALSE,Grounding vs Thematic,0.12359669423838965,probability
174,TRUE,FALSE,Thematic vs Control,0.018670802330973957,probability
175,TRUE,FALSE,Grounding vs Control,1.8897789066757396,log_odds
175,TRUE,FALSE,Grounding vs Thematic,1.2641820192189024,log_odds
175,TRUE,FALSE,Thematic vs Control,0.6255968874568372,log_odds
175,TRUE,FALSE,Grounding vs Control,0.35541755031057143,probability
175,TRUE,FALSE,Grounding vs Thematic,0.20709018936516133,probability
175,TRUE,FALSE,Thematic vs Control,0.1483273609454101,probability
176,TRUE,FALSE,Grounding vs Control,1.9756558172236038,log_odds
176,TRUE,FALSE,Grounding vs Thematic,1.252893161557437,log_odds
176,TRUE,FALSE,Thematic vs Control,0.7227626556661668,log_odds
176,TRUE,FALSE,Grounding vs Control,0.38783557172990907,probability
176,TRUE,FALSE,Grounding vs Thematic,0.2124935409844934,probability
176,TRUE,FALSE,Thematic vs Control,0.17534203074541566,probability
177,TRUE,FALSE,Grounding vs Control,2.1669424993709536,log_odds
177,TRUE,FALSE,Grounding vs Thematic,1.066210159422445,log_odds
177,TRUE,FALSE,Thematic vs Control,1.1007323399485087,log_odds
177,TRUE,FALSE,Grounding vs Control,0.38073271573911777,probability
177,TRUE,FALSE,Grounding vs Thematic,0.1369770710039746,probability
177,TRUE,FALSE,Thematic vs Control,0.24375564473514316,probability
178,TRUE,FALSE,Grounding vs Control,1.8115054645256543,log_odds
178,TRUE,FALSE,Grounding vs Thematic,0.9256366283612931,log_odds
178,TRUE,FALSE,Thematic vs Control,0.8858688361643613,log_odds
178,TRUE,FALSE,Grounding vs Control,0.2916824752375265,probability
178,TRUE,FALSE,Grounding vs Thematic,0.09486500817569016,probability
178,TRUE,FALSE,Thematic vs Control,0.19681746706183634,probability
179,TRUE,FALSE,Grounding vs Control,1.9512281277838228,log_odds
179,TRUE,FALSE,Grounding vs Thematic,1.2416209917465262,log_odds
179,TRUE,FALSE,Thematic vs Control,0.7096071360372966,log_odds
179,TRUE,FALSE,Grounding vs Control,0.4216780555189333,probability
179,TRUE,FALSE,Grounding vs Thematic,0.24484072900052978,probability
179,TRUE,FALSE,Thematic vs Control,0.1768373265184035,probability
180,TRUE,FALSE,Grounding vs Control,1.225135465086359,log_odds
180,TRUE,FALSE,Grounding vs Thematic,0.5122362380116172,log_odds
180,TRUE,FALSE,Thematic vs Control,0.712899227074742,log_odds
180,TRUE,FALSE,Grounding vs Control,0.24755324835464187,probability
180,TRUE,FALSE,Grounding vs Thematic,0.10525632013379005,probability
180,TRUE,FALSE,Thematic vs Control,0.14229692822085183,probability
181,TRUE,FALSE,Grounding vs Control,1.536093370489032,log_odds
181,TRUE,FALSE,Grounding vs Thematic,0.7618256433723598,log_odds
181,TRUE,FALSE,Thematic vs Control,0.7742677271166722,log_odds
181,TRUE,FALSE,Grounding vs Control,0.30320006199589733,probability
181,TRUE,FALSE,Grounding vs Thematic,0.1268175859483438,probability
181,TRUE,FALSE,Thematic vs Control,0.17638247604755353,probability
182,TRUE,FALSE,Grounding vs Control,1.8078318584424133,log_odds
182,TRUE,FALSE,Grounding vs Thematic,1.2011490875820798,log_odds
182,TRUE,FALSE,Thematic vs Control,0.6066827708603334,log_odds
182,TRUE,FALSE,Grounding vs Control,0.3633708550474059,probability
182,TRUE,FALSE,Grounding vs Thematic,0.2219365250438321,probability
182,TRUE,FALSE,Thematic vs Control,0.1414343300035738,probability
183,TRUE,FALSE,Grounding vs Control,1.6503613290054346,log_odds
183,TRUE,FALSE,Grounding vs Thematic,0.9728881495800648,log_odds
183,TRUE,FALSE,Thematic vs Control,0.6774731794253699,log_odds
183,TRUE,FALSE,Grounding vs Control,0.3095626969964613,probability
183,TRUE,FALSE,Grounding vs Thematic,0.14833635417180602,probability
183,TRUE,FALSE,Thematic vs Control,0.16122634282465526,probability
184,TRUE,FALSE,Grounding vs Control,1.7433567104385146,log_odds
184,TRUE,FALSE,Grounding vs Thematic,0.3934511325309251,log_odds
184,TRUE,FALSE,Thematic vs Control,1.3499055779075895,log_odds
184,TRUE,FALSE,Grounding vs Control,0.30141763356818085,probability
184,TRUE,FALSE,Grounding vs Thematic,-0.005344979444328102,probability
184,TRUE,FALSE,Thematic vs Control,0.30676261301250896,probability
185,TRUE,FALSE,Grounding vs Control,1.5960328174759968,log_odds
185,TRUE,FALSE,Grounding vs Thematic,0.8189805345406638,log_odds
185,TRUE,FALSE,Thematic vs Control,0.777052282935333,log_odds
185,TRUE,FALSE,Grounding vs Control,0.2978357669086225,probability
185,TRUE,FALSE,Grounding vs Thematic,0.13805167402398238,probability
185,TRUE,FALSE,Thematic vs Control,0.15978409288464013,probability
186,TRUE,FALSE,Grounding vs Control,2.09137112686026,log_odds
186,TRUE,FALSE,Grounding vs Thematic,1.3106035480443257,log_odds
186,TRUE,FALSE,Thematic vs Control,0.7807675788159343,log_odds
186,TRUE,FALSE,Grounding vs Control,0.405970523688225,probability
186,TRUE,FALSE,Grounding vs Thematic,0.2170079878348551,probability
186,TRUE,FALSE,Thematic vs Control,0.18896253585336992,probability
187,TRUE,FALSE,Grounding vs Control,1.2450888403984566,log_odds
187,TRUE,FALSE,Grounding vs Thematic,0.5696469680335365,log_odds
187,TRUE,FALSE,Thematic vs Control,0.6754418723649199,log_odds
187,TRUE,FALSE,Grounding vs Control,0.2545667903175479,probability
187,TRUE,FALSE,Grounding vs Thematic,0.09861298760775733,probability
187,TRUE,FALSE,Thematic vs Control,0.1559538027097906,probability
188,TRUE,FALSE,Grounding vs Control,1.7324152408023048,log_odds
188,TRUE,FALSE,Grounding vs Thematic,1.2600359710328468,log_odds
188,TRUE,FALSE,Thematic vs Control,0.47237926976945793,log_odds
188,TRUE,FALSE,Grounding vs Control,0.33008894764158486,probability
188,TRUE,FALSE,Grounding vs Thematic,0.2218813397639447,probability
188,TRUE,FALSE,Thematic vs Control,0.10820760787764017,probability
189,TRUE,FALSE,Grounding vs Control,1.2614805370441249,log_odds
189,TRUE,FALSE,Grounding vs Thematic,0.6270017536791193,log_odds
189,TRUE,FALSE,Thematic vs Control,0.6344787833650056,log_odds
189,TRUE,FALSE,Grounding vs Control,0.2762651098766227,probability
189,TRUE,FALSE,Grounding vs Thematic,0.12775010261883885,probability
189,TRUE,FALSE,Thematic vs Control,0.14851500725778388,probability
190,TRUE,FALSE,Grounding vs Control,1.2099008287442041,log_odds
190,TRUE,FALSE,Grounding vs Thematic,0.5062813087091227,log_odds
190,TRUE,FALSE,Thematic vs Control,0.7036195200350813,log_odds
190,TRUE,FALSE,Grounding vs Control,0.21687980271720664,probability
190,TRUE,FALSE,Grounding vs Thematic,0.09127449922334446,probability
190,TRUE,FALSE,Thematic vs Control,0.12560530349386217,probability
191,TRUE,FALSE,Grounding vs Control,1.5758948477469916,log_odds
191,TRUE,FALSE,Grounding vs Thematic,1.3210651440900065,log_odds
191,TRUE,FALSE,Thematic vs Control,0.254829703656985,log_odds
191,TRUE,FALSE,Grounding vs Control,0.17396863591276063,probability
191,TRUE,FALSE,Grounding vs Thematic,0.10881722970941443,probability
191,TRUE,FALSE,Thematic vs Control,0.0651514062033462,probability
192,TRUE,FALSE,Grounding vs Control,2.0779844121463316,log_odds
192,TRUE,FALSE,Grounding vs Thematic,1.3364285229881527,log_odds
192,TRUE,FALSE,Thematic vs Control,0.741555889158179,log_odds
192,TRUE,FALSE,Grounding vs Control,0.39111344602047843,probability
192,TRUE,FALSE,Grounding vs Thematic,0.21135049872481798,probability
192,TRUE,FALSE,Thematic vs Control,0.17976294729566045,probability
193,TRUE,FALSE,Grounding vs Control,2.281180159961601,log_odds
193,TRUE,FALSE,Grounding vs Thematic,2.3618052196913495,log_odds
193,TRUE,FALSE,Thematic vs Control,-0.08062505972974865,log_odds
193,TRUE,FALSE,Grounding vs Control,0.3784424660625777,probability
193,TRUE,FALSE,Grounding vs Thematic,0.39574386434731856,probability
193,TRUE,FALSE,Thematic vs Control,-0.017301398284740865,probability
194,TRUE,FALSE,Grounding vs Control,1.4717528718183042,log_odds
194,TRUE,FALSE,Grounding vs Thematic,0.8808213746603366,log_odds
194,TRUE,FALSE,Thematic vs Control,0.5909314971579676,log_odds
194,TRUE,FALSE,Grounding vs Control,0.31065293445476594,probability
194,TRUE,FALSE,Grounding vs Thematic,0.1682782871993076,probability
194,TRUE,FALSE,Thematic vs Control,0.14237464725545834,probability
195,TRUE,FALSE,Grounding vs Control,1.8001098786640226,log_odds
195,TRUE,FALSE,Grounding vs Thematic,1.2022445000460886,log_odds
195,TRUE,FALSE,Thematic vs Control,0.597865378617934,log_odds
195,TRUE,FALSE,Grounding vs Control,0.30695951948502614,probability
195,TRUE,FALSE,Grounding vs Thematic,0.19025692067686079,probability
195,TRUE,FALSE,Thematic vs Control,0.11670259880816536,probability
196,TRUE,FALSE,Grounding vs Control,1.3131588965852912,log_odds
196,TRUE,FALSE,Grounding vs Thematic,0.7462162682223541,log_odds
196,TRUE,FALSE,Thematic vs Control,0.5669426283629371,log_odds
196,TRUE,FALSE,Grounding vs Control,0.25036283290313033,probability
196,TRUE,FALSE,Grounding vs Thematic,0.1363610184991601,probability
196,TRUE,FALSE,Thematic vs Control,0.11400181440397023,probability
197,TRUE,FALSE,Grounding vs Control,1.3621037636087718,log_odds
197,TRUE,FALSE,Grounding vs Thematic,1.0725127054140857,log_odds
197,TRUE,FALSE,Thematic vs Control,0.2895910581946861,log_odds
197,TRUE,FALSE,Grounding vs Control,0.2556523922024059,probability
197,TRUE,FALSE,Grounding vs Thematic,0.18745186836089278,probability
197,TRUE,FALSE,Thematic vs Control,0.0682005238415131,probability
198,TRUE,FALSE,Grounding vs Control,2.047282197482582,log_odds
198,TRUE,FALSE,Grounding vs Thematic,1.4759426214957536,log_odds
198,TRUE,FALSE,Thematic vs Control,0.5713395759868284,log_odds
198,TRUE,FALSE,Grounding vs Control,0.4073990359095237,probability
198,TRUE,FALSE,Grounding vs Thematic,0.26603516355107243,probability
198,TRUE,FALSE,Thematic vs Control,0.14136387235845127,probability
199,TRUE,FALSE,Grounding vs Control,1.3737122513751383,log_odds
199,TRUE,FALSE,Grounding vs Thematic,0.7894125918320223,log_odds
199,TRUE,FALSE,Thematic vs Control,0.5842996595431161,log_odds
199,TRUE,FALSE,Grounding vs Control,0.24785567453458152,probability
199,TRUE,FALSE,Grounding vs Thematic,0.11023078207742915,probability
199,TRUE,FALSE,Thematic vs Control,0.13762489245715237,probability
200,TRUE,FALSE,Grounding vs Control,1.0029844851760048,log_odds
200,TRUE,FALSE,Grounding vs Thematic,0.30612553492596617,log_odds
200,TRUE,FALSE,Thematic vs Control,0.6968589502500387,log_odds
200,TRUE,FALSE,Grounding vs Control,0.17320758339892528,probability
200,TRUE,FALSE,Grounding vs Thematic,0.03125416720765295,probability
200,TRUE,FALSE,Thematic vs Control,0.14195341619127233,probability
201,TRUE,FALSE,Grounding vs Control,1.8032081299674292,log_odds
201,TRUE,FALSE,Grounding vs Thematic,1.6391189939151358,log_odds
201,TRUE,FALSE,Thematic vs Control,0.16408913605229347,log_odds
201,TRUE,FALSE,Grounding vs Control,0.3285912991285177,probability
201,TRUE,FALSE,Grounding vs Thematic,0.2862507178809994,probability
201,TRUE,FALSE,Thematic vs Control,0.04234058124751833,probability
202,TRUE,FALSE,Grounding vs Control,2.0234922074737396,log_odds
202,TRUE,FALSE,Grounding vs Thematic,1.3730763026397437,log_odds
202,TRUE,FALSE,Thematic vs Control,0.6504159048339956,log_odds
202,TRUE,FALSE,Grounding vs Control,0.4098182968067752,probability
202,TRUE,FALSE,Grounding vs Thematic,0.2565614961823728,probability
202,TRUE,FALSE,Thematic vs Control,0.1532568006244024,probability
203,TRUE,FALSE,Grounding vs Control,1.414396799665628,log_odds
203,TRUE,FALSE,Grounding vs Thematic,1.3152632775655542,log_odds
203,TRUE,FALSE,Thematic vs Control,0.09913352210007365,log_odds
203,TRUE,FALSE,Grounding vs Control,0.22508958467654544,probability
203,TRUE,FALSE,Grounding vs Thematic,0.20678767356474703,probability
203,TRUE,FALSE,Thematic vs Control,0.018301911111798408,probability
204,TRUE,FALSE,Grounding vs Control,3.1422008947223357,log_odds
204,TRUE,FALSE,Grounding vs Thematic,2.272020320188168,log_odds
204,TRUE,FALSE,Thematic vs Control,0.8701805745341679,log_odds
204,TRUE,FALSE,Grounding vs Control,0.5028852075702626,probability
204,TRUE,FALSE,Grounding vs Thematic,0.2987448448999177,probability
204,TRUE,FALSE,Thematic vs Control,0.2041403626703449,probability
205,TRUE,FALSE,Grounding vs Control,1.7144309332177954,log_odds
205,TRUE,FALSE,Grounding vs Thematic,1.1223128725823557,log_odds
205,TRUE,FALSE,Thematic vs Control,0.5921180606354395,log_odds
205,TRUE,FALSE,Grounding vs Control,0.35405043040814504,probability
205,TRUE,FALSE,Grounding vs Thematic,0.21290251072158672,probability
205,TRUE,FALSE,Thematic vs Control,0.14114791968655832,probability
206,TRUE,FALSE,Grounding vs Control,1.0675954377587695,log_odds
206,TRUE,FALSE,Grounding vs Thematic,0.023836952828109048,log_odds
206,TRUE,FALSE,Thematic vs Control,1.0437584849306605,log_odds
206,TRUE,FALSE,Grounding vs Control,0.17350911130973834,probability
206,TRUE,FALSE,Grounding vs Thematic,-0.056054104361521195,probability
206,TRUE,FALSE,Thematic vs Control,0.22956321567125954,probability
207,TRUE,FALSE,Grounding vs Control,2.0609218137133603,log_odds
207,TRUE,FALSE,Grounding vs Thematic,0.8837757535783701,log_odds
207,TRUE,FALSE,Thematic vs Control,1.1771460601349903,log_odds
207,TRUE,FALSE,Grounding vs Control,0.38374413941126234,probability
207,TRUE,FALSE,Grounding vs Thematic,0.1194184858960382,probability
207,TRUE,FALSE,Thematic vs Control,0.26432565351522413,probability
208,TRUE,FALSE,Grounding vs Control,1.1524556368608128,log_odds
208,TRUE,FALSE,Grounding vs Thematic,0.2876074392990624,log_odds
208,TRUE,FALSE,Thematic vs Control,0.8648481975617502,log_odds
208,TRUE,FALSE,Grounding vs Control,0.19726533075717378,probability
208,TRUE,FALSE,Grounding vs Thematic,0.004948494769319134,probability
208,TRUE,FALSE,Thematic vs Control,0.19231683598785465,probability
209,TRUE,FALSE,Grounding vs Control,1.2062464955641707,log_odds
209,TRUE,FALSE,Grounding vs Thematic,0.17228392009189553,log_odds
209,TRUE,FALSE,Thematic vs Control,1.0339625754722752,log_odds
209,TRUE,FALSE,Grounding vs Control,0.21625869627106709,probability
209,TRUE,FALSE,Grounding vs Thematic,-0.009322702342481892,probability
209,TRUE,FALSE,Thematic vs Control,0.22558139861354898,probability
210,TRUE,FALSE,Grounding vs Control,2.162998385161056,log_odds
210,TRUE,FALSE,Grounding vs Thematic,1.5340887691847205,log_odds
210,TRUE,FALSE,Thematic vs Control,0.6289096159763354,log_odds
210,TRUE,FALSE,Grounding vs Control,0.4336363749113249,probability
210,TRUE,FALSE,Grounding vs Thematic,0.27834247605312906,probability
210,TRUE,FALSE,Thematic vs Control,0.15529389885819583,probability
211,TRUE,FALSE,Grounding vs Control,1.4339745534534445,log_odds
211,TRUE,FALSE,Grounding vs Thematic,1.0224574295456572,log_odds
211,TRUE,FALSE,Thematic vs Control,0.4115171239077873,log_odds
211,TRUE,FALSE,Grounding vs Control,0.158385670334452,probability
211,TRUE,FALSE,Grounding vs Thematic,0.0579178662222099,probability
211,TRUE,FALSE,Thematic vs Control,0.1004678041122421,probability
212,TRUE,FALSE,Grounding vs Control,1.4700179185648319,log_odds
212,TRUE,FALSE,Grounding vs Thematic,0.9896396887174772,log_odds
212,TRUE,FALSE,Thematic vs Control,0.48037822984735473,log_odds
212,TRUE,FALSE,Grounding vs Control,0.26870239572393273,probability
212,TRUE,FALSE,Grounding vs Thematic,0.15361379389691232,probability
212,TRUE,FALSE,Thematic vs Control,0.11508860182702041,probability
213,TRUE,FALSE,Grounding vs Control,1.3495842608788928,log_odds
213,TRUE,FALSE,Grounding vs Thematic,1.0721295388305467,log_odds
213,TRUE,FALSE,Thematic vs Control,0.2774547220483461,log_odds
213,TRUE,FALSE,Grounding vs Control,0.25617385682894545,probability
213,TRUE,FALSE,Grounding vs Thematic,0.20391479324353462,probability
213,TRUE,FALSE,Thematic vs Control,0.052259063585410825,probability
214,TRUE,FALSE,Grounding vs Control,1.9337650706407274,log_odds
214,TRUE,FALSE,Grounding vs Thematic,1.262564762885495,log_odds
214,TRUE,FALSE,Thematic vs Control,0.6712003077552324,log_odds
214,TRUE,FALSE,Grounding vs Control,0.38579345663939046,probability
214,TRUE,FALSE,Grounding vs Thematic,0.22430555228747912,probability
214,TRUE,FALSE,Thematic vs Control,0.16148790435191135,probability
215,TRUE,FALSE,Grounding vs Control,1.3872698220551687,log_odds
215,TRUE,FALSE,Grounding vs Thematic,0.6092562310506953,log_odds
215,TRUE,FALSE,Thematic vs Control,0.7780135910044735,log_odds
215,TRUE,FALSE,Grounding vs Control,0.2883911580571533,probability
215,TRUE,FALSE,Grounding vs Thematic,0.10832273465603498,probability
215,TRUE,FALSE,Thematic vs Control,0.18006842340111834,probability
216,TRUE,FALSE,Grounding vs Control,1.6867759729968665,log_odds
216,TRUE,FALSE,Grounding vs Thematic,1.38874691663937,log_odds
216,TRUE,FALSE,Thematic vs Control,0.2980290563574966,log_odds
216,TRUE,FALSE,Grounding vs Control,0.3515863020570141,probability
216,TRUE,FALSE,Grounding vs Thematic,0.2769710536999465,probability
216,TRUE,FALSE,Thematic vs Control,0.07461524835706757,probability
217,TRUE,FALSE,Grounding vs Control,1.3870710863645765,log_odds
217,TRUE,FALSE,Grounding vs Thematic,0.6894446587523417,log_odds
217,TRUE,FALSE,Thematic vs Control,0.6976264276122348,log_odds
217,TRUE,FALSE,Grounding vs Control,0.2614332895030922,probability
217,TRUE,FALSE,Grounding vs Thematic,0.10182927186964424,probability
217,TRUE,FALSE,Thematic vs Control,0.15960401763344795,probability
218,TRUE,FALSE,Grounding vs Control,2.3450927580496725,log_odds
218,TRUE,FALSE,Grounding vs Thematic,1.4930457365617853,log_odds
218,TRUE,FALSE,Thematic vs Control,0.8520470214878872,log_odds
218,TRUE,FALSE,Grounding vs Control,0.4568668349094448,probability
218,TRUE,FALSE,Grounding vs Thematic,0.2583612864438826,probability
218,TRUE,FALSE,Thematic vs Control,0.19850554846556218,probability
219,TRUE,FALSE,Grounding vs Control,1.9307392938828511,log_odds
219,TRUE,FALSE,Grounding vs Thematic,1.0989262656729568,log_odds
219,TRUE,FALSE,Thematic vs Control,0.8318130282098943,log_odds
219,TRUE,FALSE,Grounding vs Control,0.3586889096278607,probability
219,TRUE,FALSE,Grounding vs Thematic,0.16127036939279893,probability
219,TRUE,FALSE,Thematic vs Control,0.19741854023506178,probability
220,TRUE,FALSE,Grounding vs Control,1.5996818297297852,log_odds
220,TRUE,FALSE,Grounding vs Thematic,0.5467385630076773,log_odds
220,TRUE,FALSE,Thematic vs Control,1.052943266722108,log_odds
220,TRUE,FALSE,Grounding vs Control,0.32222531204788873,probability
220,TRUE,FALSE,Grounding vs Thematic,0.07450778650398243,probability
220,TRUE,FALSE,Thematic vs Control,0.2477175255439063,probability
221,TRUE,FALSE,Grounding vs Control,0.8846011378170723,log_odds
221,TRUE,FALSE,Grounding vs Thematic,0.5574963405765438,log_odds
221,TRUE,FALSE,Thematic vs Control,0.32710479724052843,log_odds
221,TRUE,FALSE,Grounding vs Control,0.16958330226041124,probability
221,TRUE,FALSE,Grounding vs Thematic,0.09221028892446831,probability
221,TRUE,FALSE,Thematic vs Control,0.07737301333594293,probability
222,TRUE,FALSE,Grounding vs Control,1.4168294417350467,log_odds
222,TRUE,FALSE,Grounding vs Thematic,0.4819837869423331,log_odds
222,TRUE,FALSE,Thematic vs Control,0.9348456547927134,log_odds
222,TRUE,FALSE,Grounding vs Control,0.27956501093830805,probability
222,TRUE,FALSE,Grounding vs Thematic,0.06322687463385473,probability
222,TRUE,FALSE,Thematic vs Control,0.2163381363044533,probability
223,TRUE,FALSE,Grounding vs Control,1.328611262904863,log_odds
223,TRUE,FALSE,Grounding vs Thematic,0.4671750390367675,log_odds
223,TRUE,FALSE,Thematic vs Control,0.8614362238680955,log_odds
223,TRUE,FALSE,Grounding vs Control,0.21203528700189284,probability
223,TRUE,FALSE,Grounding vs Thematic,0.013478281996901875,probability
223,TRUE,FALSE,Thematic vs Control,0.19855700500499096,probability
224,TRUE,FALSE,Grounding vs Control,1.488555443363078,log_odds
224,TRUE,FALSE,Grounding vs Thematic,0.25499098345817295,log_odds
224,TRUE,FALSE,Thematic vs Control,1.2335644599049052,log_odds
224,TRUE,FALSE,Grounding vs Control,0.2893925804488395,probability
224,TRUE,FALSE,Grounding vs Thematic,0.015502212256363057,probability
224,TRUE,FALSE,Thematic vs Control,0.2738903681924764,probability
225,TRUE,FALSE,Grounding vs Control,2.1058991394329367,log_odds
225,TRUE,FALSE,Grounding vs Thematic,1.2269092085067754,log_odds
225,TRUE,FALSE,Thematic vs Control,0.8789899309261614,log_odds
225,TRUE,FALSE,Grounding vs Control,0.4088820231808965,probability
225,TRUE,FALSE,Grounding vs Thematic,0.19803080121302274,probability
225,TRUE,FALSE,Thematic vs Control,0.21085122196787376,probability
226,TRUE,FALSE,Grounding vs Control,2.3787345756679326,log_odds
226,TRUE,FALSE,Grounding vs Thematic,1.5659932496508644,log_odds
226,TRUE,FALSE,Thematic vs Control,0.8127413260170682,log_odds
226,TRUE,FALSE,Grounding vs Control,0.3891974621588406,probability
226,TRUE,FALSE,Grounding vs Thematic,0.1981988111296722,probability
226,TRUE,FALSE,Thematic vs Control,0.1909986510291684,probability
227,TRUE,FALSE,Grounding vs Control,1.348486972724873,log_odds
227,TRUE,FALSE,Grounding vs Thematic,0.523074844297241,log_odds
227,TRUE,FALSE,Thematic vs Control,0.8254121284276318,log_odds
227,TRUE,FALSE,Grounding vs Control,0.2719810808498554,probability
227,TRUE,FALSE,Grounding vs Thematic,0.0687866324281769,probability
227,TRUE,FALSE,Thematic vs Control,0.2031944484216785,probability
228,TRUE,FALSE,Grounding vs Control,1.4913503456108583,log_odds
228,TRUE,FALSE,Grounding vs Thematic,1.5153709413914473,log_odds
228,TRUE,FALSE,Thematic vs Control,-0.024020595780589016,log_odds
228,TRUE,FALSE,Grounding vs Control,0.2751056911555095,probability
228,TRUE,FALSE,Grounding vs Thematic,0.2790586386308818,probability
228,TRUE,FALSE,Thematic vs Control,-0.003952947475372337,probability
229,TRUE,FALSE,Grounding vs Control,1.8203841013785294,log_odds
229,TRUE,FALSE,Grounding vs Thematic,1.174820028775117,log_odds
229,TRUE,FALSE,Thematic vs Control,0.6455640726034123,log_odds
229,TRUE,FALSE,Grounding vs Control,0.29349005810147627,probability
229,TRUE,FALSE,Grounding vs Thematic,0.146365523190227,probability
229,TRUE,FALSE,Thematic vs Control,0.14712453491124927,probability
230,TRUE,FALSE,Grounding vs Control,1.1830494852775335,log_odds
230,TRUE,FALSE,Grounding vs Thematic,0.9098212891186908,log_odds
230,TRUE,FALSE,Thematic vs Control,0.27322819615884275,log_odds
230,TRUE,FALSE,Grounding vs Control,0.2573209443610208,probability
230,TRUE,FALSE,Grounding vs Thematic,0.19096654511197358,probability
230,TRUE,FALSE,Thematic vs Control,0.06635439924904724,probability
231,TRUE,FALSE,Grounding vs Control,1.6425543472257307,log_odds
231,TRUE,FALSE,Grounding vs Thematic,0.7227365922009126,log_odds
231,TRUE,FALSE,Thematic vs Control,0.9198177550248181,log_odds
231,TRUE,FALSE,Grounding vs Control,0.3248525256488028,probability
231,TRUE,FALSE,Grounding vs Thematic,0.10786202209839935,probability
231,TRUE,FALSE,Thematic vs Control,0.21699050355040345,probability
232,TRUE,FALSE,Grounding vs Control,2.4637079103079267,log_odds
232,TRUE,FALSE,Grounding vs Thematic,1.686447803087154,log_odds
232,TRUE,FALSE,Thematic vs Control,0.777260107220773,log_odds
232,TRUE,FALSE,Grounding vs Control,0.46968266093995903,probability
232,TRUE,FALSE,Grounding vs Thematic,0.2803554415959447,probability
232,TRUE,FALSE,Thematic vs Control,0.1893272193440143,probability
233,TRUE,FALSE,Grounding vs Control,1.8648204389642156,log_odds
233,TRUE,FALSE,Grounding vs Thematic,1.2268298178851513,log_odds
233,TRUE,FALSE,Thematic vs Control,0.6379906210790642,log_odds
233,TRUE,FALSE,Grounding vs Control,0.33185483006909416,probability
233,TRUE,FALSE,Grounding vs Thematic,0.1775362834685612,probability
233,TRUE,FALSE,Thematic vs Control,0.15431854660053296,probability
234,TRUE,FALSE,Grounding vs Control,1.9617037592537747,log_odds
234,TRUE,FALSE,Grounding vs Thematic,1.7496889218485907,log_odds
234,TRUE,FALSE,Thematic vs Control,0.212014837405184,log_odds
234,TRUE,FALSE,Grounding vs Control,0.2828885717739373,probability
234,TRUE,FALSE,Grounding vs Thematic,0.23107983814177274,probability
234,TRUE,FALSE,Thematic vs Control,0.05180873363216454,probability
235,TRUE,FALSE,Grounding vs Control,1.9129843206905388,log_odds
235,TRUE,FALSE,Grounding vs Thematic,0.5883364349089899,log_odds
235,TRUE,FALSE,Thematic vs Control,1.324647885781549,log_odds
235,TRUE,FALSE,Grounding vs Control,0.361377016359735,probability
235,TRUE,FALSE,Grounding vs Thematic,0.0786196140735187,probability
235,TRUE,FALSE,Thematic vs Control,0.2827574022862163,probability
236,TRUE,FALSE,Grounding vs Control,2.1753004903518773,log_odds
236,TRUE,FALSE,Grounding vs Thematic,1.3721604134588654,log_odds
236,TRUE,FALSE,Thematic vs Control,0.8031400768930118,log_odds
236,TRUE,FALSE,Grounding vs Control,0.4328868523351398,probability
236,TRUE,FALSE,Grounding vs Thematic,0.24633810495811886,probability
236,TRUE,FALSE,Thematic vs Control,0.18654874737702093,probability
237,TRUE,FALSE,Grounding vs Control,2.0603707209974624,log_odds
237,TRUE,FALSE,Grounding vs Thematic,1.4688677465073778,log_odds
237,TRUE,FALSE,Thematic vs Control,0.5915029744900847,log_odds
237,TRUE,FALSE,Grounding vs Control,0.4108247549225639,probability
237,TRUE,FALSE,Grounding vs Thematic,0.2729674449179341,probability
237,TRUE,FALSE,Thematic vs Control,0.13785731000462975,probability
238,TRUE,FALSE,Grounding vs Control,2.4476538766542184,log_odds
238,TRUE,FALSE,Grounding vs Thematic,1.5501490766462105,log_odds
238,TRUE,FALSE,Thematic vs Control,0.8975048000080077,log_odds
238,TRUE,FALSE,Grounding vs Control,0.34548496876088536,probability
238,TRUE,FALSE,Grounding vs Thematic,0.1586597534257983,probability
238,TRUE,FALSE,Thematic vs Control,0.18682521533508706,probability
239,TRUE,FALSE,Grounding vs Control,1.7724631917917044,log_odds
239,TRUE,FALSE,Grounding vs Thematic,1.13186325808049,log_odds
239,TRUE,FALSE,Thematic vs Control,0.6405999337112145,log_odds
239,TRUE,FALSE,Grounding vs Control,0.19153293864374854,probability
239,TRUE,FALSE,Grounding vs Thematic,0.09584798550197127,probability
239,TRUE,FALSE,Thematic vs Control,0.09568495314177727,probability
240,TRUE,FALSE,Grounding vs Control,1.1732730056928844,log_odds
240,TRUE,FALSE,Grounding vs Thematic,0.6180270200375411,log_odds
240,TRUE,FALSE,Thematic vs Control,0.5552459856553432,log_odds
240,TRUE,FALSE,Grounding vs Control,0.21616995991592064,probability
240,TRUE,FALSE,Grounding vs Thematic,0.08686807678530922,probability
240,TRUE,FALSE,Thematic vs Control,0.12930188313061142,probability
241,TRUE,FALSE,Grounding vs Control,1.9463924690501446,log_odds
241,TRUE,FALSE,Grounding vs Thematic,0.6689829593992433,log_odds
241,TRUE,FALSE,Thematic vs Control,1.2774095096509013,log_odds
241,TRUE,FALSE,Grounding vs Control,0.398888800461056,probability
241,TRUE,FALSE,Grounding vs Thematic,0.1068787883322756,probability
241,TRUE,FALSE,Thematic vs Control,0.2920100121287804,probability
242,TRUE,FALSE,Grounding vs Control,1.180001774397059,log_odds
242,TRUE,FALSE,Grounding vs Thematic,0.8581096349204393,log_odds
242,TRUE,FALSE,Thematic vs Control,0.32189213947661965,log_odds
242,TRUE,FALSE,Grounding vs Control,0.24023797356612558,probability
242,TRUE,FALSE,Grounding vs Thematic,0.18614941434691962,probability
242,TRUE,FALSE,Thematic vs Control,0.05408855921920597,probability
243,TRUE,FALSE,Grounding vs Control,1.760542269046358,log_odds
243,TRUE,FALSE,Grounding vs Thematic,0.7610074996125609,log_odds
243,TRUE,FALSE,Thematic vs Control,0.999534769433797,log_odds
243,TRUE,FALSE,Grounding vs Control,0.30835459877445387,probability
243,TRUE,FALSE,Grounding vs Thematic,0.09078713563127677,probability
243,TRUE,FALSE,Thematic vs Control,0.2175674631431771,probability
244,TRUE,FALSE,Grounding vs Control,2.452261921294395,log_odds
244,TRUE,FALSE,Grounding vs Thematic,2.0191072297596597,log_odds
244,TRUE,FALSE,Thematic vs Control,0.4331546915347354,log_odds
244,TRUE,FALSE,Grounding vs Control,0.49618157165841936,probability
244,TRUE,FALSE,Grounding vs Thematic,0.39335855552021415,probability
244,TRUE,FALSE,Thematic vs Control,0.10282301613820521,probability
245,TRUE,FALSE,Grounding vs Control,2.209674806726293,log_odds
245,TRUE,FALSE,Grounding vs Thematic,1.428248167687106,log_odds
245,TRUE,FALSE,Thematic vs Control,0.7814266390391869,log_odds
245,TRUE,FALSE,Grounding vs Control,0.43353676198480706,probability
245,TRUE,FALSE,Grounding vs Thematic,0.24627110574316557,probability
245,TRUE,FALSE,Thematic vs Control,0.1872656562416415,probability
246,TRUE,FALSE,Grounding vs Control,1.5113792090960374,log_odds
246,TRUE,FALSE,Grounding vs Thematic,0.8857770636988245,log_odds
246,TRUE,FALSE,Thematic vs Control,0.6256021453972129,log_odds
246,TRUE,FALSE,Grounding vs Control,0.2964771160459507,probability
246,TRUE,FALSE,Grounding vs Thematic,0.14453981660386378,probability
246,TRUE,FALSE,Thematic vs Control,0.1519372994420869,probability
247,TRUE,FALSE,Grounding vs Control,1.7463921095253574,log_odds
247,TRUE,FALSE,Grounding vs Thematic,1.3894300689643428,log_odds
247,TRUE,FALSE,Thematic vs Control,0.35696204056101444,log_odds
247,TRUE,FALSE,Grounding vs Control,0.3533365965983612,probability
247,TRUE,FALSE,Grounding vs Thematic,0.2739541875582892,probability
247,TRUE,FALSE,Thematic vs Control,0.07938240904007199,probability
248,TRUE,FALSE,Grounding vs Control,2.2364760926146205,log_odds
248,TRUE,FALSE,Grounding vs Thematic,1.3120063782297282,log_odds
248,TRUE,FALSE,Thematic vs Control,0.9244697143848923,log_odds
248,TRUE,FALSE,Grounding vs Control,0.3290772785162472,probability
248,TRUE,FALSE,Grounding vs Thematic,0.11284805999473557,probability
248,TRUE,FALSE,Thematic vs Control,0.2162292185215116,probability
249,TRUE,FALSE,Grounding vs Control,1.786531890555286,log_odds
249,TRUE,FALSE,Grounding vs Thematic,0.7895377704008804,log_odds
249,TRUE,FALSE,Thematic vs Control,0.9969941201544058,log_odds
249,TRUE,FALSE,Grounding vs Control,0.31504554676532076,probability
249,TRUE,FALSE,Grounding vs Thematic,0.10453741228717311,probability
249,TRUE,FALSE,Thematic vs Control,0.21050813447814765,probability
250,TRUE,FALSE,Grounding vs Control,1.457428552190812,log_odds
250,TRUE,FALSE,Grounding vs Thematic,0.7271155492036523,log_odds
250,TRUE,FALSE,Thematic vs Control,0.7303130029871596,log_odds
250,TRUE,FALSE,Grounding vs Control,0.2853333816073685,probability
250,TRUE,FALSE,Grounding vs Thematic,0.1115160157556962,probability
250,TRUE,FALSE,Thematic vs Control,0.1738173658516723,probability
251,TRUE,FALSE,Grounding vs Control,1.7821440925802867,log_odds
251,TRUE,FALSE,Grounding vs Thematic,0.8708560611405416,log_odds
251,TRUE,FALSE,Thematic vs Control,0.911288031439745,log_odds
251,TRUE,FALSE,Grounding vs Control,0.2995440420364292,probability
251,TRUE,FALSE,Grounding vs Thematic,0.09710874726123708,probability
251,TRUE,FALSE,Thematic vs Control,0.20243529477519212,probability
252,TRUE,FALSE,Grounding vs Control,1.6670235608003647,log_odds
252,TRUE,FALSE,Grounding vs Thematic,1.036026178553381,log_odds
252,TRUE,FALSE,Thematic vs Control,0.6309973822469837,log_odds
252,TRUE,FALSE,Grounding vs Control,0.36223935371449933,probability
252,TRUE,FALSE,Grounding vs Thematic,0.20707270249483112,probability
252,TRUE,FALSE,Thematic vs Control,0.15516665121966822,probability
253,TRUE,FALSE,Grounding vs Control,2.290377333040759,log_odds
253,TRUE,FALSE,Grounding vs Thematic,1.4837935602472447,log_odds
253,TRUE,FALSE,Thematic vs Control,0.8065837727935141,log_odds
253,TRUE,FALSE,Grounding vs Control,0.4397161251402637,probability
253,TRUE,FALSE,Grounding vs Thematic,0.24484888640129931,probability
253,TRUE,FALSE,Thematic vs Control,0.1948672387389644,probability
254,TRUE,FALSE,Grounding vs Control,1.8569646353437133,log_odds
254,TRUE,FALSE,Grounding vs Thematic,1.3803861788917455,log_odds
254,TRUE,FALSE,Thematic vs Control,0.47657845645196784,log_odds
254,TRUE,FALSE,Grounding vs Control,0.3397710827793164,probability
254,TRUE,FALSE,Grounding vs Thematic,0.22502813409911643,probability
254,TRUE,FALSE,Thematic vs Control,0.11474294868019996,probability
255,TRUE,FALSE,Grounding vs Control,1.9343773235588642,log_odds
255,TRUE,FALSE,Grounding vs Thematic,1.152027110456349,log_odds
255,TRUE,FALSE,Thematic vs Control,0.7823502131025152,log_odds
255,TRUE,FALSE,Grounding vs Control,0.37448918735544495,probability
255,TRUE,FALSE,Grounding vs Thematic,0.179149037008409,probability
255,TRUE,FALSE,Thematic vs Control,0.19534015034703595,probability
256,TRUE,FALSE,Grounding vs Control,1.6790454201581935,log_odds
256,TRUE,FALSE,Grounding vs Thematic,0.9777643270202532,log_odds
256,TRUE,FALSE,Thematic vs Control,0.7012810931379403,log_odds
256,TRUE,FALSE,Grounding vs Control,0.307626883411541,probability
256,TRUE,FALSE,Grounding vs Thematic,0.137899140469798,probability
256,TRUE,FALSE,Thematic vs Control,0.16972774294174298,probability
257,TRUE,FALSE,Grounding vs Control,2.017755537617595,log_odds
257,TRUE,FALSE,Grounding vs Thematic,0.7817460209569971,log_odds
257,TRUE,FALSE,Thematic vs Control,1.2360095166605978,log_odds
257,TRUE,FALSE,Grounding vs Control,0.39396993184576595,probability
257,TRUE,FALSE,Grounding vs Thematic,0.11652477211916407,probability
257,TRUE,FALSE,Thematic vs Control,0.2774451597266019,probability
258,TRUE,FALSE,Grounding vs Control,1.8779939252685622,log_odds
258,TRUE,FALSE,Grounding vs Thematic,1.1215156762813028,log_odds
258,TRUE,FALSE,Thematic vs Control,0.7564782489872595,log_odds
258,TRUE,FALSE,Grounding vs Control,0.40200762470898826,probability
258,TRUE,FALSE,Grounding vs Thematic,0.2199314410935761,probability
258,TRUE,FALSE,Thematic vs Control,0.18207618361541217,probability
259,TRUE,FALSE,Grounding vs Control,1.8969602593198829,log_odds
259,TRUE,FALSE,Grounding vs Thematic,1.3843170350949534,log_odds
259,TRUE,FALSE,Thematic vs Control,0.5126432242249296,log_odds
259,TRUE,FALSE,Grounding vs Control,0.3092531539386766,probability
259,TRUE,FALSE,Grounding vs Thematic,0.19160750181822783,probability
259,TRUE,FALSE,Thematic vs Control,0.11764565212044875,probability
260,TRUE,FALSE,Grounding vs Control,1.6980202519682313,log_odds
260,TRUE,FALSE,Grounding vs Thematic,1.8460069245400794,log_odds
260,TRUE,FALSE,Thematic vs Control,-0.14798667257184817,log_odds
260,TRUE,FALSE,Grounding vs Control,0.2542091813696371,probability
260,TRUE,FALSE,Grounding vs Thematic,0.2905256383224619,probability
260,TRUE,FALSE,Thematic vs Control,-0.036316456952824816,probability
261,TRUE,FALSE,Grounding vs Control,1.761405001903483,log_odds
261,TRUE,FALSE,Grounding vs Thematic,1.6139588379003798,log_odds
261,TRUE,FALSE,Thematic vs Control,0.14744616400310318,log_odds
261,TRUE,FALSE,Grounding vs Control,0.3386652743696933,probability
261,TRUE,FALSE,Grounding vs Thematic,0.3018553029534789,probability
261,TRUE,FALSE,Thematic vs Control,0.03680997141621439,probability
262,TRUE,FALSE,Grounding vs Control,1.7354010211123565,log_odds
262,TRUE,FALSE,Grounding vs Thematic,0.6118211298539267,log_odds
262,TRUE,FALSE,Thematic vs Control,1.1235798912584298,log_odds
262,TRUE,FALSE,Grounding vs Control,0.3558561313450658,probability
262,TRUE,FALSE,Grounding vs Thematic,0.08835541251234996,probability
262,TRUE,FALSE,Thematic vs Control,0.2675007188327158,probability
263,TRUE,FALSE,Grounding vs Control,1.682244163899733,log_odds
263,TRUE,FALSE,Grounding vs Thematic,0.7530154824680639,log_odds
263,TRUE,FALSE,Thematic vs Control,0.929228681431669,log_odds
263,TRUE,FALSE,Grounding vs Control,0.3502448270739149,probability
263,TRUE,FALSE,Grounding vs Thematic,0.1253248555527905,probability
263,TRUE,FALSE,Thematic vs Control,0.22491997152112442,probability
264,TRUE,FALSE,Grounding vs Control,2.546953288774483,log_odds
264,TRUE,FALSE,Grounding vs Thematic,1.4026824652407472,log_odds
264,TRUE,FALSE,Thematic vs Control,1.1442708235337355,log_odds
264,TRUE,FALSE,Grounding vs Control,0.44324077239287635,probability
264,TRUE,FALSE,Grounding vs Thematic,0.17335369524531408,probability
264,TRUE,FALSE,Thematic vs Control,0.26988707714756227,probability
265,TRUE,FALSE,Grounding vs Control,1.2479122469351949,log_odds
265,TRUE,FALSE,Grounding vs Thematic,1.0846935071835486,log_odds
265,TRUE,FALSE,Thematic vs Control,0.16321873975164625,log_odds
265,TRUE,FALSE,Grounding vs Control,0.24481265209210595,probability
265,TRUE,FALSE,Grounding vs Thematic,0.2075548863556566,probability
265,TRUE,FALSE,Thematic vs Control,0.037257765736449344,probability
266,TRUE,FALSE,Grounding vs Control,0.9092705972046069,log_odds
266,TRUE,FALSE,Grounding vs Thematic,0.22138384654914245,log_odds
266,TRUE,FALSE,Thematic vs Control,0.6878867506554645,log_odds
266,TRUE,FALSE,Grounding vs Control,0.17743194937797524,probability
266,TRUE,FALSE,Grounding vs Thematic,0.021967109164371834,probability
266,TRUE,FALSE,Thematic vs Control,0.1554648402136034,probability
267,TRUE,FALSE,Grounding vs Control,2.1683688903933915,log_odds
267,TRUE,FALSE,Grounding vs Thematic,1.7938779751379323,log_odds
267,TRUE,FALSE,Thematic vs Control,0.3744909152554593,log_odds
267,TRUE,FALSE,Grounding vs Control,0.4048208702223682,probability
267,TRUE,FALSE,Grounding vs Thematic,0.31464829947865086,probability
267,TRUE,FALSE,Thematic vs Control,0.09017257074371732,probability
268,TRUE,FALSE,Grounding vs Control,1.4747055148085952,log_odds
268,TRUE,FALSE,Grounding vs Thematic,0.9211764582740637,log_odds
268,TRUE,FALSE,Thematic vs Control,0.5535290565345315,log_odds
268,TRUE,FALSE,Grounding vs Control,0.30324376938810305,probability
268,TRUE,FALSE,Grounding vs Thematic,0.17321346756181732,probability
268,TRUE,FALSE,Thematic vs Control,0.13003030182628572,probability
269,TRUE,FALSE,Grounding vs Control,1.4461826081262088,log_odds
269,TRUE,FALSE,Grounding vs Thematic,0.793757014022024,log_odds
269,TRUE,FALSE,Thematic vs Control,0.6524255941041848,log_odds
269,TRUE,FALSE,Grounding vs Control,0.27208541075036263,probability
269,TRUE,FALSE,Grounding vs Thematic,0.12015729783971085,probability
269,TRUE,FALSE,Thematic vs Control,0.15192811291065178,probability
270,TRUE,FALSE,Grounding vs Control,2.0403618148060216,log_odds
270,TRUE,FALSE,Grounding vs Thematic,0.8484822527096769,log_odds
270,TRUE,FALSE,Thematic vs Control,1.1918795620963447,log_odds
270,TRUE,FALSE,Grounding vs Control,0.45269818091204156,probability
270,TRUE,FALSE,Grounding vs Thematic,0.16669732609980464,probability
270,TRUE,FALSE,Thematic vs Control,0.2860008548122369,probability
271,TRUE,FALSE,Grounding vs Control,1.5780330818342687,log_odds
271,TRUE,FALSE,Grounding vs Thematic,0.9728964650716772,log_odds
271,TRUE,FALSE,Thematic vs Control,0.6051366167625917,log_odds
271,TRUE,FALSE,Grounding vs Control,0.2984013833194644,probability
271,TRUE,FALSE,Grounding vs Thematic,0.17382518611713543,probability
271,TRUE,FALSE,Thematic vs Control,0.12457619720232899,probability
272,TRUE,FALSE,Grounding vs Control,1.458926658327375,log_odds
272,TRUE,FALSE,Grounding vs Thematic,0.9564328770119115,log_odds
272,TRUE,FALSE,Thematic vs Control,0.5024937813154635,log_odds
272,TRUE,FALSE,Grounding vs Control,0.28054228200062414,probability
272,TRUE,FALSE,Grounding vs Thematic,0.1602673265427037,probability
272,TRUE,FALSE,Thematic vs Control,0.12027495545792044,probability
273,TRUE,FALSE,Grounding vs Control,1.9444359117736303,log_odds
273,TRUE,FALSE,Grounding vs Thematic,1.2818229145948423,log_odds
273,TRUE,FALSE,Thematic vs Control,0.662612997178788,log_odds
273,TRUE,FALSE,Grounding vs Control,0.3793868627987172,probability
273,TRUE,FALSE,Grounding vs Thematic,0.25160576152535935,probability
273,TRUE,FALSE,Thematic vs Control,0.12778110127335784,probability
274,TRUE,FALSE,Grounding vs Control,1.9962270416236452,log_odds
274,TRUE,FALSE,Grounding vs Thematic,1.0044788873980832,log_odds
274,TRUE,FALSE,Thematic vs Control,0.991748154225562,log_odds
274,TRUE,FALSE,Grounding vs Control,0.3463351018417699,probability
274,TRUE,FALSE,Grounding vs Thematic,0.11094803064075232,probability
274,TRUE,FALSE,Thematic vs Control,0.2353870712010176,probability
275,TRUE,FALSE,Grounding vs Control,1.4343497158131073,log_odds
275,TRUE,FALSE,Grounding vs Thematic,0.9007501575024648,log_odds
275,TRUE,FALSE,Thematic vs Control,0.5335995583106425,log_odds
275,TRUE,FALSE,Grounding vs Control,0.29800737938986877,probability
275,TRUE,FALSE,Grounding vs Thematic,0.17598836791082867,probability
275,TRUE,FALSE,Thematic vs Control,0.1220190114790401,probability
276,TRUE,FALSE,Grounding vs Control,1.8928202627532231,log_odds
276,TRUE,FALSE,Grounding vs Thematic,0.5773942015611602,log_odds
276,TRUE,FALSE,Thematic vs Control,1.315426061192063,log_odds
276,TRUE,FALSE,Grounding vs Control,0.34448900993041576,probability
276,TRUE,FALSE,Grounding vs Thematic,0.03977939696884841,probability
276,TRUE,FALSE,Thematic vs Control,0.30470961296156734,probability
277,TRUE,FALSE,Grounding vs Control,1.9987826757784266,log_odds
277,TRUE,FALSE,Grounding vs Thematic,1.096122060993463,log_odds
277,TRUE,FALSE,Thematic vs Control,0.9026606147849636,log_odds
277,TRUE,FALSE,Grounding vs Control,0.3567832580390484,probability
277,TRUE,FALSE,Grounding vs Thematic,0.14740737937397774,probability
277,TRUE,FALSE,Thematic vs Control,0.20937587866507068,probability
278,TRUE,FALSE,Grounding vs Control,1.2777984597946879,log_odds
278,TRUE,FALSE,Grounding vs Thematic,1.1572407877290862,log_odds
278,TRUE,FALSE,Thematic vs Control,0.12055767206560142,log_odds
278,TRUE,FALSE,Grounding vs Control,0.19809889284965343,probability
278,TRUE,FALSE,Grounding vs Thematic,0.17392966410662175,probability
278,TRUE,FALSE,Thematic vs Control,0.02416922874303168,probability
279,TRUE,FALSE,Grounding vs Control,1.6778363135358718,log_odds
279,TRUE,FALSE,Grounding vs Thematic,1.0100697673582435,log_odds
279,TRUE,FALSE,Thematic vs Control,0.6677665461776283,log_odds
279,TRUE,FALSE,Grounding vs Control,0.34600294449723407,probability
279,TRUE,FALSE,Grounding vs Thematic,0.17330153576373303,probability
279,TRUE,FALSE,Thematic vs Control,0.17270140873350104,probability
280,TRUE,FALSE,Grounding vs Control,1.435831377421605,log_odds
280,TRUE,FALSE,Grounding vs Thematic,0.7310824208322957,log_odds
280,TRUE,FALSE,Thematic vs Control,0.70474895658930925,log_odds
280,TRUE,FALSE,Grounding vs Control,0.2895997460045063,probability
280,TRUE,FALSE,Grounding vs Thematic,0.11888657520990392,probability
280,TRUE,FALSE,Thematic vs Control,0.17071317079460235,probability
281,TRUE,FALSE,Grounding vs Control,1.2437902398547598,log_odds
281,TRUE,FALSE,Grounding vs Thematic,0.46731230354680253,log_odds
281,TRUE,FALSE,Thematic vs Control,0.7764779363079571,log_odds
281,TRUE,FALSE,Grounding vs Control,0.2527381142632524,probability
281,TRUE,FALSE,Grounding vs Thematic,0.08436727117557496,probability
281,TRUE,FALSE,Thematic vs Control,0.1683708430876774,probability
282,TRUE,FALSE,Grounding vs Control,1.8236126625335052,log_odds
282,TRUE,FALSE,Grounding vs Thematic,1.145706032625569,log_odds
282,TRUE,FALSE,Thematic vs Control,0.677906629907936,log_odds
282,TRUE,FALSE,Grounding vs Control,0.33011271815090837,probability
282,TRUE,FALSE,Grounding vs Thematic,0.17332443250567664,probability
282,TRUE,FALSE,Thematic vs Control,0.15678828564523173,probability
283,TRUE,FALSE,Grounding vs Control,2.1937430846213792,log_odds
283,TRUE,FALSE,Grounding vs Thematic,1.7259402451338697,log_odds
283,TRUE,FALSE,Thematic vs Control,0.46780283948750945,log_odds
283,TRUE,FALSE,Grounding vs Control,0.42588705857552966,probability
283,TRUE,FALSE,Grounding vs Thematic,0.3117702495202905,probability
283,TRUE,FALSE,Thematic vs Control,0.11411680905523919,probability
284,TRUE,FALSE,Grounding vs Control,1.5900930674152538,log_odds
284,TRUE,FALSE,Grounding vs Thematic,0.9741463130173862,log_odds
284,TRUE,FALSE,Thematic vs Control,0.6159467543978676,log_odds
284,TRUE,FALSE,Grounding vs Control,0.3187852619684069,probability
284,TRUE,FALSE,Grounding vs Thematic,0.16948980597228103,probability
284,TRUE,FALSE,Thematic vs Control,0.14929545599612587,probability
285,TRUE,FALSE,Grounding vs Control,1.984229524682526,log_odds
285,TRUE,FALSE,Grounding vs Thematic,1.489987779512166,log_odds
285,TRUE,FALSE,Thematic vs Control,0.4942417451703597,log_odds
285,TRUE,FALSE,Grounding vs Control,0.38027791657367105,probability
285,TRUE,FALSE,Grounding vs Thematic,0.2637157941770517,probability
285,TRUE,FALSE,Thematic vs Control,0.11656212239661934,probability
286,TRUE,FALSE,Grounding vs Control,1.2322755893720592,log_odds
286,TRUE,FALSE,Grounding vs Thematic,0.6672781371565357,log_odds
286,TRUE,FALSE,Thematic vs Control,0.5649974522155233,log_odds
286,TRUE,FALSE,Grounding vs Control,0.2406543690034444,probability
286,TRUE,FALSE,Grounding vs Thematic,0.11619658778185316,probability
286,TRUE,FALSE,Thematic vs Control,0.12445778122159123,probability
287,TRUE,FALSE,Grounding vs Control,1.9543139403041678,log_odds
287,TRUE,FALSE,Grounding vs Thematic,1.095948202471504,log_odds
287,TRUE,FALSE,Thematic vs Control,0.8583657378326639,log_odds
287,TRUE,FALSE,Grounding vs Control,0.3383138669406862,probability
287,TRUE,FALSE,Grounding vs Thematic,0.13792569286347572,probability
287,TRUE,FALSE,Thematic vs Control,0.2003881740772105,probability
288,TRUE,FALSE,Grounding vs Control,1.1873696699664913,log_odds
288,TRUE,FALSE,Grounding vs Thematic,1.2339220116144305,log_odds
288,TRUE,FALSE,Thematic vs Control,-0.0465523416479392,log_odds
288,TRUE,FALSE,Grounding vs Control,0.19559964904671145,probability
288,TRUE,FALSE,Grounding vs Thematic,0.21787530668412475,probability
288,TRUE,FALSE,Thematic vs Control,-0.022275657637413293,probability
289,TRUE,FALSE,Grounding vs Control,1.8191797705489665,log_odds
289,TRUE,FALSE,Grounding vs Thematic,1.3490123212932923,log_odds
289,TRUE,FALSE,Thematic vs Control,0.4701674492556741,log_odds
289,TRUE,FALSE,Grounding vs Control,0.3627748342947856,probability
289,TRUE,FALSE,Grounding vs Thematic,0.25336732007420726,probability
289,TRUE,FALSE,Thematic vs Control,0.10940751422057832,probability
290,TRUE,FALSE,Grounding vs Control,1.2666773319249969,log_odds
290,TRUE,FALSE,Grounding vs Thematic,0.6600461030780096,log_odds
290,TRUE,FALSE,Thematic vs Control,0.6066312288469873,log_odds
290,TRUE,FALSE,Grounding vs Control,0.2616130371171573,probability
290,TRUE,FALSE,Grounding vs Thematic,0.11659929189308554,probability
290,TRUE,FALSE,Thematic vs Control,0.14501374522407173,probability
291,TRUE,FALSE,Grounding vs Control,2.422082828269416,log_odds
291,TRUE,FALSE,Grounding vs Thematic,1.1354235962210297,log_odds
291,TRUE,FALSE,Thematic vs Control,1.286659232048386,log_odds
291,TRUE,FALSE,Grounding vs Control,0.4764023914504513,probability
291,TRUE,FALSE,Grounding vs Thematic,0.16824035835833012,probability
291,TRUE,FALSE,Thematic vs Control,0.3081620330921212,probability
292,TRUE,FALSE,Grounding vs Control,1.6963541381612535,log_odds
292,TRUE,FALSE,Grounding vs Thematic,1.4162291100861077,log_odds
292,TRUE,FALSE,Thematic vs Control,0.2801250280751457,log_odds
292,TRUE,FALSE,Grounding vs Control,0.3102185501594118,probability
292,TRUE,FALSE,Grounding vs Thematic,0.2518723851268415,probability
292,TRUE,FALSE,Thematic vs Control,0.058346165032570285,probability
293,TRUE,FALSE,Grounding vs Control,1.817812606253712,log_odds
293,TRUE,FALSE,Grounding vs Thematic,0.9410523323857323,log_odds
293,TRUE,FALSE,Thematic vs Control,0.8767602738679798,log_odds
293,TRUE,FALSE,Grounding vs Control,0.32480208554861295,probability
293,TRUE,FALSE,Grounding vs Thematic,0.11461171271143045,probability
293,TRUE,FALSE,Thematic vs Control,0.2101903728371825,probability
294,TRUE,FALSE,Grounding vs Control,1.3759178795961047,log_odds
294,TRUE,FALSE,Grounding vs Thematic,1.0690834083494178,log_odds
294,TRUE,FALSE,Thematic vs Control,0.30683447124668684,log_odds
294,TRUE,FALSE,Grounding vs Control,0.2479348123488968,probability
294,TRUE,FALSE,Grounding vs Thematic,0.20019727541906984,probability
294,TRUE,FALSE,Thematic vs Control,0.04773753692982696,probability
295,TRUE,FALSE,Grounding vs Control,1.9445466207441182,log_odds
295,TRUE,FALSE,Grounding vs Thematic,1.6027931440590235,log_odds
295,TRUE,FALSE,Thematic vs Control,0.3417534766850947,log_odds
295,TRUE,FALSE,Grounding vs Control,0.38097735366923896,probability
295,TRUE,FALSE,Grounding vs Thematic,0.2832167889597235,probability
295,TRUE,FALSE,Thematic vs Control,0.09776056470951544,probability
296,TRUE,FALSE,Grounding vs Control,1.255972886240328,log_odds
296,TRUE,FALSE,Grounding vs Thematic,0.7003205075009631,log_odds
296,TRUE,FALSE,Thematic vs Control,0.5556523787393649,log_odds
296,TRUE,FALSE,Grounding vs Control,0.21814983091906148,probability
296,TRUE,FALSE,Grounding vs Thematic,0.10502010600509015,probability
296,TRUE,FALSE,Thematic vs Control,0.11312972491397133,probability
297,TRUE,FALSE,Grounding vs Control,2.0682237405534503,log_odds
297,TRUE,FALSE,Grounding vs Thematic,1.092767854267888,log_odds
297,TRUE,FALSE,Thematic vs Control,0.975455886285562,log_odds
297,TRUE,FALSE,Grounding vs Control,0.3824078144788608,probability
297,TRUE,FALSE,Grounding vs Thematic,0.16058037573296963,probability
297,TRUE,FALSE,Thematic vs Control,0.22182743874589117,probability
298,TRUE,FALSE,Grounding vs Control,1.4919962203385855,log_odds
298,TRUE,FALSE,Grounding vs Thematic,1.1195975733070447,log_odds
298,TRUE,FALSE,Thematic vs Control,0.3723986470315409,log_odds
298,TRUE,FALSE,Grounding vs Control,0.27991488882766435,probability
298,TRUE,FALSE,Grounding vs Thematic,0.19160682496429232,probability
298,TRUE,FALSE,Thematic vs Control,0.08830806386337203,probability
299,TRUE,FALSE,Grounding vs Control,2.7264064611859626,log_odds
299,TRUE,FALSE,Grounding vs Thematic,1.7510639552286262,log_odds
299,TRUE,FALSE,Thematic vs Control,0.9753425059573364,log_odds
299,TRUE,FALSE,Grounding vs Control,0.5806320397414173,probability
299,TRUE,FALSE,Grounding vs Thematic,0.3101078369532153,probability
299,TRUE,FALSE,Thematic vs Control,0.270524202788202,probability
300,TRUE,FALSE,Grounding vs Control,1.1160894504092647,log_odds
300,TRUE,FALSE,Grounding vs Thematic,0.7503768643594302,log_odds
300,TRUE,FALSE,Thematic vs Control,0.36571258604983437,log_odds
300,TRUE,FALSE,Grounding vs Control,0.186687840133488,probability
300,TRUE,FALSE,Grounding vs Thematic,0.14378226411774764,probability
300,TRUE,FALSE,Thematic vs Control,0.042905576015740354,probability
301,TRUE,FALSE,Grounding vs Control,1.58346773767559,log_odds
301,TRUE,FALSE,Grounding vs Thematic,1.0203389553968873,log_odds
301,TRUE,FALSE,Thematic vs Control,0.5631287822787026,log_odds
301,TRUE,FALSE,Grounding vs Control,0.3196595103244975,probability
301,TRUE,FALSE,Grounding vs Thematic,0.18136520865001987,probability
301,TRUE,FALSE,Thematic vs Control,0.13829430167447765,probability
302,TRUE,FALSE,Grounding vs Control,0.9555744535608041,log_odds
302,TRUE,FALSE,Grounding vs Thematic,0.33511819099496276,log_odds
302,TRUE,FALSE,Thematic vs Control,0.6204562625658413,log_odds
302,TRUE,FALSE,Grounding vs Control,0.1758268341833118,probability
302,TRUE,FALSE,Grounding vs Thematic,0.02459812628156216,probability
302,TRUE,FALSE,Thematic vs Control,0.15122870790174964,probability
303,TRUE,FALSE,Grounding vs Control,1.9687255642741386,log_odds
303,TRUE,FALSE,Grounding vs Thematic,1.2365668168636479,log_odds
303,TRUE,FALSE,Thematic vs Control,0.7321587474104907,log_odds
303,TRUE,FALSE,Grounding vs Control,0.3883909623161157,probability
303,TRUE,FALSE,Grounding vs Thematic,0.2041414149929413,probability
303,TRUE,FALSE,Thematic vs Control,0.1842495473231744,probability
304,TRUE,FALSE,Grounding vs Control,1.547461258234947,log_odds
304,TRUE,FALSE,Grounding vs Thematic,0.7824848270137421,log_odds
304,TRUE,FALSE,Thematic vs Control,0.7649764312212048,log_odds
304,TRUE,FALSE,Grounding vs Control,0.23229019343777274,probability
304,TRUE,FALSE,Grounding vs Thematic,0.05396460389452806,probability
304,TRUE,FALSE,Thematic vs Control,0.17832558954324468,probability
305,TRUE,FALSE,Grounding vs Control,1.5652446253824097,log_odds
305,TRUE,FALSE,Grounding vs Thematic,0.9681654826268438,log_odds
305,TRUE,FALSE,Thematic vs Control,0.597079142755566,log_odds
305,TRUE,FALSE,Grounding vs Control,0.3279461413041413,probability
305,TRUE,FALSE,Grounding vs Thematic,0.17397539463762401,probability
305,TRUE,FALSE,Thematic vs Control,0.15397074666651728,probability
306,TRUE,FALSE,Grounding vs Control,1.7161009744357554,log_odds
306,TRUE,FALSE,Grounding vs Thematic,1.0336823992878865,log_odds
306,TRUE,FALSE,Thematic vs Control,0.6824185751478689,log_odds
306,TRUE,FALSE,Grounding vs Control,0.3462384786825677,probability
306,TRUE,FALSE,Grounding vs Thematic,0.18069356517072843,probability
306,TRUE,FALSE,Thematic vs Control,0.16554491351183925,probability
307,TRUE,FALSE,Grounding vs Control,1.0531213091875022,log_odds
307,TRUE,FALSE,Grounding vs Thematic,0.41774110500912576,log_odds
307,TRUE,FALSE,Thematic vs Control,0.6353802041783764,log_odds
307,TRUE,FALSE,Grounding vs Control,0.1928747775649583,probability
307,TRUE,FALSE,Grounding vs Thematic,0.06570856629161959,probability
307,TRUE,FALSE,Thematic vs Control,0.12716621127333871,probability
308,TRUE,FALSE,Grounding vs Control,1.9745383618637702,log_odds
308,TRUE,FALSE,Grounding vs Thematic,1.2853188653171144,log_odds
308,TRUE,FALSE,Thematic vs Control,0.6892194965466558,log_odds
308,TRUE,FALSE,Grounding vs Control,0.4002692908618031,probability
308,TRUE,FALSE,Grounding vs Thematic,0.23661458030691462,probability
308,TRUE,FALSE,Thematic vs Control,0.16365471055488845,probability
309,TRUE,FALSE,Grounding vs Control,1.7646546786820347,log_odds
309,TRUE,FALSE,Grounding vs Thematic,1.078545244948852,log_odds
309,TRUE,FALSE,Thematic vs Control,0.6861094337331827,log_odds
309,TRUE,FALSE,Grounding vs Control,0.3447068346421843,probability
309,TRUE,FALSE,Grounding vs Thematic,0.17719904756434374,probability
309,TRUE,FALSE,Thematic vs Control,0.1675077870778406,probability
310,TRUE,FALSE,Grounding vs Control,1.4684474247956198,log_odds
310,TRUE,FALSE,Grounding vs Thematic,0.8098094216503839,log_odds
310,TRUE,FALSE,Thematic vs Control,0.658638003145236,log_odds
310,TRUE,FALSE,Grounding vs Control,0.29475187349951615,probability
310,TRUE,FALSE,Grounding vs Thematic,0.15353887389970666,probability
310,TRUE,FALSE,Thematic vs Control,0.14121299959980949,probability
311,TRUE,FALSE,Grounding vs Control,1.4965918551046085,log_odds
311,TRUE,FALSE,Grounding vs Thematic,0.7812419345853963,log_odds
311,TRUE,FALSE,Thematic vs Control,0.7153499205192122,log_odds
311,TRUE,FALSE,Grounding vs Control,0.2570456245812521,probability
311,TRUE,FALSE,Grounding vs Thematic,0.08978223394345963,probability
311,TRUE,FALSE,Thematic vs Control,0.16726339063779244,probability
312,TRUE,FALSE,Grounding vs Control,2.120161017048069,log_odds
312,TRUE,FALSE,Grounding vs Thematic,1.6471039550379316,log_odds
312,TRUE,FALSE,Thematic vs Control,0.47305706201013775,log_odds
312,TRUE,FALSE,Grounding vs Control,0.41765058920348136,probability
312,TRUE,FALSE,Grounding vs Thematic,0.303885440706331,probability
312,TRUE,FALSE,Thematic vs Control,0.11376514849715036,probability
313,TRUE,FALSE,Grounding vs Control,0.8674656704128784,log_odds
313,TRUE,FALSE,Grounding vs Thematic,0.47048381610308243,log_odds
313,TRUE,FALSE,Thematic vs Control,0.39698185430979593,log_odds
313,TRUE,FALSE,Grounding vs Control,0.13781267103836925,probability
313,TRUE,FALSE,Grounding vs Thematic,0.05522480632730831,probability
313,TRUE,FALSE,Thematic vs Control,0.08258786471106094,probability
314,TRUE,FALSE,Grounding vs Control,0.9554185359787073,log_odds
314,TRUE,FALSE,Grounding vs Thematic,0.14665462677243357,log_odds
314,TRUE,FALSE,Thematic vs Control,0.8087639092062737,log_odds
314,TRUE,FALSE,Grounding vs Control,0.17861656221363947,probability
314,TRUE,FALSE,Grounding vs Thematic,0.015642435210664163,probability
314,TRUE,FALSE,Thematic vs Control,0.1629741270029753,probability
315,TRUE,FALSE,Grounding vs Control,2.6558215579166475,log_odds
315,TRUE,FALSE,Grounding vs Thematic,1.5039407237567475,log_odds
315,TRUE,FALSE,Thematic vs Control,1.1518808341598998,log_odds
315,TRUE,FALSE,Grounding vs Control,0.47904620378462837,probability
315,TRUE,FALSE,Grounding vs Thematic,0.2245969649100571,probability
315,TRUE,FALSE,Thematic vs Control,0.25444923887457127,probability
316,TRUE,FALSE,Grounding vs Control,1.49508890622447,log_odds
316,TRUE,FALSE,Grounding vs Thematic,1.2144241963173905,log_odds
316,TRUE,FALSE,Thematic vs Control,0.2806647099070795,log_odds
316,TRUE,FALSE,Grounding vs Control,0.26163238683083495,probability
316,TRUE,FALSE,Grounding vs Thematic,0.1965456989242803,probability
316,TRUE,FALSE,Thematic vs Control,0.06508668790655464,probability
317,TRUE,FALSE,Grounding vs Control,1.7616535585226052,log_odds
317,TRUE,FALSE,Grounding vs Thematic,1.3121942257850367,log_odds
317,TRUE,FALSE,Thematic vs Control,0.44945933273756844,log_odds
317,TRUE,FALSE,Grounding vs Control,0.3230150769734132,probability
317,TRUE,FALSE,Grounding vs Thematic,0.2135536733326131,probability
317,TRUE,FALSE,Thematic vs Control,0.10946140364080009,probability
318,TRUE,FALSE,Grounding vs Control,1.7491032699115747,log_odds
318,TRUE,FALSE,Grounding vs Thematic,1.3587258552629038,log_odds
318,TRUE,FALSE,Thematic vs Control,0.39037741464867093,log_odds
318,TRUE,FALSE,Grounding vs Control,0.3547440357398031,probability
318,TRUE,FALSE,Grounding vs Thematic,0.2391636992169341,probability
318,TRUE,FALSE,Thematic vs Control,0.11558033652286903,probability
319,TRUE,FALSE,Grounding vs Control,1.8482546688625727,log_odds
319,TRUE,FALSE,Grounding vs Thematic,0.8785134529943255,log_odds
319,TRUE,FALSE,Thematic vs Control,0.9697412158682472,log_odds
319,TRUE,FALSE,Grounding vs Control,0.33441955922117905,probability
319,TRUE,FALSE,Grounding vs Thematic,0.13542800349010042,probability
319,TRUE,FALSE,Thematic vs Control,0.19899155573107863,probability
320,TRUE,FALSE,Grounding vs Control,3.3734940425271227,log_odds
320,TRUE,FALSE,Grounding vs Thematic,2.592534158389695,log_odds
320,TRUE,FALSE,Thematic vs Control,0.7809598841374282,log_odds
320,TRUE,FALSE,Grounding vs Control,0.5546932692541943,probability
320,TRUE,FALSE,Grounding vs Thematic,0.37207620990356105,probability
320,TRUE,FALSE,Thematic vs Control,0.18261705935063322,probability
321,TRUE,FALSE,Grounding vs Control,2.2150355439499747,log_odds
321,TRUE,FALSE,Grounding vs Thematic,1.4332878989769107,log_odds
321,TRUE,FALSE,Thematic vs Control,0.7817476449730639,log_odds
321,TRUE,FALSE,Grounding vs Control,0.390336176273473,probability
321,TRUE,FALSE,Grounding vs Thematic,0.20391090940623474,probability
321,TRUE,FALSE,Thematic vs Control,0.18642526686723826,probability
322,TRUE,FALSE,Grounding vs Control,1.58868049207355,log_odds
322,TRUE,FALSE,Grounding vs Thematic,1.3810776627041266,log_odds
322,TRUE,FALSE,Thematic vs Control,0.20760282936942343,log_odds
322,TRUE,FALSE,Grounding vs Control,0.3109890754000471,probability
322,TRUE,FALSE,Grounding vs Thematic,0.26356022314472805,probability
322,TRUE,FALSE,Thematic vs Control,0.047428852255319065,probability
323,TRUE,FALSE,Grounding vs Control,1.1856128068797898,log_odds
323,TRUE,FALSE,Grounding vs Thematic,0.7087296238289393,log_odds
323,TRUE,FALSE,Thematic vs Control,0.4768831830508504,log_odds
323,TRUE,FALSE,Grounding vs Control,0.20616771751449742,probability
323,TRUE,FALSE,Grounding vs Thematic,0.10163507110554099,probability
323,TRUE,FALSE,Thematic vs Control,0.10453264640895643,probability
324,TRUE,FALSE,Grounding vs Control,1.3703045789846282,log_odds
324,TRUE,FALSE,Grounding vs Thematic,1.4105279798040702,log_odds
324,TRUE,FALSE,Thematic vs Control,-0.04022340081944209,log_odds
324,TRUE,FALSE,Grounding vs Control,0.23132086924587253,probability
324,TRUE,FALSE,Grounding vs Thematic,0.24056912215137582,probability
324,TRUE,FALSE,Thematic vs Control,-0.009248252905503296,probability
325,TRUE,FALSE,Grounding vs Control,1.4898993505378466,log_odds
325,TRUE,FALSE,Grounding vs Thematic,1.0405070781787447,log_odds
325,TRUE,FALSE,Thematic vs Control,0.44939227235910184,log_odds
325,TRUE,FALSE,Grounding vs Control,0.30939975739351466,probability
325,TRUE,FALSE,Grounding vs Thematic,0.2004010692882101,probability
325,TRUE,FALSE,Thematic vs Control,0.10899868810530455,probability
326,TRUE,FALSE,Grounding vs Control,1.4601372050218706,log_odds
326,TRUE,FALSE,Grounding vs Thematic,0.9033334034223766,log_odds
326,TRUE,FALSE,Thematic vs Control,0.5568038015994939,log_odds
326,TRUE,FALSE,Grounding vs Control,0.2642983361130818,probability
326,TRUE,FALSE,Grounding vs Thematic,0.11881374194915112,probability
326,TRUE,FALSE,Thematic vs Control,0.14548459416393067,probability
327,TRUE,FALSE,Grounding vs Control,1.3594262050604455,log_odds
327,TRUE,FALSE,Grounding vs Thematic,1.3969123558427767,log_odds
327,TRUE,FALSE,Thematic vs Control,-0.037486150782331196,log_odds
327,TRUE,FALSE,Grounding vs Control,0.19476112317192507,probability
327,TRUE,FALSE,Grounding vs Thematic,0.2169104744485354,probability
327,TRUE,FALSE,Thematic vs Control,-0.02214935127661033,probability
328,TRUE,FALSE,Grounding vs Control,1.389843058747779,log_odds
328,TRUE,FALSE,Grounding vs Thematic,0.6796926055916337,log_odds
328,TRUE,FALSE,Thematic vs Control,0.7101504531561452,log_odds
328,TRUE,FALSE,Grounding vs Control,0.28030044710106666,probability
328,TRUE,FALSE,Grounding vs Thematic,0.1107071996619699,probability
328,TRUE,FALSE,Thematic vs Control,0.16959324743909676,probability
329,TRUE,FALSE,Grounding vs Control,1.4942110629478562,log_odds
329,TRUE,FALSE,Grounding vs Thematic,0.8831259716971136,log_odds
329,TRUE,FALSE,Thematic vs Control,0.6110850912507426,log_odds
329,TRUE,FALSE,Grounding vs Control,0.30892664503861517,probability
329,TRUE,FALSE,Grounding vs Thematic,0.16393375227858636,probability
329,TRUE,FALSE,Thematic vs Control,0.1449928927600288,probability
330,TRUE,FALSE,Grounding vs Control,1.6090744538269945,log_odds
330,TRUE,FALSE,Grounding vs Thematic,1.453372404030512,log_odds
330,TRUE,FALSE,Thematic vs Control,0.1557020497964825,log_odds
330,TRUE,FALSE,Grounding vs Control,0.2643838151969671,probability
330,TRUE,FALSE,Grounding vs Thematic,0.21485583917453965,probability
330,TRUE,FALSE,Thematic vs Control,0.04952797602242742,probability
331,TRUE,FALSE,Grounding vs Control,1.9499100469423771,log_odds
331,TRUE,FALSE,Grounding vs Thematic,1.2552255462283752,log_odds
331,TRUE,FALSE,Thematic vs Control,0.6946845007140019,log_odds
331,TRUE,FALSE,Grounding vs Control,0.3838409853721306,probability
331,TRUE,FALSE,Grounding vs Thematic,0.21348223108537057,probability
331,TRUE,FALSE,Thematic vs Control,0.17035875428676006,probability
332,TRUE,FALSE,Grounding vs Control,1.3528570073625694,log_odds
332,TRUE,FALSE,Grounding vs Thematic,0.4705035521558647,log_odds
332,TRUE,FALSE,Thematic vs Control,0.8823534552067046,log_odds
332,TRUE,FALSE,Grounding vs Control,0.2749058222536462,probability
332,TRUE,FALSE,Grounding vs Thematic,0.06435507464483553,probability
332,TRUE,FALSE,Thematic vs Control,0.21055074760881065,probability
333,TRUE,FALSE,Grounding vs Control,1.6501181429787137,log_odds
333,TRUE,FALSE,Grounding vs Thematic,1.2465251282081973,log_odds
333,TRUE,FALSE,Thematic vs Control,0.40359301477051657,log_odds
333,TRUE,FALSE,Grounding vs Control,0.2869135200916692,probability
333,TRUE,FALSE,Grounding vs Thematic,0.20013923930129512,probability
333,TRUE,FALSE,Thematic vs Control,0.08677428079037408,probability
334,TRUE,FALSE,Grounding vs Control,1.7798241493265219,log_odds
334,TRUE,FALSE,Grounding vs Thematic,1.0123889775829564,log_odds
334,TRUE,FALSE,Thematic vs Control,0.7674351717435653,log_odds
334,TRUE,FALSE,Grounding vs Control,0.326578361426667,probability
334,TRUE,FALSE,Grounding vs Thematic,0.14438424716225817,probability
334,TRUE,FALSE,Thematic vs Control,0.18219411426440885,probability
335,TRUE,FALSE,Grounding vs Control,1.8494663281830002,log_odds
335,TRUE,FALSE,Grounding vs Thematic,1.1429983680214901,log_odds
335,TRUE,FALSE,Thematic vs Control,0.70646796016151,log_odds
335,TRUE,FALSE,Grounding vs Control,0.36673571621122064,probability
335,TRUE,FALSE,Grounding vs Thematic,0.19412889519330828,probability
335,TRUE,FALSE,Thematic vs Control,0.17260682101791236,probability
336,TRUE,FALSE,Grounding vs Control,1.1762137167299433,log_odds
336,TRUE,FALSE,Grounding vs Thematic,0.6971865405324387,log_odds
336,TRUE,FALSE,Thematic vs Control,0.4790271761975046,log_odds
336,TRUE,FALSE,Grounding vs Control,0.23356383903010197,probability
336,TRUE,FALSE,Grounding vs Thematic,0.11717257429025557,probability
336,TRUE,FALSE,Thematic vs Control,0.1163912647398464,probability
337,TRUE,FALSE,Grounding vs Control,1.7931690720249445,log_odds
337,TRUE,FALSE,Grounding vs Thematic,0.8696278275981955,log_odds
337,TRUE,FALSE,Thematic vs Control,0.9235412444267491,log_odds
337,TRUE,FALSE,Grounding vs Control,0.3621118419460144,probability
337,TRUE,FALSE,Grounding vs Thematic,0.1486284625464761,probability
337,TRUE,FALSE,Thematic vs Control,0.21348337939953832,probability
338,TRUE,FALSE,Grounding vs Control,1.533459701112811,log_odds
338,TRUE,FALSE,Grounding vs Thematic,0.7403101295054069,log_odds
338,TRUE,FALSE,Thematic vs Control,0.7931495716074041,log_odds
338,TRUE,FALSE,Grounding vs Control,0.2981183553606744,probability
338,TRUE,FALSE,Grounding vs Thematic,0.10622391020683314,probability
338,TRUE,FALSE,Thematic vs Control,0.19189444515384124,probability
339,TRUE,FALSE,Grounding vs Control,1.8095558689233548,log_odds
339,TRUE,FALSE,Grounding vs Thematic,0.9003710600075483,log_odds
339,TRUE,FALSE,Thematic vs Control,0.9091848089158066,log_odds
339,TRUE,FALSE,Grounding vs Control,0.3493632036478412,probability
339,TRUE,FALSE,Grounding vs Thematic,0.1563852013973323,probability
339,TRUE,FALSE,Thematic vs Control,0.19297800225050887,probability
340,TRUE,FALSE,Grounding vs Control,1.8324134098292064,log_odds
340,TRUE,FALSE,Grounding vs Thematic,1.1582765333788778,log_odds
340,TRUE,FALSE,Thematic vs Control,0.6741368764503286,log_odds
340,TRUE,FALSE,Grounding vs Control,0.3455794798437544,probability
340,TRUE,FALSE,Grounding vs Thematic,0.19225076196981072,probability
340,TRUE,FALSE,Thematic vs Control,0.1533287178739437,probability
341,TRUE,FALSE,Grounding vs Control,1.6252291532222574,log_odds
341,TRUE,FALSE,Grounding vs Thematic,1.2585105653670925,log_odds
341,TRUE,FALSE,Thematic vs Control,0.3667185878551649,log_odds
341,TRUE,FALSE,Grounding vs Control,0.3160556569157731,probability
341,TRUE,FALSE,Grounding vs Thematic,0.22935887794723392,probability
341,TRUE,FALSE,Thematic vs Control,0.08669677896853917,probability
342,TRUE,FALSE,Grounding vs Control,1.8482314346268791,log_odds
342,TRUE,FALSE,Grounding vs Thematic,0.883201698306626,log_odds
342,TRUE,FALSE,Thematic vs Control,0.965029736320253,log_odds
342,TRUE,FALSE,Grounding vs Control,0.3665710764317262,probability
342,TRUE,FALSE,Grounding vs Thematic,0.13219805089831743,probability
342,TRUE,FALSE,Thematic vs Control,0.23437302553340877,probability
343,TRUE,FALSE,Grounding vs Control,1.1040598887007729,log_odds
343,TRUE,FALSE,Grounding vs Thematic,0.2980807360157802,log_odds
343,TRUE,FALSE,Thematic vs Control,0.8059791526849925,log_odds
343,TRUE,FALSE,Grounding vs Control,0.20822396420329914,probability
343,TRUE,FALSE,Grounding vs Thematic,0.05500544221944503,probability
343,TRUE,FALSE,Thematic vs Control,0.1532185219838541,probability
344,TRUE,FALSE,Grounding vs Control,1.1249247398228672,log_odds
344,TRUE,FALSE,Grounding vs Thematic,0.5785384644528726,log_odds
344,TRUE,FALSE,Thematic vs Control,0.5463862753699946,log_odds
344,TRUE,FALSE,Grounding vs Control,0.21591894325262107,probability
344,TRUE,FALSE,Grounding vs Thematic,0.0843604010879106,probability
344,TRUE,FALSE,Thematic vs Control,0.13155854216471047,probability
345,TRUE,FALSE,Grounding vs Control,1.8457038132260002,log_odds
345,TRUE,FALSE,Grounding vs Thematic,0.9335086531068335,log_odds
345,TRUE,FALSE,Thematic vs Control,0.9121951601191666,log_odds
345,TRUE,FALSE,Grounding vs Control,0.34378948929231057,probability
345,TRUE,FALSE,Grounding vs Thematic,0.14447592232731393,probability
345,TRUE,FALSE,Thematic vs Control,0.19931356696499664,probability
346,TRUE,FALSE,Grounding vs Control,1.5925262552648318,log_odds
346,TRUE,FALSE,Grounding vs Thematic,1.6389174214565354,log_odds
346,TRUE,FALSE,Thematic vs Control,-0.04639116619170347,log_odds
346,TRUE,FALSE,Grounding vs Control,0.29472027697107306,probability
346,TRUE,FALSE,Grounding vs Thematic,0.3072673075167006,probability
346,TRUE,FALSE,Thematic vs Control,-0.012547030545627558,probability
347,TRUE,FALSE,Grounding vs Control,1.3170238731066717,log_odds
347,TRUE,FALSE,Grounding vs Thematic,0.8587494100964668,log_odds
347,TRUE,FALSE,Thematic vs Control,0.4582744630102049,log_odds
347,TRUE,FALSE,Grounding vs Control,0.22541894396012646,probability
347,TRUE,FALSE,Grounding vs Thematic,0.1194281285681068,probability
347,TRUE,FALSE,Thematic vs Control,0.10599081539201965,probability
348,TRUE,FALSE,Grounding vs Control,1.6704886792786278,log_odds
348,TRUE,FALSE,Grounding vs Thematic,0.6648167682410331,log_odds
348,TRUE,FALSE,Thematic vs Control,1.0056719110375947,log_odds
348,TRUE,FALSE,Grounding vs Control,0.3302702722503149,probability
348,TRUE,FALSE,Grounding vs Thematic,0.09632211875599789,probability
348,TRUE,FALSE,Thematic vs Control,0.23394815349431702,probability
349,TRUE,FALSE,Grounding vs Control,2.643393553088672,log_odds
349,TRUE,FALSE,Grounding vs Thematic,1.2776094592066407,log_odds
349,TRUE,FALSE,Thematic vs Control,1.3657840938820311,log_odds
349,TRUE,FALSE,Grounding vs Control,0.5092288715971081,probability
349,TRUE,FALSE,Grounding vs Thematic,0.1830335236138202,probability
349,TRUE,FALSE,Thematic vs Control,0.3261953479832878,probability
350,TRUE,FALSE,Grounding vs Control,2.0707459739923513,log_odds
350,TRUE,FALSE,Grounding vs Thematic,1.4772062842736708,log_odds
350,TRUE,FALSE,Thematic vs Control,0.5935396897186803,log_odds
350,TRUE,FALSE,Grounding vs Control,0.38240855884149344,probability
350,TRUE,FALSE,Grounding vs Thematic,0.24604235272771158,probability
350,TRUE,FALSE,Thematic vs Control,0.13636620611378186,probability
351,TRUE,FALSE,Grounding vs Control,1.4934946451085682,log_odds
351,TRUE,FALSE,Grounding vs Thematic,0.7735819939341597,log_odds
351,TRUE,FALSE,Thematic vs Control,0.7199126511744085,log_odds
351,TRUE,FALSE,Grounding vs Control,0.29114679963689377,probability
351,TRUE,FALSE,Grounding vs Thematic,0.12640194625772677,probability
351,TRUE,FALSE,Thematic vs Control,0.164744853379167,probability
352,TRUE,FALSE,Grounding vs Control,1.7922636470927298,log_odds
352,TRUE,FALSE,Grounding vs Thematic,1.2875911371122333,log_odds
352,TRUE,FALSE,Thematic vs Control,0.5046725099804965,log_odds
352,TRUE,FALSE,Grounding vs Control,0.27602998178570026,probability
352,TRUE,FALSE,Grounding vs Thematic,0.15300111984231257,probability
352,TRUE,FALSE,Thematic vs Control,0.12302886194338769,probability
353,TRUE,FALSE,Grounding vs Control,1.6388691574536995,log_odds
353,TRUE,FALSE,Grounding vs Thematic,0.8513694308916053,log_odds
353,TRUE,FALSE,Thematic vs Control,0.7874997265620943,log_odds
353,TRUE,FALSE,Grounding vs Control,0.2946605556274901,probability
353,TRUE,FALSE,Grounding vs Thematic,0.13226109037367623,probability
353,TRUE,FALSE,Thematic vs Control,0.16239946525381388,probability
354,TRUE,FALSE,Grounding vs Control,1.3841678980743781,log_odds
354,TRUE,FALSE,Grounding vs Thematic,0.749409683292233,log_odds
354,TRUE,FALSE,Thematic vs Control,0.6347582147821452,log_odds
354,TRUE,FALSE,Grounding vs Control,0.24167297210430116,probability
354,TRUE,FALSE,Grounding vs Thematic,0.09300017676102584,probability
354,TRUE,FALSE,Thematic vs Control,0.14867279534327532,probability
355,TRUE,FALSE,Grounding vs Control,1.814763183964257,log_odds
355,TRUE,FALSE,Grounding vs Thematic,0.7521226421943941,log_odds
355,TRUE,FALSE,Thematic vs Control,1.062640541769863,log_odds
355,TRUE,FALSE,Grounding vs Control,0.3185119253547859,probability
355,TRUE,FALSE,Grounding vs Thematic,0.06612831766254357,probability
355,TRUE,FALSE,Thematic vs Control,0.25238360769224233,probability
356,TRUE,FALSE,Grounding vs Control,1.4739708932483568,log_odds
356,TRUE,FALSE,Grounding vs Thematic,0.9877188654929692,log_odds
356,TRUE,FALSE,Thematic vs Control,0.4862520277553877,log_odds
356,TRUE,FALSE,Grounding vs Control,0.2587087254266001,probability
356,TRUE,FALSE,Grounding vs Thematic,0.146790136154138,probability
356,TRUE,FALSE,Thematic vs Control,0.11191858927246212,probability
357,TRUE,FALSE,Grounding vs Control,0.8236540760496361,log_odds
357,TRUE,FALSE,Grounding vs Thematic,0.7154706845230074,log_odds
357,TRUE,FALSE,Thematic vs Control,0.1081833915266287,log_odds
357,TRUE,FALSE,Grounding vs Control,0.1521638736904854,probability
357,TRUE,FALSE,Grounding vs Thematic,0.13696448964761593,probability
357,TRUE,FALSE,Thematic vs Control,0.015199384042869468,probability
358,TRUE,FALSE,Grounding vs Control,1.85479070083505,log_odds
358,TRUE,FALSE,Grounding vs Thematic,1.036338306936588,log_odds
358,TRUE,FALSE,Thematic vs Control,0.818452393898462,log_odds
358,TRUE,FALSE,Grounding vs Control,0.3532650047232934,probability
358,TRUE,FALSE,Grounding vs Thematic,0.15669943022011978,probability
358,TRUE,FALSE,Thematic vs Control,0.19656557450317363,probability
359,TRUE,FALSE,Grounding vs Control,1.714649023525222,log_odds
359,TRUE,FALSE,Grounding vs Thematic,0.8366325887707118,log_odds
359,TRUE,FALSE,Thematic vs Control,0.8780164347545103,log_odds
359,TRUE,FALSE,Grounding vs Control,0.3715567102568956,probability
359,TRUE,FALSE,Grounding vs Thematic,0.17327500699860726,probability
359,TRUE,FALSE,Thematic vs Control,0.1982817032582883,probability
360,TRUE,FALSE,Grounding vs Control,1.308292453654282,log_odds
360,TRUE,FALSE,Grounding vs Thematic,0.6867667698758773,log_odds
360,TRUE,FALSE,Thematic vs Control,0.6215256837784048,log_odds
360,TRUE,FALSE,Grounding vs Control,0.25744177382054806,probability
360,TRUE,FALSE,Grounding vs Thematic,0.11146381160011248,probability
360,TRUE,FALSE,Thematic vs Control,0.14597796222043558,probability
361,TRUE,FALSE,Grounding vs Control,1.6942157681624934,log_odds
361,TRUE,FALSE,Grounding vs Thematic,1.0790828550174145,log_odds
361,TRUE,FALSE,Thematic vs Control,0.6151329131450789,log_odds
361,TRUE,FALSE,Grounding vs Control,0.34896341665174463,probability
361,TRUE,FALSE,Grounding vs Thematic,0.19600949063029116,probability
361,TRUE,FALSE,Thematic vs Control,0.15295392602145347,probability
362,TRUE,FALSE,Grounding vs Control,1.3522128440135215,log_odds
362,TRUE,FALSE,Grounding vs Thematic,0.8157063144935714,log_odds
362,TRUE,FALSE,Thematic vs Control,0.53650652951995,log_odds
362,TRUE,FALSE,Grounding vs Control,0.2567215368214031,probability
362,TRUE,FALSE,Grounding vs Thematic,0.13198682149757723,probability
362,TRUE,FALSE,Thematic vs Control,0.12473471532382585,probability
363,TRUE,FALSE,Grounding vs Control,1.793238958447102,log_odds
363,TRUE,FALSE,Grounding vs Thematic,0.9329316125062004,log_odds
363,TRUE,FALSE,Thematic vs Control,0.8603073459409016,log_odds
363,TRUE,FALSE,Grounding vs Control,0.34132638813127647,probability
363,TRUE,FALSE,Grounding vs Thematic,0.14280906411385097,probability
363,TRUE,FALSE,Thematic vs Control,0.1985173240174255,probability
364,TRUE,FALSE,Grounding vs Control,1.4520721903027805,log_odds
364,TRUE,FALSE,Grounding vs Thematic,1.3459098591657512,log_odds
364,TRUE,FALSE,Thematic vs Control,0.10616233113702922,log_odds
364,TRUE,FALSE,Grounding vs Control,0.24705833325061122,probability
364,TRUE,FALSE,Grounding vs Thematic,0.22811599904856533,probability
364,TRUE,FALSE,Thematic vs Control,0.018942334202045885,probability
365,TRUE,FALSE,Grounding vs Control,2.375221622969179,log_odds
365,TRUE,FALSE,Grounding vs Thematic,1.7346457943728208,log_odds
365,TRUE,FALSE,Thematic vs Control,0.6405758285963582,log_odds
365,TRUE,FALSE,Grounding vs Control,0.42758365739178245,probability
365,TRUE,FALSE,Grounding vs Thematic,0.2778761061403466,probability
365,TRUE,FALSE,Thematic vs Control,0.14970755125143587,probability
366,TRUE,FALSE,Grounding vs Control,1.1985047702081424,log_odds
366,TRUE,FALSE,Grounding vs Thematic,0.8621827540089313,log_odds
366,TRUE,FALSE,Thematic vs Control,0.3363220161992112,log_odds
366,TRUE,FALSE,Grounding vs Control,0.243653669095654,probability
366,TRUE,FALSE,Grounding vs Thematic,0.1637939792375364,probability
366,TRUE,FALSE,Thematic vs Control,0.07985968985811759,probability
367,TRUE,FALSE,Grounding vs Control,2.007645043904509,log_odds
367,TRUE,FALSE,Grounding vs Thematic,0.9707739641188988,log_odds
367,TRUE,FALSE,Thematic vs Control,1.0368710797856102,log_odds
367,TRUE,FALSE,Grounding vs Control,0.3798358462989141,probability
367,TRUE,FALSE,Grounding vs Thematic,0.14291625558711568,probability
367,TRUE,FALSE,Thematic vs Control,0.2369195907117984,probability
368,TRUE,FALSE,Grounding vs Control,1.3146110847191972,log_odds
368,TRUE,FALSE,Grounding vs Thematic,0.5874693835207823,log_odds
368,TRUE,FALSE,Thematic vs Control,0.7271417011984149,log_odds
368,TRUE,FALSE,Grounding vs Control,0.2415936215659198,probability
368,TRUE,FALSE,Grounding vs Thematic,0.06846498166285625,probability
368,TRUE,FALSE,Thematic vs Control,0.17312863990306354,probability
369,TRUE,FALSE,Grounding vs Control,2.1878234981823574,log_odds
369,TRUE,FALSE,Grounding vs Thematic,1.3722506722443288,log_odds
369,TRUE,FALSE,Thematic vs Control,0.8155728259380286,log_odds
369,TRUE,FALSE,Grounding vs Control,0.41294880537986883,probability
369,TRUE,FALSE,Grounding vs Thematic,0.21080673479521123,probability
369,TRUE,FALSE,Thematic vs Control,0.2021420705846576,probability
370,TRUE,FALSE,Grounding vs Control,1.9898382623019577,log_odds
370,TRUE,FALSE,Grounding vs Thematic,0.7666037515431419,log_odds
370,TRUE,FALSE,Thematic vs Control,1.2232345107588158,log_odds
370,TRUE,FALSE,Grounding vs Control,0.3785790796072588,probability
370,TRUE,FALSE,Grounding vs Thematic,0.12003897382638373,probability
370,TRUE,FALSE,Thematic vs Control,0.25854010578087505,probability
371,TRUE,FALSE,Grounding vs Control,1.629074150666245,log_odds
371,TRUE,FALSE,Grounding vs Thematic,1.0628086477958667,log_odds
371,TRUE,FALSE,Thematic vs Control,0.5662655028703782,log_odds
371,TRUE,FALSE,Grounding vs Control,0.3077680389119677,probability
371,TRUE,FALSE,Grounding vs Thematic,0.1690699030959189,probability
371,TRUE,FALSE,Thematic vs Control,0.13869813581604878,probability
372,TRUE,FALSE,Grounding vs Control,1.6939181699619636,log_odds
372,TRUE,FALSE,Grounding vs Thematic,0.943126036642677,log_odds
372,TRUE,FALSE,Thematic vs Control,0.7507921333192866,log_odds
372,TRUE,FALSE,Grounding vs Control,0.35049836027780945,probability
372,TRUE,FALSE,Grounding vs Thematic,0.16554801143245718,probability
372,TRUE,FALSE,Thematic vs Control,0.18495034884535227,probability
373,TRUE,FALSE,Grounding vs Control,1.8262240235983707,log_odds
373,TRUE,FALSE,Grounding vs Thematic,1.0114255250941233,log_odds
373,TRUE,FALSE,Thematic vs Control,0.8147984985042473,log_odds
373,TRUE,FALSE,Grounding vs Control,0.3321902198704617,probability
373,TRUE,FALSE,Grounding vs Thematic,0.13260640844596627,probability
373,TRUE,FALSE,Thematic vs Control,0.19958381142449544,probability
374,TRUE,FALSE,Grounding vs Control,2.4379103982150108,log_odds
374,TRUE,FALSE,Grounding vs Thematic,1.986766169637979,log_odds
374,TRUE,FALSE,Thematic vs Control,0.4511442285770315,log_odds
374,TRUE,FALSE,Grounding vs Control,0.4738294203238193,probability
374,TRUE,FALSE,Grounding vs Thematic,0.36744630247978644,probability
374,TRUE,FALSE,Thematic vs Control,0.10638311784403287,probability
375,TRUE,FALSE,Grounding vs Control,1.592587515424694,log_odds
375,TRUE,FALSE,Grounding vs Thematic,0.935598385176623,log_odds
375,TRUE,FALSE,Thematic vs Control,0.6569891302480712,log_odds
375,TRUE,FALSE,Grounding vs Control,0.2988217315626738,probability
375,TRUE,FALSE,Grounding vs Thematic,0.144960908859876,probability
375,TRUE,FALSE,Thematic vs Control,0.15386082270279777,probability
376,TRUE,FALSE,Grounding vs Control,1.6102177692659274,log_odds
376,TRUE,FALSE,Grounding vs Thematic,1.1009429576467378,log_odds
376,TRUE,FALSE,Thematic vs Control,0.5092748116191897,log_odds
376,TRUE,FALSE,Grounding vs Control,0.3376672106280007,probability
376,TRUE,FALSE,Grounding vs Thematic,0.20962929395670993,probability
376,TRUE,FALSE,Thematic vs Control,0.12803791667129077,probability
377,TRUE,FALSE,Grounding vs Control,1.39043773433679,log_odds
377,TRUE,FALSE,Grounding vs Thematic,0.5359763221173812,log_odds
377,TRUE,FALSE,Thematic vs Control,0.8544614122194089,log_odds
377,TRUE,FALSE,Grounding vs Control,0.2840216013313625,probability
377,TRUE,FALSE,Grounding vs Thematic,0.09692374613954668,probability
377,TRUE,FALSE,Thematic vs Control,0.18709785519181582,probability
378,TRUE,FALSE,Grounding vs Control,1.7815574549545843,log_odds
378,TRUE,FALSE,Grounding vs Thematic,0.6611505593556704,log_odds
378,TRUE,FALSE,Thematic vs Control,1.120406895598914,log_odds
378,TRUE,FALSE,Grounding vs Control,0.38477308941424304,probability
378,TRUE,FALSE,Grounding vs Thematic,0.12453034151426773,probability
378,TRUE,FALSE,Thematic vs Control,0.2602427478999753,probability
379,TRUE,FALSE,Grounding vs Control,1.9809645679983408,log_odds
379,TRUE,FALSE,Grounding vs Thematic,1.368033878674043,log_odds
379,TRUE,FALSE,Thematic vs Control,0.6129306893242978,log_odds
379,TRUE,FALSE,Grounding vs Control,0.3854601126458832,probability
379,TRUE,FALSE,Grounding vs Thematic,0.23711412015933692,probability
379,TRUE,FALSE,Thematic vs Control,0.14834599248654629,probability
380,TRUE,FALSE,Grounding vs Control,1.43243110911459,log_odds
380,TRUE,FALSE,Grounding vs Thematic,0.8584894077469778,log_odds
380,TRUE,FALSE,Thematic vs Control,0.5739417013676122,log_odds
380,TRUE,FALSE,Grounding vs Control,0.25206463823307884,probability
380,TRUE,FALSE,Grounding vs Thematic,0.11414613862054657,probability
380,TRUE,FALSE,Thematic vs Control,0.13791849961253227,probability
381,TRUE,FALSE,Grounding vs Control,2.094225949210217,log_odds
381,TRUE,FALSE,Grounding vs Thematic,1.2057845753928518,log_odds
381,TRUE,FALSE,Thematic vs Control,0.888441373817365,log_odds
381,TRUE,FALSE,Grounding vs Control,0.40997915018461384,probability
381,TRUE,FALSE,Grounding vs Thematic,0.19803644989588254,probability
381,TRUE,FALSE,Thematic vs Control,0.2119427002887313,probability
382,TRUE,FALSE,Grounding vs Control,1.7764770033951311,log_odds
382,TRUE,FALSE,Grounding vs Thematic,1.1369696587699014,log_odds
382,TRUE,FALSE,Thematic vs Control,0.6395073446252296,log_odds
382,TRUE,FALSE,Grounding vs Control,0.2685898445242402,probability
382,TRUE,FALSE,Grounding vs Thematic,0.11220832477534826,probability
382,TRUE,FALSE,Thematic vs Control,0.15638151974889192,probability
383,TRUE,FALSE,Grounding vs Control,1.3125538238716197,log_odds
383,TRUE,FALSE,Grounding vs Thematic,0.6265811628867537,log_odds
383,TRUE,FALSE,Thematic vs Control,0.6859726609848659,log_odds
383,TRUE,FALSE,Grounding vs Control,0.24182158698898032,probability
383,TRUE,FALSE,Grounding vs Thematic,0.08151187518266823,probability
383,TRUE,FALSE,Thematic vs Control,0.1603097118063121,probability
384,TRUE,FALSE,Grounding vs Control,1.5690064672468587,log_odds
384,TRUE,FALSE,Grounding vs Thematic,0.9707343040781955,log_odds
384,TRUE,FALSE,Thematic vs Control,0.5982721631686632,log_odds
384,TRUE,FALSE,Grounding vs Control,0.2948918751615733,probability
384,TRUE,FALSE,Grounding vs Thematic,0.1497331859305399,probability
384,TRUE,FALSE,Thematic vs Control,0.14515868923103337,probability
385,TRUE,FALSE,Grounding vs Control,1.9464958337839635,log_odds
385,TRUE,FALSE,Grounding vs Thematic,0.8829300222085479,log_odds
385,TRUE,FALSE,Thematic vs Control,1.0635658115754156,log_odds
385,TRUE,FALSE,Grounding vs Control,0.3903157756237991,probability
385,TRUE,FALSE,Grounding vs Thematic,0.1394516969852181,probability
385,TRUE,FALSE,Thematic vs Control,0.250864078638581,probability
386,TRUE,FALSE,Grounding vs Control,0.8989038732191837,log_odds
386,TRUE,FALSE,Grounding vs Thematic,0.7014324770829846,log_odds
386,TRUE,FALSE,Thematic vs Control,0.19747139613619913,log_odds
386,TRUE,FALSE,Grounding vs Control,0.1836758276592323,probability
386,TRUE,FALSE,Grounding vs Thematic,0.1353598756616044,probability
386,TRUE,FALSE,Thematic vs Control,0.04831595199762789,probability
387,TRUE,FALSE,Grounding vs Control,1.5716477217153417,log_odds
387,TRUE,FALSE,Grounding vs Thematic,1.0102139573093507,log_odds
387,TRUE,FALSE,Thematic vs Control,0.5614337644059909,log_odds
387,TRUE,FALSE,Grounding vs Control,0.2904922412957032,probability
387,TRUE,FALSE,Grounding vs Thematic,0.15835324060823502,probability
387,TRUE,FALSE,Thematic vs Control,0.1321390006874682,probability
388,TRUE,FALSE,Grounding vs Control,1.8964178834733696,log_odds
388,TRUE,FALSE,Grounding vs Thematic,1.007243930497992,log_odds
388,TRUE,FALSE,Thematic vs Control,0.8891739529753775,log_odds
388,TRUE,FALSE,Grounding vs Control,0.3586892827218962,probability
388,TRUE,FALSE,Grounding vs Thematic,0.15687587665672115,probability
388,TRUE,FALSE,Thematic vs Control,0.20181340606517506,probability
389,TRUE,FALSE,Grounding vs Control,2.252796961046125,log_odds
389,TRUE,FALSE,Grounding vs Thematic,1.5343301845397372,log_odds
389,TRUE,FALSE,Thematic vs Control,0.7184667765063877,log_odds
389,TRUE,FALSE,Grounding vs Control,0.44457366012051436,probability
389,TRUE,FALSE,Grounding vs Thematic,0.2654087933623988,probability
389,TRUE,FALSE,Thematic vs Control,0.17916486675811555,probability
390,TRUE,FALSE,Grounding vs Control,1.4909471818793643,log_odds
390,TRUE,FALSE,Grounding vs Thematic,1.0542081367133869,log_odds
390,TRUE,FALSE,Thematic vs Control,0.4367390451659774,log_odds
390,TRUE,FALSE,Grounding vs Control,0.26762070503218915,probability
390,TRUE,FALSE,Grounding vs Thematic,0.16122892814788042,probability
390,TRUE,FALSE,Thematic vs Control,0.10639177688430873,probability
391,TRUE,FALSE,Grounding vs Control,1.7523228329983223,log_odds
391,TRUE,FALSE,Grounding vs Thematic,0.9160047267196423,log_odds
391,TRUE,FALSE,Thematic vs Control,0.83631810627868,log_odds
391,TRUE,FALSE,Grounding vs Control,0.3383080508182765,probability
391,TRUE,FALSE,Grounding vs Thematic,0.13708154348321466,probability
391,TRUE,FALSE,Thematic vs Control,0.2012265073350618,probability
392,TRUE,FALSE,Grounding vs Control,1.6211231773164805,log_odds
392,TRUE,FALSE,Grounding vs Thematic,0.9900185679128211,log_odds
392,TRUE,FALSE,Thematic vs Control,0.6311046094036595,log_odds
392,TRUE,FALSE,Grounding vs Control,0.3305300936334029,probability
392,TRUE,FALSE,Grounding vs Thematic,0.18495809831522336,probability
392,TRUE,FALSE,Thematic vs Control,0.14557199531817955,probability
393,TRUE,FALSE,Grounding vs Control,1.0162576429930197,log_odds
393,TRUE,FALSE,Grounding vs Thematic,0.5885317387367014,log_odds
393,TRUE,FALSE,Thematic vs Control,0.4277259042563182,log_odds
393,TRUE,FALSE,Grounding vs Control,0.21230256126379332,probability
393,TRUE,FALSE,Grounding vs Thematic,0.11413137382047078,probability
393,TRUE,FALSE,Thematic vs Control,0.09817118744332254,probability
394,TRUE,FALSE,Grounding vs Control,1.1695666664150028,log_odds
394,TRUE,FALSE,Grounding vs Thematic,0.7419397263546745,log_odds
394,TRUE,FALSE,Thematic vs Control,0.4276269400603282,log_odds
394,TRUE,FALSE,Grounding vs Control,0.236795419974078,probability
394,TRUE,FALSE,Grounding vs Thematic,0.15933375191719168,probability
394,TRUE,FALSE,Thematic vs Control,0.07746166805688631,probability
395,TRUE,FALSE,Grounding vs Control,1.4196770750574004,log_odds
395,TRUE,FALSE,Grounding vs Thematic,0.8117281227074127,log_odds
395,TRUE,FALSE,Thematic vs Control,0.6079489523499877,log_odds
395,TRUE,FALSE,Grounding vs Control,0.28431808747595405,probability
395,TRUE,FALSE,Grounding vs Thematic,0.1398615387744298,probability
395,TRUE,FALSE,Thematic vs Control,0.14445654870152425,probability
396,TRUE,FALSE,Grounding vs Control,1.0684660455679786,log_odds
396,TRUE,FALSE,Grounding vs Thematic,0.6314279892315624,log_odds
396,TRUE,FALSE,Thematic vs Control,0.43703805633641635,log_odds
396,TRUE,FALSE,Grounding vs Control,0.19451782963652064,probability
396,TRUE,FALSE,Grounding vs Thematic,0.08711904024498374,probability
396,TRUE,FALSE,Thematic vs Control,0.10739878939153691,probability
397,TRUE,FALSE,Grounding vs Control,1.093130336120538,log_odds
397,TRUE,FALSE,Grounding vs Thematic,0.7201959499466282,log_odds
397,TRUE,FALSE,Thematic vs Control,0.3729343861739097,log_odds
397,TRUE,FALSE,Grounding vs Control,0.20886968889087193,probability
397,TRUE,FALSE,Grounding vs Thematic,0.11955530284360655,probability
397,TRUE,FALSE,Thematic vs Control,0.08931438604726538,probability
398,TRUE,FALSE,Grounding vs Control,1.5084768275312987,log_odds
398,TRUE,FALSE,Grounding vs Thematic,0.6907639257289335,log_odds
398,TRUE,FALSE,Thematic vs Control,0.8177129018023652,log_odds
398,TRUE,FALSE,Grounding vs Control,0.27763146217968915,probability
398,TRUE,FALSE,Grounding vs Thematic,0.08847532992177265,probability
398,TRUE,FALSE,Thematic vs Control,0.1891561322579165,probability
399,TRUE,FALSE,Grounding vs Control,1.4010085417676668,log_odds
399,TRUE,FALSE,Grounding vs Thematic,0.4446949653597032,log_odds
399,TRUE,FALSE,Thematic vs Control,0.9563135764079637,log_odds
399,TRUE,FALSE,Grounding vs Control,0.2644606135954587,probability
399,TRUE,FALSE,Grounding vs Thematic,0.06169564638904196,probability
399,TRUE,FALSE,Thematic vs Control,0.20276496720641674,probability
400,TRUE,FALSE,Grounding vs Control,1.813918212408137,log_odds
400,TRUE,FALSE,Grounding vs Thematic,1.5013258428173628,log_odds
400,TRUE,FALSE,Thematic vs Control,0.3125923695907743,log_odds
400,TRUE,FALSE,Grounding vs Control,0.3542357496049923,probability
400,TRUE,FALSE,Grounding vs Thematic,0.278319979088883,probability
400,TRUE,FALSE,Thematic vs Control,0.07591577051610932,probability
401,TRUE,FALSE,Grounding vs Control,1.4697031874659454,log_odds
401,TRUE,FALSE,Grounding vs Thematic,1.3582029782257647,log_odds
401,TRUE,FALSE,Thematic vs Control,0.11150020924018067,log_odds
401,TRUE,FALSE,Grounding vs Control,0.24367247131751335,probability
401,TRUE,FALSE,Grounding vs Thematic,0.22457385726481277,probability
401,TRUE,FALSE,Thematic vs Control,0.01909861405270058,probability
402,TRUE,FALSE,Grounding vs Control,0.9977402142927291,log_odds
402,TRUE,FALSE,Grounding vs Thematic,0.40915414136655714,log_odds
402,TRUE,FALSE,Thematic vs Control,0.5885860729261719,log_odds
402,TRUE,FALSE,Grounding vs Control,0.18849899994041458,probability
402,TRUE,FALSE,Grounding vs Thematic,0.048507172433794765,probability
402,TRUE,FALSE,Thematic vs Control,0.13999182750661981,probability
403,TRUE,FALSE,Grounding vs Control,2.054719251317788,log_odds
403,TRUE,FALSE,Grounding vs Thematic,1.486097900169478,log_odds
403,TRUE,FALSE,Thematic vs Control,0.5686213511483098,log_odds
403,TRUE,FALSE,Grounding vs Control,0.39209509760278366,probability
403,TRUE,FALSE,Grounding vs Thematic,0.26971328098449643,probability
403,TRUE,FALSE,Thematic vs Control,0.12238181661828723,probability
404,TRUE,FALSE,Grounding vs Control,1.718606138386443,log_odds
404,TRUE,FALSE,Grounding vs Thematic,0.974445079142542,log_odds
404,TRUE,FALSE,Thematic vs Control,0.744161059243901,log_odds
404,TRUE,FALSE,Grounding vs Control,0.358581556303806,probability
404,TRUE,FALSE,Grounding vs Thematic,0.1827276945870146,probability
404,TRUE,FALSE,Thematic vs Control,0.1758538617167914,probability
405,TRUE,FALSE,Grounding vs Control,1.5040063277788929,log_odds
405,TRUE,FALSE,Grounding vs Thematic,0.5301639084598218,log_odds
405,TRUE,FALSE,Thematic vs Control,0.9738424193190711,log_odds
405,TRUE,FALSE,Grounding vs Control,0.281427052507648,probability
405,TRUE,FALSE,Grounding vs Thematic,0.10322018477258782,probability
405,TRUE,FALSE,Thematic vs Control,0.17820686773506017,probability
406,TRUE,FALSE,Grounding vs Control,1.532030455893182,log_odds
406,TRUE,FALSE,Grounding vs Thematic,1.1274252691798532,log_odds
406,TRUE,FALSE,Thematic vs Control,0.40460518671332885,log_odds
406,TRUE,FALSE,Grounding vs Control,0.3219800245892465,probability
406,TRUE,FALSE,Grounding vs Thematic,0.21645104127513964,probability
406,TRUE,FALSE,Thematic vs Control,0.10552898331410687,probability
407,TRUE,FALSE,Grounding vs Control,2.0029450145645753,log_odds
407,TRUE,FALSE,Grounding vs Thematic,1.349562099984368,log_odds
407,TRUE,FALSE,Thematic vs Control,0.6533829145802071,log_odds
407,TRUE,FALSE,Grounding vs Control,0.39566070672786124,probability
407,TRUE,FALSE,Grounding vs Thematic,0.23292591311570487,probability
407,TRUE,FALSE,Thematic vs Control,0.16273479361215637,probability
408,TRUE,FALSE,Grounding vs Control,1.1130540879819693,log_odds
408,TRUE,FALSE,Grounding vs Thematic,1.1080593840596433,log_odds
408,TRUE,FALSE,Thematic vs Control,0.004994703922326038,log_odds
408,TRUE,FALSE,Grounding vs Control,0.1922364015947648,probability
408,TRUE,FALSE,Grounding vs Thematic,0.1934734416203907,probability
408,TRUE,FALSE,Thematic vs Control,-0.0012370400256259129,probability
409,TRUE,FALSE,Grounding vs Control,1.4798300560762483,log_odds
409,TRUE,FALSE,Grounding vs Thematic,0.833882028999577,log_odds
409,TRUE,FALSE,Thematic vs Control,0.6459480270766712,log_odds
409,TRUE,FALSE,Grounding vs Control,0.32615492432829746,probability
409,TRUE,FALSE,Grounding vs Thematic,0.1649626511605088,probability
409,TRUE,FALSE,Thematic vs Control,0.16119227316778867,probability
410,TRUE,FALSE,Grounding vs Control,1.4402383697005847,log_odds
410,TRUE,FALSE,Grounding vs Thematic,0.841482995565072,log_odds
410,TRUE,FALSE,Thematic vs Control,0.5987553741355126,log_odds
410,TRUE,FALSE,Grounding vs Control,0.29993526261883224,probability
410,TRUE,FALSE,Grounding vs Thematic,0.15790582341802495,probability
410,TRUE,FALSE,Thematic vs Control,0.1420294392008073,probability
411,TRUE,FALSE,Grounding vs Control,1.900827957892402,log_odds
411,TRUE,FALSE,Grounding vs Thematic,1.5980954289445308,log_odds
411,TRUE,FALSE,Thematic vs Control,0.3027325289478711,log_odds
411,TRUE,FALSE,Grounding vs Control,0.3445213200135355,probability
411,TRUE,FALSE,Grounding vs Thematic,0.26838564008102106,probability
411,TRUE,FALSE,Thematic vs Control,0.07613567993251447,probability
412,TRUE,FALSE,Grounding vs Control,1.9100521546262625,log_odds
412,TRUE,FALSE,Grounding vs Thematic,1.0727734182713233,log_odds
412,TRUE,FALSE,Thematic vs Control,0.8372787363549392,log_odds
412,TRUE,FALSE,Grounding vs Control,0.37637553158746195,probability
412,TRUE,FALSE,Grounding vs Thematic,0.18285550452306265,probability
412,TRUE,FALSE,Thematic vs Control,0.1935200270643993,probability
413,TRUE,FALSE,Grounding vs Control,1.2233404656750884,log_odds
413,TRUE,FALSE,Grounding vs Thematic,0.8976272344586789,log_odds
413,TRUE,FALSE,Thematic vs Control,0.3257132312164095,log_odds
413,TRUE,FALSE,Grounding vs Control,0.22367250535889835,probability
413,TRUE,FALSE,Grounding vs Thematic,0.1347404284444535,probability
413,TRUE,FALSE,Thematic vs Control,0.08893207691444485,probability
414,TRUE,FALSE,Grounding vs Control,1.5957492658047345,log_odds
414,TRUE,FALSE,Grounding vs Thematic,0.9610167210978406,log_odds
414,TRUE,FALSE,Thematic vs Control,0.6347325447068939,log_odds
414,TRUE,FALSE,Grounding vs Control,0.336253719477207,probability
414,TRUE,FALSE,Grounding vs Thematic,0.181603487634523,probability
414,TRUE,FALSE,Thematic vs Control,0.154650231842684,probability
415,TRUE,FALSE,Grounding vs Control,1.9937973159032771,log_odds
415,TRUE,FALSE,Grounding vs Thematic,1.3815192225305002,log_odds
415,TRUE,FALSE,Thematic vs Control,0.6122780933727769,log_odds
415,TRUE,FALSE,Grounding vs Control,0.33409637882630483,probability
415,TRUE,FALSE,Grounding vs Thematic,0.21241614234431105,probability
415,TRUE,FALSE,Thematic vs Control,0.12168023648199378,probability
416,TRUE,FALSE,Grounding vs Control,1.476381743304041,log_odds
416,TRUE,FALSE,Grounding vs Thematic,0.8720001312219143,log_odds
416,TRUE,FALSE,Thematic vs Control,0.6043816120821266,log_odds
416,TRUE,FALSE,Grounding vs Control,0.2661543363136936,probability
416,TRUE,FALSE,Grounding vs Thematic,0.12501180435400816,probability
416,TRUE,FALSE,Thematic vs Control,0.14114253195968546,probability
417,TRUE,FALSE,Grounding vs Control,1.3755234367461893,log_odds
417,TRUE,FALSE,Grounding vs Thematic,1.0969890369533442,log_odds
417,TRUE,FALSE,Thematic vs Control,0.27853439979284533,log_odds
417,TRUE,FALSE,Grounding vs Control,0.20847659416160974,probability
417,TRUE,FALSE,Grounding vs Thematic,0.14368198715173275,probability
417,TRUE,FALSE,Thematic vs Control,0.06479460700987699,probability
418,TRUE,FALSE,Grounding vs Control,1.309528338725607,log_odds
418,TRUE,FALSE,Grounding vs Thematic,0.2447876108160012,log_odds
418,TRUE,FALSE,Thematic vs Control,1.064740727909606,log_odds
418,TRUE,FALSE,Grounding vs Control,0.25895554889578554,probability
418,TRUE,FALSE,Grounding vs Thematic,0.03599224366780651,probability
418,TRUE,FALSE,Thematic vs Control,0.22296330522797903,probability
419,TRUE,FALSE,Grounding vs Control,1.7730892583946622,log_odds
419,TRUE,FALSE,Grounding vs Thematic,1.7220148231714063,log_odds
419,TRUE,FALSE,Thematic vs Control,0.05107443522325594,log_odds
419,TRUE,FALSE,Grounding vs Control,0.32752620636169116,probability
419,TRUE,FALSE,Grounding vs Thematic,0.31501228568072553,probability
419,TRUE,FALSE,Thematic vs Control,0.012513920680965629,probability
420,TRUE,FALSE,Grounding vs Control,2.3196897528366085,log_odds
420,TRUE,FALSE,Grounding vs Thematic,1.739143115448748,log_odds
420,TRUE,FALSE,Thematic vs Control,0.5805466373878603,log_odds
420,TRUE,FALSE,Grounding vs Control,0.4357274405887282,probability
420,TRUE,FALSE,Grounding vs Thematic,0.2987441056498192,probability
420,TRUE,FALSE,Thematic vs Control,0.13698333493890902,probability
421,TRUE,FALSE,Grounding vs Control,1.1645564375204742,log_odds
421,TRUE,FALSE,Grounding vs Thematic,1.2669214340391597,log_odds
421,TRUE,FALSE,Thematic vs Control,-0.10236499651868558,log_odds
421,TRUE,FALSE,Grounding vs Control,0.19741020706846962,probability
421,TRUE,FALSE,Grounding vs Thematic,0.22342706138803903,probability
421,TRUE,FALSE,Thematic vs Control,-0.026016854319569405,probability
422,TRUE,FALSE,Grounding vs Control,1.55613371300961,log_odds
422,TRUE,FALSE,Grounding vs Thematic,0.7039215065088364,log_odds
422,TRUE,FALSE,Thematic vs Control,0.8522122065007736,log_odds
422,TRUE,FALSE,Grounding vs Control,0.32060293005911883,probability
422,TRUE,FALSE,Grounding vs Thematic,0.11930645881656549,probability
422,TRUE,FALSE,Thematic vs Control,0.20129647124255334,probability
423,TRUE,FALSE,Grounding vs Control,1.3796999674854482,log_odds
423,TRUE,FALSE,Grounding vs Thematic,0.7951590738247747,log_odds
423,TRUE,FALSE,Thematic vs Control,0.5845408936606734,log_odds
423,TRUE,FALSE,Grounding vs Control,0.2662103362208193,probability
423,TRUE,FALSE,Grounding vs Thematic,0.13142640678800516,probability
423,TRUE,FALSE,Thematic vs Control,0.13478392943281414,probability
424,TRUE,FALSE,Grounding vs Control,2.2968463045477807,log_odds
424,TRUE,FALSE,Grounding vs Thematic,1.3534192379308252,log_odds
424,TRUE,FALSE,Thematic vs Control,0.9434270666169557,log_odds
424,TRUE,FALSE,Grounding vs Control,0.4661433313815107,probability
424,TRUE,FALSE,Grounding vs Thematic,0.23949982963577443,probability
424,TRUE,FALSE,Thematic vs Control,0.22664350174573628,probability
425,TRUE,FALSE,Grounding vs Control,1.3664951187974506,log_odds
425,TRUE,FALSE,Grounding vs Thematic,0.7064464193509541,log_odds
425,TRUE,FALSE,Thematic vs Control,0.6600486994464964,log_odds
425,TRUE,FALSE,Grounding vs Control,0.2834061739400821,probability
425,TRUE,FALSE,Grounding vs Thematic,0.13512940922939976,probability
425,TRUE,FALSE,Thematic vs Control,0.14827676471068235,probability
426,TRUE,FALSE,Grounding vs Control,1.352107601077821,log_odds
426,TRUE,FALSE,Grounding vs Thematic,0.9872536201586951,log_odds
426,TRUE,FALSE,Thematic vs Control,0.3648539809191259,log_odds
426,TRUE,FALSE,Grounding vs Control,0.26393176059282863,probability
426,TRUE,FALSE,Grounding vs Thematic,0.18276436523984124,probability
426,TRUE,FALSE,Thematic vs Control,0.08116739535298739,probability
427,TRUE,FALSE,Grounding vs Control,1.6043814884243794,log_odds
427,TRUE,FALSE,Grounding vs Thematic,0.7869515160195903,log_odds
427,TRUE,FALSE,Thematic vs Control,0.8174299724047891,log_odds
427,TRUE,FALSE,Grounding vs Control,0.32439636648002146,probability
427,TRUE,FALSE,Grounding vs Thematic,0.13334805241603775,probability
427,TRUE,FALSE,Thematic vs Control,0.1910483140639837,probability
428,TRUE,FALSE,Grounding vs Control,1.4920363875007965,log_odds
428,TRUE,FALSE,Grounding vs Thematic,1.0768742910705178,log_odds
428,TRUE,FALSE,Thematic vs Control,0.4151620964302787,log_odds
428,TRUE,FALSE,Grounding vs Control,0.31280019776220996,probability
428,TRUE,FALSE,Grounding vs Thematic,0.20108137621223104,probability
428,TRUE,FALSE,Thematic vs Control,0.11171882154997892,probability
429,TRUE,FALSE,Grounding vs Control,1.7251673939747525,log_odds
429,TRUE,FALSE,Grounding vs Thematic,1.053616040151207,log_odds
429,TRUE,FALSE,Thematic vs Control,0.6715513538235456,log_odds
429,TRUE,FALSE,Grounding vs Control,0.3286528942118773,probability
429,TRUE,FALSE,Grounding vs Thematic,0.17213579729645823,probability
429,TRUE,FALSE,Thematic vs Control,0.1565170969154191,probability
430,TRUE,FALSE,Grounding vs Control,1.8044252198706994,log_odds
430,TRUE,FALSE,Grounding vs Thematic,1.6951752838107244,log_odds
430,TRUE,FALSE,Thematic vs Control,0.10924993605997502,log_odds
430,TRUE,FALSE,Grounding vs Control,0.3604132240277464,probability
430,TRUE,FALSE,Grounding vs Thematic,0.3283103210475871,probability
430,TRUE,FALSE,Thematic vs Control,0.032102902980159276,probability
431,TRUE,FALSE,Grounding vs Control,2.7150758498355625,log_odds
431,TRUE,FALSE,Grounding vs Thematic,1.8965540799402418,log_odds
431,TRUE,FALSE,Thematic vs Control,0.8185217698953209,log_odds
431,TRUE,FALSE,Grounding vs Control,0.4475312508911411,probability
431,TRUE,FALSE,Grounding vs Thematic,0.259593071941388,probability
431,TRUE,FALSE,Thematic vs Control,0.18793817894975312,probability
432,TRUE,FALSE,Grounding vs Control,2.5843615893528598,log_odds
432,TRUE,FALSE,Grounding vs Thematic,1.7422677424511628,log_odds
432,TRUE,FALSE,Thematic vs Control,0.842093846901697,log_odds
432,TRUE,FALSE,Grounding vs Control,0.48294542347295083,probability
432,TRUE,FALSE,Grounding vs Thematic,0.27854449849425955,probability
432,TRUE,FALSE,Thematic vs Control,0.20440092497869128,probability
433,TRUE,FALSE,Grounding vs Control,1.6443976818705603,log_odds
433,TRUE,FALSE,Grounding vs Thematic,0.4172376514605838,log_odds
433,TRUE,FALSE,Thematic vs Control,1.2271600304099766,log_odds
433,TRUE,FALSE,Grounding vs Control,0.36107263781142307,probability
433,TRUE,FALSE,Grounding vs Thematic,0.07472774110762936,probability
433,TRUE,FALSE,Thematic vs Control,0.2863448967037937,probability
434,TRUE,FALSE,Grounding vs Control,1.424920128544458,log_odds
434,TRUE,FALSE,Grounding vs Thematic,1.2332189288594946,log_odds
434,TRUE,FALSE,Thematic vs Control,0.19170119968496324,log_odds
434,TRUE,FALSE,Grounding vs Control,0.24351597108150635,probability
434,TRUE,FALSE,Grounding vs Thematic,0.21704504671604224,probability
434,TRUE,FALSE,Thematic vs Control,0.02647092436546411,probability
435,TRUE,FALSE,Grounding vs Control,2.0384249021565575,log_odds
435,TRUE,FALSE,Grounding vs Thematic,1.135170907294466,log_odds
435,TRUE,FALSE,Thematic vs Control,0.9032539948620912,log_odds
435,TRUE,FALSE,Grounding vs Control,0.4144874617840143,probability
435,TRUE,FALSE,Grounding vs Thematic,0.1958536174683378,probability
435,TRUE,FALSE,Thematic vs Control,0.2186338443156765,probability
436,TRUE,FALSE,Grounding vs Control,1.8297053737297264,log_odds
436,TRUE,FALSE,Grounding vs Thematic,1.1506005964978105,log_odds
436,TRUE,FALSE,Thematic vs Control,0.6791047772319158,log_odds
436,TRUE,FALSE,Grounding vs Control,0.2869958656936372,probability
436,TRUE,FALSE,Grounding vs Thematic,0.14854870672891163,probability
436,TRUE,FALSE,Thematic vs Control,0.1384471589647256,probability
437,TRUE,FALSE,Grounding vs Control,1.5856810700457207,log_odds
437,TRUE,FALSE,Grounding vs Thematic,1.071784419167915,log_odds
437,TRUE,FALSE,Thematic vs Control,0.5138966508778058,log_odds
437,TRUE,FALSE,Grounding vs Control,0.2763203194811756,probability
437,TRUE,FALSE,Grounding vs Thematic,0.15784027384852933,probability
437,TRUE,FALSE,Thematic vs Control,0.11848004563264625,probability
438,TRUE,FALSE,Grounding vs Control,2.342152493489469,log_odds
438,TRUE,FALSE,Grounding vs Thematic,1.9642414944480848,log_odds
438,TRUE,FALSE,Thematic vs Control,0.3779109990413839,log_odds
438,TRUE,FALSE,Grounding vs Control,0.456483232540713,probability
438,TRUE,FALSE,Grounding vs Thematic,0.35027971422855725,probability
438,TRUE,FALSE,Thematic vs Control,0.10620351831215574,probability
439,TRUE,FALSE,Grounding vs Control,2.7578096269148533,log_odds
439,TRUE,FALSE,Grounding vs Thematic,0.8631596923678857,log_odds
439,TRUE,FALSE,Thematic vs Control,1.8946499345469674,log_odds
439,TRUE,FALSE,Grounding vs Control,0.5064199927367032,probability
439,TRUE,FALSE,Grounding vs Thematic,0.0718269822157005,probability
439,TRUE,FALSE,Thematic vs Control,0.43459301052100274,probability
440,TRUE,FALSE,Grounding vs Control,1.5705351541373287,log_odds
440,TRUE,FALSE,Grounding vs Thematic,0.544182716815087,log_odds
440,TRUE,FALSE,Thematic vs Control,1.0263524373222417,log_odds
440,TRUE,FALSE,Grounding vs Control,0.31896323738323296,probability
440,TRUE,FALSE,Grounding vs Thematic,0.08614777571863697,probability
440,TRUE,FALSE,Thematic vs Control,0.232815461664596,probability
441,TRUE,FALSE,Grounding vs Control,1.761168669594978,log_odds
441,TRUE,FALSE,Grounding vs Thematic,1.3303117629520536,log_odds
441,TRUE,FALSE,Thematic vs Control,0.4308569066429244,log_odds
441,TRUE,FALSE,Grounding vs Control,0.3280675502956499,probability
441,TRUE,FALSE,Grounding vs Thematic,0.22661215179982824,probability
441,TRUE,FALSE,Thematic vs Control,0.10145539849582164,probability
442,TRUE,FALSE,Grounding vs Control,1.5266055360746211,log_odds
442,TRUE,FALSE,Grounding vs Thematic,0.43570441405067717,log_odds
442,TRUE,FALSE,Thematic vs Control,1.090901122023944,log_odds
442,TRUE,FALSE,Grounding vs Control,0.29173708279416116,probability
442,TRUE,FALSE,Grounding vs Thematic,0.033925988951894415,probability
442,TRUE,FALSE,Thematic vs Control,0.25781109384226675,probability
443,TRUE,FALSE,Grounding vs Control,1.446592030495653,log_odds
443,TRUE,FALSE,Grounding vs Thematic,0.5240955846362345,log_odds
443,TRUE,FALSE,Thematic vs Control,0.9224964458594185,log_odds
443,TRUE,FALSE,Grounding vs Control,0.2364139896530138,probability
443,TRUE,FALSE,Grounding vs Thematic,0.038047014035392346,probability
443,TRUE,FALSE,Thematic vs Control,0.19836697561762145,probability
444,TRUE,FALSE,Grounding vs Control,1.5751386055557255,log_odds
444,TRUE,FALSE,Grounding vs Thematic,0.5096448285115012,log_odds
444,TRUE,FALSE,Thematic vs Control,1.0654937770442243,log_odds
444,TRUE,FALSE,Grounding vs Control,0.3222263076149496,probability
444,TRUE,FALSE,Grounding vs Thematic,0.10720070576099128,probability
444,TRUE,FALSE,Thematic vs Control,0.2150256018539583,probability
445,TRUE,FALSE,Grounding vs Control,1.530960059672571,log_odds
445,TRUE,FALSE,Grounding vs Thematic,1.3772734748010462,log_odds
445,TRUE,FALSE,Thematic vs Control,0.15368658487152487,log_odds
445,TRUE,FALSE,Grounding vs Control,0.2828408882228619,probability
445,TRUE,FALSE,Grounding vs Thematic,0.23567189748466688,probability
445,TRUE,FALSE,Thematic vs Control,0.04716899073819503,probability
446,TRUE,FALSE,Grounding vs Control,1.2070550935971762,log_odds
446,TRUE,FALSE,Grounding vs Thematic,0.5958018523112136,log_odds
446,TRUE,FALSE,Thematic vs Control,0.6112532412859625,log_odds
446,TRUE,FALSE,Grounding vs Control,0.21160519931438898,probability
446,TRUE,FALSE,Grounding vs Thematic,0.07750321635533125,probability
446,TRUE,FALSE,Thematic vs Control,0.13410198295905773,probability
447,TRUE,FALSE,Grounding vs Control,1.870137399922848,log_odds
447,TRUE,FALSE,Grounding vs Thematic,1.0795046252671578,log_odds
447,TRUE,FALSE,Thematic vs Control,0.7906327746556903,log_odds
447,TRUE,FALSE,Grounding vs Control,0.37351087331300564,probability
447,TRUE,FALSE,Grounding vs Thematic,0.19374952025200848,probability
447,TRUE,FALSE,Thematic vs Control,0.17976135306099716,probability
448,TRUE,FALSE,Grounding vs Control,1.7109432364352835,log_odds
448,TRUE,FALSE,Grounding vs Thematic,0.9911239157453937,log_odds
448,TRUE,FALSE,Thematic vs Control,0.7198193206898897,log_odds
448,TRUE,FALSE,Grounding vs Control,0.31818990557378546,probability
448,TRUE,FALSE,Grounding vs Thematic,0.1489410259770665,probability
448,TRUE,FALSE,Thematic vs Control,0.16924887959671897,probability
449,TRUE,FALSE,Grounding vs Control,1.574533157282136,log_odds
449,TRUE,FALSE,Grounding vs Thematic,0.4372649213792861,log_odds
449,TRUE,FALSE,Thematic vs Control,1.1372682359028499,log_odds
449,TRUE,FALSE,Grounding vs Control,0.3116872432783866,probability
449,TRUE,FALSE,Grounding vs Thematic,0.05567243348894385,probability
449,TRUE,FALSE,Thematic vs Control,0.25601480978944274,probability
450,TRUE,FALSE,Grounding vs Control,1.8851793149156042,log_odds
450,TRUE,FALSE,Grounding vs Thematic,1.246501804803436,log_odds
450,TRUE,FALSE,Thematic vs Control,0.6386775101121682,log_odds
450,TRUE,FALSE,Grounding vs Control,0.36561919952917915,probability
450,TRUE,FALSE,Grounding vs Thematic,0.2194665364967528,probability
450,TRUE,FALSE,Thematic vs Control,0.14615266303242636,probability
451,TRUE,FALSE,Grounding vs Control,1.3893459675431923,log_odds
451,TRUE,FALSE,Grounding vs Thematic,0.7494621013257887,log_odds
451,TRUE,FALSE,Thematic vs Control,0.6398838662174035,log_odds
451,TRUE,FALSE,Grounding vs Control,0.2751026335803644,probability
451,TRUE,FALSE,Grounding vs Thematic,0.1194083373793079,probability
451,TRUE,FALSE,Thematic vs Control,0.15569429620105651,probability
452,TRUE,FALSE,Grounding vs Control,1.3829455433661866,log_odds
452,TRUE,FALSE,Grounding vs Thematic,1.157530841846302,log_odds
452,TRUE,FALSE,Thematic vs Control,0.22541470151988474,log_odds
452,TRUE,FALSE,Grounding vs Control,0.2193030962218101,probability
452,TRUE,FALSE,Grounding vs Thematic,0.17373316707823222,probability
452,TRUE,FALSE,Thematic vs Control,0.04556992914357788,probability
453,TRUE,FALSE,Grounding vs Control,1.1943348091708164,log_odds
453,TRUE,FALSE,Grounding vs Thematic,0.5944835814406912,log_odds
453,TRUE,FALSE,Thematic vs Control,0.5998512277301251,log_odds
453,TRUE,FALSE,Grounding vs Control,0.22197784026341438,probability
453,TRUE,FALSE,Grounding vs Thematic,0.1266528708102247,probability
453,TRUE,FALSE,Thematic vs Control,0.09532496945318969,probability
454,TRUE,FALSE,Grounding vs Control,1.502543138150068,log_odds
454,TRUE,FALSE,Grounding vs Thematic,1.2998017479006818,log_odds
454,TRUE,FALSE,Thematic vs Control,0.2027413902493862,log_odds
454,TRUE,FALSE,Grounding vs Control,0.2699162764976539,probability
454,TRUE,FALSE,Grounding vs Thematic,0.2207843533852688,probability
454,TRUE,FALSE,Thematic vs Control,0.04913192311238507,probability
455,TRUE,FALSE,Grounding vs Control,1.724710509042359,log_odds
455,TRUE,FALSE,Grounding vs Thematic,1.0193847373598728,log_odds
455,TRUE,FALSE,Thematic vs Control,0.7053257716824861,log_odds
455,TRUE,FALSE,Grounding vs Control,0.34561402732190183,probability
455,TRUE,FALSE,Grounding vs Thematic,0.16352353805163317,probability
455,TRUE,FALSE,Thematic vs Control,0.18209048927026866,probability
456,TRUE,FALSE,Grounding vs Control,1.410066383942759,log_odds
456,TRUE,FALSE,Grounding vs Thematic,0.48481623317372,log_odds
456,TRUE,FALSE,Thematic vs Control,0.925250150769039,log_odds
456,TRUE,FALSE,Grounding vs Control,0.3020550866326882,probability
456,TRUE,FALSE,Grounding vs Thematic,0.07651351334735629,probability
456,TRUE,FALSE,Thematic vs Control,0.22554157328533192,probability
457,TRUE,FALSE,Grounding vs Control,1.9276718137362925,log_odds
457,TRUE,FALSE,Grounding vs Thematic,1.020860152936108,log_odds
457,TRUE,FALSE,Thematic vs Control,0.9068116608001844,log_odds
457,TRUE,FALSE,Grounding vs Control,0.38436959197256243,probability
457,TRUE,FALSE,Grounding vs Thematic,0.1650846783103706,probability
457,TRUE,FALSE,Thematic vs Control,0.21928491366219183,probability
458,TRUE,FALSE,Grounding vs Control,2.173571681213579,log_odds
458,TRUE,FALSE,Grounding vs Thematic,1.654162646002308,log_odds
458,TRUE,FALSE,Thematic vs Control,0.5194090352112708,log_odds
458,TRUE,FALSE,Grounding vs Control,0.32952874713540226,probability
458,TRUE,FALSE,Grounding vs Thematic,0.23393044394232176,probability
458,TRUE,FALSE,Thematic vs Control,0.09559830319308049,probability
459,TRUE,FALSE,Grounding vs Control,1.8067153901486885,log_odds
459,TRUE,FALSE,Grounding vs Thematic,1.159315693614311,log_odds
459,TRUE,FALSE,Thematic vs Control,0.6473996965343776,log_odds
459,TRUE,FALSE,Grounding vs Control,0.2918003158596201,probability
459,TRUE,FALSE,Grounding vs Thematic,0.14429217477269835,probability
459,TRUE,FALSE,Thematic vs Control,0.14750814108692173,probability
460,TRUE,FALSE,Grounding vs Control,2.189198681889267,log_odds
460,TRUE,FALSE,Grounding vs Thematic,1.5492092004924465,log_odds
460,TRUE,FALSE,Thematic vs Control,0.6399894813968208,log_odds
460,TRUE,FALSE,Grounding vs Control,0.4074471974558252,probability
460,TRUE,FALSE,Grounding vs Thematic,0.25152487784088445,probability
460,TRUE,FALSE,Thematic vs Control,0.15592231961494074,probability
461,TRUE,FALSE,Grounding vs Control,1.564874870623862,log_odds
461,TRUE,FALSE,Grounding vs Thematic,1.10861533524055,log_odds
461,TRUE,FALSE,Thematic vs Control,0.456259535383312,log_odds
461,TRUE,FALSE,Grounding vs Control,0.2726484756789929,probability
461,TRUE,FALSE,Grounding vs Thematic,0.16673014487605348,probability
461,TRUE,FALSE,Thematic vs Control,0.10591833080293944,probability
462,TRUE,FALSE,Grounding vs Control,1.8035812639995334,log_odds
462,TRUE,FALSE,Grounding vs Thematic,1.2794417276543373,log_odds
462,TRUE,FALSE,Thematic vs Control,0.5241395363451962,log_odds
462,TRUE,FALSE,Grounding vs Control,0.33627850216130173,probability
462,TRUE,FALSE,Grounding vs Thematic,0.20220616888185566,probability
462,TRUE,FALSE,Thematic vs Control,0.13407233327944607,probability
463,TRUE,FALSE,Grounding vs Control,1.697092952772898,log_odds
463,TRUE,FALSE,Grounding vs Thematic,1.158610416733732,log_odds
463,TRUE,FALSE,Thematic vs Control,0.5384825360391658,log_odds
463,TRUE,FALSE,Grounding vs Control,0.3214743514923838,probability
463,TRUE,FALSE,Grounding vs Thematic,0.1923904383959147,probability
463,TRUE,FALSE,Thematic vs Control,0.1290839130964691,probability
464,TRUE,FALSE,Grounding vs Control,1.3274846192329548,log_odds
464,TRUE,FALSE,Grounding vs Thematic,0.664168175145855,log_odds
464,TRUE,FALSE,Thematic vs Control,0.6633164440870998,log_odds
464,TRUE,FALSE,Grounding vs Control,0.27360658973276464,probability
464,TRUE,FALSE,Grounding vs Thematic,0.13105440959421177,probability
464,TRUE,FALSE,Thematic vs Control,0.14255218013855286,probability
465,TRUE,FALSE,Grounding vs Control,2.6443842673680504,log_odds
465,TRUE,FALSE,Grounding vs Thematic,1.4700533739676243,log_odds
465,TRUE,FALSE,Thematic vs Control,1.1743308934004264,log_odds
465,TRUE,FALSE,Grounding vs Control,0.5003758090491874,probability
465,TRUE,FALSE,Grounding vs Thematic,0.22587888016390634,probability
465,TRUE,FALSE,Thematic vs Control,0.27449692888528116,probability
466,TRUE,FALSE,Grounding vs Control,1.7392029808371907,log_odds
466,TRUE,FALSE,Grounding vs Thematic,0.8278649196967123,log_odds
466,TRUE,FALSE,Thematic vs Control,0.9113380611404784,log_odds
466,TRUE,FALSE,Grounding vs Control,0.3588058414852937,probability
466,TRUE,FALSE,Grounding vs Thematic,0.16546729051521408,probability
466,TRUE,FALSE,Thematic vs Control,0.19333855097007963,probability
467,TRUE,FALSE,Grounding vs Control,1.9379404213833809,log_odds
467,TRUE,FALSE,Grounding vs Thematic,1.28529293582866,log_odds
467,TRUE,FALSE,Thematic vs Control,0.6526474855547209,log_odds
467,TRUE,FALSE,Grounding vs Control,0.3823054647756666,probability
467,TRUE,FALSE,Grounding vs Thematic,0.22927954216744872,probability
467,TRUE,FALSE,Thematic vs Control,0.1530259226082179,probability
468,TRUE,FALSE,Grounding vs Control,2.04248677772039,log_odds
468,TRUE,FALSE,Grounding vs Thematic,1.7007637362470498,log_odds
468,TRUE,FALSE,Thematic vs Control,0.34172304147334037,log_odds
468,TRUE,FALSE,Grounding vs Control,0.3986240023427415,probability
468,TRUE,FALSE,Grounding vs Thematic,0.3148842606540753,probability
468,TRUE,FALSE,Thematic vs Control,0.08373974168866616,probability
469,TRUE,FALSE,Grounding vs Control,1.9124825194890498,log_odds
469,TRUE,FALSE,Grounding vs Thematic,1.0070635945572681,log_odds
469,TRUE,FALSE,Thematic vs Control,0.9054189249317818,log_odds
469,TRUE,FALSE,Grounding vs Control,0.3921057654006766,probability
469,TRUE,FALSE,Grounding vs Thematic,0.17245541156596134,probability
469,TRUE,FALSE,Thematic vs Control,0.21965035383471526,probability
470,TRUE,FALSE,Grounding vs Control,1.3449758896740442,log_odds
470,TRUE,FALSE,Grounding vs Thematic,0.9235978441689214,log_odds
470,TRUE,FALSE,Thematic vs Control,0.4213780455051228,log_odds
470,TRUE,FALSE,Grounding vs Control,0.2444422801765791,probability
470,TRUE,FALSE,Grounding vs Thematic,0.1564309012979614,probability
470,TRUE,FALSE,Thematic vs Control,0.08801137887861771,probability
471,TRUE,FALSE,Grounding vs Control,1.376771804287277,log_odds
471,TRUE,FALSE,Grounding vs Thematic,0.9258013842433626,log_odds
471,TRUE,FALSE,Thematic vs Control,0.4509704200439145,log_odds
471,TRUE,FALSE,Grounding vs Control,0.27023400236301365,probability
471,TRUE,FALSE,Grounding vs Thematic,0.16453087453272758,probability
471,TRUE,FALSE,Thematic vs Control,0.10570312783028607,probability
472,TRUE,FALSE,Grounding vs Control,1.4177979807533125,log_odds
472,TRUE,FALSE,Grounding vs Thematic,0.7950966508087292,log_odds
472,TRUE,FALSE,Thematic vs Control,0.6227013299445835,log_odds
472,TRUE,FALSE,Grounding vs Control,0.30972621482828394,probability
472,TRUE,FALSE,Grounding vs Thematic,0.16310415289565783,probability
472,TRUE,FALSE,Thematic vs Control,0.1466220619326261,probability
473,TRUE,FALSE,Grounding vs Control,0.8886472225791933,log_odds
473,TRUE,FALSE,Grounding vs Thematic,0.5031392955235101,log_odds
473,TRUE,FALSE,Thematic vs Control,0.38550792705568315,log_odds
473,TRUE,FALSE,Grounding vs Control,0.151492945271627,probability
473,TRUE,FALSE,Grounding vs Thematic,0.07692142601036844,probability
473,TRUE,FALSE,Thematic vs Control,0.07457151926125855,probability
474,TRUE,FALSE,Grounding vs Control,2.0435116788582146,log_odds
474,TRUE,FALSE,Grounding vs Thematic,1.2127227121636253,log_odds
474,TRUE,FALSE,Thematic vs Control,0.8307889666945891,log_odds
474,TRUE,FALSE,Grounding vs Control,0.39369363763152276,probability
474,TRUE,FALSE,Grounding vs Thematic,0.19869338171316003,probability
474,TRUE,FALSE,Thematic vs Control,0.19500025591836273,probability
475,TRUE,FALSE,Grounding vs Control,1.0897816717920499,log_odds
475,TRUE,FALSE,Grounding vs Thematic,0.6026931358221352,log_odds
475,TRUE,FALSE,Thematic vs Control,0.48708853596991475,log_odds
475,TRUE,FALSE,Grounding vs Control,0.2109601324145544,probability
475,TRUE,FALSE,Grounding vs Thematic,0.09388689744882317,probability
475,TRUE,FALSE,Thematic vs Control,0.11707323496573124,probability
476,TRUE,FALSE,Grounding vs Control,1.9201971801311633,log_odds
476,TRUE,FALSE,Grounding vs Thematic,1.0593336779941123,log_odds
476,TRUE,FALSE,Thematic vs Control,0.8608635021370511,log_odds
476,TRUE,FALSE,Grounding vs Control,0.3310481681502921,probability
476,TRUE,FALSE,Grounding vs Thematic,0.13272937726220413,probability
476,TRUE,FALSE,Thematic vs Control,0.19831879088808796,probability
477,TRUE,FALSE,Grounding vs Control,1.5166267553827735,log_odds
477,TRUE,FALSE,Grounding vs Thematic,0.79659836242928606,log_odds
477,TRUE,FALSE,Thematic vs Control,0.7200283929534874,log_odds
477,TRUE,FALSE,Grounding vs Control,0.30088490217262287,probability
477,TRUE,FALSE,Grounding vs Thematic,0.11861385852833434,probability
477,TRUE,FALSE,Thematic vs Control,0.18227104364428853,probability
478,TRUE,FALSE,Grounding vs Control,1.181729895885291,log_odds
478,TRUE,FALSE,Grounding vs Thematic,0.5792637373834892,log_odds
478,TRUE,FALSE,Thematic vs Control,0.6024661585018019,log_odds
478,TRUE,FALSE,Grounding vs Control,0.23421663423500322,probability
478,TRUE,FALSE,Grounding vs Thematic,0.09581880312180652,probability
478,TRUE,FALSE,Thematic vs Control,0.1383978311131967,probability
479,TRUE,FALSE,Grounding vs Control,1.5975201785502078,log_odds
479,TRUE,FALSE,Grounding vs Thematic,1.188957292130207,log_odds
479,TRUE,FALSE,Thematic vs Control,0.4085628864200007,log_odds
479,TRUE,FALSE,Grounding vs Control,0.2831614807756329,probability
479,TRUE,FALSE,Grounding vs Thematic,0.18830938196383434,probability
479,TRUE,FALSE,Thematic vs Control,0.09485209881179857,probability
480,TRUE,FALSE,Grounding vs Control,1.658253247485372,log_odds
480,TRUE,FALSE,Grounding vs Thematic,1.2463448047244823,log_odds
480,TRUE,FALSE,Thematic vs Control,0.41190844276088956,log_odds
480,TRUE,FALSE,Grounding vs Control,0.2994908360543682,probability
480,TRUE,FALSE,Grounding vs Thematic,0.17936389895690802,probability
480,TRUE,FALSE,Thematic vs Control,0.12012693709746017,probability
481,TRUE,FALSE,Grounding vs Control,2.4019912149601605,log_odds
481,TRUE,FALSE,Grounding vs Thematic,1.4427976935645297,log_odds
481,TRUE,FALSE,Thematic vs Control,0.9591935213956306,log_odds
481,TRUE,FALSE,Grounding vs Control,0.43552110470642647,probability
481,TRUE,FALSE,Grounding vs Thematic,0.21636622833025992,probability
481,TRUE,FALSE,Thematic vs Control,0.21915487637616654,probability
482,TRUE,FALSE,Grounding vs Control,1.589122849301218,log_odds
482,TRUE,FALSE,Grounding vs Thematic,0.8475398954246018,log_odds
482,TRUE,FALSE,Thematic vs Control,0.7415829538766162,log_odds
482,TRUE,FALSE,Grounding vs Control,0.3027841049805841,probability
482,TRUE,FALSE,Grounding vs Thematic,0.1259232496312847,probability
482,TRUE,FALSE,Thematic vs Control,0.1768608553492994,probability
483,TRUE,FALSE,Grounding vs Control,1.9623059103000537,log_odds
483,TRUE,FALSE,Grounding vs Thematic,1.658849970413569,log_odds
483,TRUE,FALSE,Thematic vs Control,0.3034559398864848,log_odds
483,TRUE,FALSE,Grounding vs Control,0.3431486089819283,probability
483,TRUE,FALSE,Grounding vs Thematic,0.2661491016239661,probability
483,TRUE,FALSE,Thematic vs Control,0.07699950735796218,probability
484,TRUE,FALSE,Grounding vs Control,1.5524496286432516,log_odds
484,TRUE,FALSE,Grounding vs Thematic,0.9328692929681464,log_odds
484,TRUE,FALSE,Thematic vs Control,0.6195803356751053,log_odds
484,TRUE,FALSE,Grounding vs Control,0.2747179090175629,probability
484,TRUE,FALSE,Grounding vs Thematic,0.13529846651935595,probability
484,TRUE,FALSE,Thematic vs Control,0.13941944249820692,probability
485,TRUE,FALSE,Grounding vs Control,1.4672523998504676,log_odds
485,TRUE,FALSE,Grounding vs Thematic,1.1722562846391322,log_odds
485,TRUE,FALSE,Thematic vs Control,0.2949961152113354,log_odds
485,TRUE,FALSE,Grounding vs Control,0.2332900491093079,probability
485,TRUE,FALSE,Grounding vs Thematic,0.16382871850150782,probability
485,TRUE,FALSE,Thematic vs Control,0.06946133060780008,probability
486,TRUE,FALSE,Grounding vs Control,1.6647052479600186,log_odds
486,TRUE,FALSE,Grounding vs Thematic,0.9816577375289206,log_odds
486,TRUE,FALSE,Thematic vs Control,0.683047510431098,log_odds
486,TRUE,FALSE,Grounding vs Control,0.31630953747439766,probability
486,TRUE,FALSE,Grounding vs Thematic,0.166151229939289,probability
486,TRUE,FALSE,Thematic vs Control,0.15015830753510867,probability
487,TRUE,FALSE,Grounding vs Control,1.627288392243683,log_odds
487,TRUE,FALSE,Grounding vs Thematic,0.9999844303860668,log_odds
487,TRUE,FALSE,Thematic vs Control,0.6273039618576163,log_odds
487,TRUE,FALSE,Grounding vs Control,0.27266906116761663,probability
487,TRUE,FALSE,Grounding vs Thematic,0.12520409962788004,probability
487,TRUE,FALSE,Thematic vs Control,0.1474649615397366,probability
488,TRUE,FALSE,Grounding vs Control,1.926190584269136,log_odds
488,TRUE,FALSE,Grounding vs Thematic,0.7919525379056687,log_odds
488,TRUE,FALSE,Thematic vs Control,1.1342380463634674,log_odds
488,TRUE,FALSE,Grounding vs Control,0.38054280468191365,probability
488,TRUE,FALSE,Grounding vs Thematic,0.11438143629620612,probability
488,TRUE,FALSE,Thematic vs Control,0.26616136838570753,probability
489,TRUE,FALSE,Grounding vs Control,2.08302864491202,log_odds
489,TRUE,FALSE,Grounding vs Thematic,1.121742792422228,log_odds
489,TRUE,FALSE,Thematic vs Control,0.9612858524897916,log_odds
489,TRUE,FALSE,Grounding vs Control,0.4097699154401064,probability
489,TRUE,FALSE,Grounding vs Thematic,0.181413873628275,probability
489,TRUE,FALSE,Thematic vs Control,0.2283560418118314,probability
490,TRUE,FALSE,Grounding vs Control,2.048750781521196,log_odds
490,TRUE,FALSE,Grounding vs Thematic,1.7570713685219062,log_odds
490,TRUE,FALSE,Thematic vs Control,0.2916794129992897,log_odds
490,TRUE,FALSE,Grounding vs Control,0.4331899172687914,probability
490,TRUE,FALSE,Grounding vs Thematic,0.3593836899810067,probability
490,TRUE,FALSE,Thematic vs Control,0.07380622728778469,probability
491,TRUE,FALSE,Grounding vs Control,1.5806142758222372,log_odds
491,TRUE,FALSE,Grounding vs Thematic,0.9732699729651122,log_odds
491,TRUE,FALSE,Thematic vs Control,0.607344302857125,log_odds
491,TRUE,FALSE,Grounding vs Control,0.3166362629453695,probability
491,TRUE,FALSE,Grounding vs Thematic,0.1731412208414702,probability
491,TRUE,FALSE,Thematic vs Control,0.1434950421038993,probability
492,TRUE,FALSE,Grounding vs Control,1.114029380034815,log_odds
492,TRUE,FALSE,Grounding vs Thematic,0.4800439327713413,log_odds
492,TRUE,FALSE,Thematic vs Control,0.6339854472634737,log_odds
492,TRUE,FALSE,Grounding vs Control,0.22711134724594267,probability
492,TRUE,FALSE,Grounding vs Thematic,0.09066174017944106,probability
492,TRUE,FALSE,Thematic vs Control,0.1364496070665016,probability
493,TRUE,FALSE,Grounding vs Control,1.3921869013709336,log_odds
493,TRUE,FALSE,Grounding vs Thematic,0.7823105271175701,log_odds
493,TRUE,FALSE,Thematic vs Control,0.6098763742533635,log_odds
493,TRUE,FALSE,Grounding vs Control,0.27811871283183953,probability
493,TRUE,FALSE,Grounding vs Thematic,0.13268934533383503,probability
493,TRUE,FALSE,Thematic vs Control,0.1454293674980045,probability
494,TRUE,FALSE,Grounding vs Control,2.144869666739877,log_odds
494,TRUE,FALSE,Grounding vs Thematic,0.43378908441782027,log_odds
494,TRUE,FALSE,Thematic vs Control,1.7110805823220567,log_odds
494,TRUE,FALSE,Grounding vs Control,0.44870721092734567,probability
494,TRUE,FALSE,Grounding vs Thematic,0.06863434410126912,probability
494,TRUE,FALSE,Thematic vs Control,0.38007286682607655,probability
495,TRUE,FALSE,Grounding vs Control,1.0704138666316925,log_odds
495,TRUE,FALSE,Grounding vs Thematic,0.6407995893697244,log_odds
495,TRUE,FALSE,Thematic vs Control,0.4296142772619682,log_odds
495,TRUE,FALSE,Grounding vs Control,0.1784792625722884,probability
495,TRUE,FALSE,Grounding vs Thematic,0.07544204852020697,probability
495,TRUE,FALSE,Thematic vs Control,0.10303721405208144,probability
496,TRUE,FALSE,Grounding vs Control,1.2448002178811612,log_odds
496,TRUE,FALSE,Grounding vs Thematic,0.9437798691693111,log_odds
496,TRUE,FALSE,Thematic vs Control,0.30102034871185,log_odds
496,TRUE,FALSE,Grounding vs Control,0.23948233662001978,probability
496,TRUE,FALSE,Grounding vs Thematic,0.16942528426094983,probability
496,TRUE,FALSE,Thematic vs Control,0.07005705235906995,probability
497,TRUE,FALSE,Grounding vs Control,1.4402633091163324,log_odds
497,TRUE,FALSE,Grounding vs Thematic,1.043651749493246,log_odds
497,TRUE,FALSE,Thematic vs Control,0.39661155962308636,log_odds
497,TRUE,FALSE,Grounding vs Control,0.2498678184177282,probability
497,TRUE,FALSE,Grounding vs Thematic,0.16549667201721868,probability
497,TRUE,FALSE,Thematic vs Control,0.08437114640050952,probability
498,TRUE,FALSE,Grounding vs Control,1.3471629420007265,log_odds
498,TRUE,FALSE,Grounding vs Thematic,1.5411478615793266,log_odds
498,TRUE,FALSE,Thematic vs Control,-0.1939849195786001,log_odds
498,TRUE,FALSE,Grounding vs Control,0.23292640095753575,probability
498,TRUE,FALSE,Grounding vs Thematic,0.28636100293535127,probability
498,TRUE,FALSE,Thematic vs Control,-0.05343460197781552,probability
499,TRUE,FALSE,Grounding vs Control,1.3766340330264955,log_odds
499,TRUE,FALSE,Grounding vs Thematic,0.91235814332627,log_odds
499,TRUE,FALSE,Thematic vs Control,0.4642758897002254,log_odds
499,TRUE,FALSE,Grounding vs Control,0.2682497686329433,probability
499,TRUE,FALSE,Grounding vs Thematic,0.1592892279889364,probability
499,TRUE,FALSE,Thematic vs Control,0.1089605406440069,probability
500,TRUE,FALSE,Grounding vs Control,2.3047656972555366,log_odds
500,TRUE,FALSE,Grounding vs Thematic,1.0217368681024883,log_odds
500,TRUE,FALSE,Thematic vs Control,1.2830288291530483,log_odds
500,TRUE,FALSE,Grounding vs Control,0.4610939090494426,probability
500,TRUE,FALSE,Grounding vs Thematic,0.1560253552299155,probability
500,TRUE,FALSE,Thematic vs Control,0.3050685538195271,probability
501,TRUE,FALSE,Grounding vs Control,1.2844621518768702,log_odds
501,TRUE,FALSE,Grounding vs Thematic,0.6632030960982802,log_odds
501,TRUE,FALSE,Thematic vs Control,0.6212590557785899,log_odds
501,TRUE,FALSE,Grounding vs Control,0.21288262522763268,probability
501,TRUE,FALSE,Grounding vs Thematic,0.09285426984827261,probability
501,TRUE,FALSE,Thematic vs Control,0.12002835537936007,probability
502,TRUE,FALSE,Grounding vs Control,1.496162114093316,log_odds
502,TRUE,FALSE,Grounding vs Thematic,0.92230228908908,log_odds
502,TRUE,FALSE,Thematic vs Control,0.5738598250042359,log_odds
502,TRUE,FALSE,Grounding vs Control,0.25836389922806885,probability
502,TRUE,FALSE,Grounding vs Thematic,0.12872859170856682,probability
502,TRUE,FALSE,Thematic vs Control,0.12963530751950203,probability
503,TRUE,FALSE,Grounding vs Control,1.3586093810128286,log_odds
503,TRUE,FALSE,Grounding vs Thematic,0.7227641808655165,log_odds
503,TRUE,FALSE,Thematic vs Control,0.635845200147312,log_odds
503,TRUE,FALSE,Grounding vs Control,0.19183800860839118,probability
503,TRUE,FALSE,Grounding vs Thematic,0.04648232798932572,probability
503,TRUE,FALSE,Thematic vs Control,0.14535568061906545,probability
504,TRUE,FALSE,Grounding vs Control,1.7799792462213968,log_odds
504,TRUE,FALSE,Grounding vs Thematic,0.7213754716455258,log_odds
504,TRUE,FALSE,Thematic vs Control,1.058603774575871,log_odds
504,TRUE,FALSE,Grounding vs Control,0.33862656817524667,probability
504,TRUE,FALSE,Grounding vs Thematic,0.09297765111100176,probability
504,TRUE,FALSE,Thematic vs Control,0.2456489170642449,probability
505,TRUE,FALSE,Grounding vs Control,1.1938619578440666,log_odds
505,TRUE,FALSE,Grounding vs Thematic,0.854571833732992,log_odds
505,TRUE,FALSE,Thematic vs Control,0.3392901241110746,log_odds
505,TRUE,FALSE,Grounding vs Control,0.22049124507994705,probability
505,TRUE,FALSE,Grounding vs Thematic,0.1398102988392223,probability
505,TRUE,FALSE,Thematic vs Control,0.08068094624072475,probability
506,TRUE,FALSE,Grounding vs Control,1.0630505384202906,log_odds
506,TRUE,FALSE,Grounding vs Thematic,0.379058554429476,log_odds
506,TRUE,FALSE,Thematic vs Control,0.6839919839908147,log_odds
506,TRUE,FALSE,Grounding vs Control,0.21701595816728259,probability
506,TRUE,FALSE,Grounding vs Thematic,0.05923492485930487,probability
506,TRUE,FALSE,Thematic vs Control,0.15778103330797771,probability
507,TRUE,FALSE,Grounding vs Control,1.7120651626428791,log_odds
507,TRUE,FALSE,Grounding vs Thematic,1.356138995696496,log_odds
507,TRUE,FALSE,Thematic vs Control,0.35592616694638324,log_odds
507,TRUE,FALSE,Grounding vs Control,0.286923053533118,probability
507,TRUE,FALSE,Grounding vs Thematic,0.1992885281726206,probability
507,TRUE,FALSE,Thematic vs Control,0.08763452536049737,probability
508,TRUE,FALSE,Grounding vs Control,0.9861803060156498,log_odds
508,TRUE,FALSE,Grounding vs Thematic,0.7188115038192062,log_odds
508,TRUE,FALSE,Thematic vs Control,0.26736880219644354,log_odds
508,TRUE,FALSE,Grounding vs Control,0.1735089055868782,probability
508,TRUE,FALSE,Grounding vs Thematic,0.1109016978424987,probability
508,TRUE,FALSE,Thematic vs Control,0.0626072077443795,probability
509,TRUE,FALSE,Grounding vs Control,2.2668435058680694,log_odds
509,TRUE,FALSE,Grounding vs Thematic,1.4837762287522855,log_odds
509,TRUE,FALSE,Thematic vs Control,0.7830672771157838,log_odds
509,TRUE,FALSE,Grounding vs Control,0.41430890779294344,probability
509,TRUE,FALSE,Grounding vs Thematic,0.23365153806606948,probability
509,TRUE,FALSE,Thematic vs Control,0.18065736972687396,probability
510,TRUE,FALSE,Grounding vs Control,1.4081806113079383,log_odds
510,TRUE,FALSE,Grounding vs Thematic,1.3620212417117517,log_odds
510,TRUE,FALSE,Thematic vs Control,0.046159369596186495,log_odds
510,TRUE,FALSE,Grounding vs Control,0.24782780551525557,probability
510,TRUE,FALSE,Grounding vs Thematic,0.2415484687124656,probability
510,TRUE,FALSE,Thematic vs Control,0.00627933680278997,probability
511,TRUE,FALSE,Grounding vs Control,2.2128495902233456,log_odds
511,TRUE,FALSE,Grounding vs Thematic,1.5209325464561134,log_odds
511,TRUE,FALSE,Thematic vs Control,0.6919170437672323,log_odds
511,TRUE,FALSE,Grounding vs Control,0.42204894396049325,probability
511,TRUE,FALSE,Grounding vs Thematic,0.26202339632676364,probability
511,TRUE,FALSE,Thematic vs Control,0.16002554763372961,probability
512,TRUE,FALSE,Grounding vs Control,1.658286476380308,log_odds
512,TRUE,FALSE,Grounding vs Thematic,0.8664026419388275,log_odds
512,TRUE,FALSE,Thematic vs Control,0.7918838344414804,log_odds
512,TRUE,FALSE,Grounding vs Control,0.31629156305850503,probability
512,TRUE,FALSE,Grounding vs Thematic,0.13334337094499193,probability
512,TRUE,FALSE,Thematic vs Control,0.1829481921135131,probability
513,TRUE,FALSE,Grounding vs Control,2.0163644471919335,log_odds
513,TRUE,FALSE,Grounding vs Thematic,1.7934385456999218,log_odds
513,TRUE,FALSE,Thematic vs Control,0.22292590149201164,log_odds
513,TRUE,FALSE,Grounding vs Control,0.35779122676107683,probability
513,TRUE,FALSE,Grounding vs Thematic,0.3016161335294551,probability
513,TRUE,FALSE,Thematic vs Control,0.05617509323162173,probability
514,TRUE,FALSE,Grounding vs Control,1.7189800250263287,log_odds
514,TRUE,FALSE,Grounding vs Thematic,0.9790855437623185,log_odds
514,TRUE,FALSE,Thematic vs Control,0.7398944812640103,log_odds
514,TRUE,FALSE,Grounding vs Control,0.30177728551519406,probability
514,TRUE,FALSE,Grounding vs Thematic,0.12490217633747347,probability
514,TRUE,FALSE,Thematic vs Control,0.1768751091777206,probability
515,TRUE,FALSE,Grounding vs Control,1.6598148328513587,log_odds
515,TRUE,FALSE,Grounding vs Thematic,1.324575914507304,log_odds
515,TRUE,FALSE,Thematic vs Control,0.33523891834405456,log_odds
515,TRUE,FALSE,Grounding vs Control,0.31211177342654306,probability
515,TRUE,FALSE,Grounding vs Thematic,0.2306360772594967,probability
515,TRUE,FALSE,Thematic vs Control,0.08147569616704636,probability
516,TRUE,FALSE,Grounding vs Control,1.2608437718947676,log_odds
516,TRUE,FALSE,Grounding vs Thematic,0.8071512927686328,log_odds
516,TRUE,FALSE,Thematic vs Control,0.4536924791261348,log_odds
516,TRUE,FALSE,Grounding vs Control,0.2472761264506526,probability
516,TRUE,FALSE,Grounding vs Thematic,0.13557857837803128,probability
516,TRUE,FALSE,Thematic vs Control,0.11169754807262133,probability
517,TRUE,FALSE,Grounding vs Control,1.9527931809176156,log_odds
517,TRUE,FALSE,Grounding vs Thematic,1.1793121532926116,log_odds
517,TRUE,FALSE,Thematic vs Control,0.7734810276250039,log_odds
517,TRUE,FALSE,Grounding vs Control,0.37014530190548417,probability
517,TRUE,FALSE,Grounding vs Thematic,0.19542801297607426,probability
517,TRUE,FALSE,Thematic vs Control,0.1747172889294099,probability
518,TRUE,FALSE,Grounding vs Control,0.8606693100465099,log_odds
518,TRUE,FALSE,Grounding vs Thematic,0.3845628499037488,log_odds
518,TRUE,FALSE,Thematic vs Control,0.47610646014276115,log_odds
518,TRUE,FALSE,Grounding vs Control,0.151433968733015,probability
518,TRUE,FALSE,Grounding vs Thematic,0.039270299111917095,probability
518,TRUE,FALSE,Thematic vs Control,0.11216366962109792,probability
519,TRUE,FALSE,Grounding vs Control,1.3134251600031424,log_odds
519,TRUE,FALSE,Grounding vs Thematic,1.077888469947718,log_odds
519,TRUE,FALSE,Thematic vs Control,0.23553669005542432,log_odds
519,TRUE,FALSE,Grounding vs Control,0.20228009360678578,probability
519,TRUE,FALSE,Grounding vs Thematic,0.15212862755177115,probability
519,TRUE,FALSE,Thematic vs Control,0.05015146605501464,probability
520,TRUE,FALSE,Grounding vs Control,1.487159233982043,log_odds
520,TRUE,FALSE,Grounding vs Thematic,0.9619946800165649,log_odds
520,TRUE,FALSE,Thematic vs Control,0.5251645539654781,log_odds
520,TRUE,FALSE,Grounding vs Control,0.298385376538366,probability
520,TRUE,FALSE,Grounding vs Thematic,0.17564217068601679,probability
520,TRUE,FALSE,Thematic vs Control,0.12274320585234921,probability
521,TRUE,FALSE,Grounding vs Control,2.105710812261605,log_odds
521,TRUE,FALSE,Grounding vs Thematic,0.7123236829494795,log_odds
521,TRUE,FALSE,Thematic vs Control,1.3933871293121252,log_odds
521,TRUE,FALSE,Grounding vs Control,0.44887483954389945,probability
521,TRUE,FALSE,Grounding vs Thematic,0.13116338652891213,probability
521,TRUE,FALSE,Thematic vs Control,0.3177114530149873,probability
522,TRUE,FALSE,Grounding vs Control,2.0670062189248632,log_odds
522,TRUE,FALSE,Grounding vs Thematic,1.624623254260519,log_odds
522,TRUE,FALSE,Thematic vs Control,0.44238296466434435,log_odds
522,TRUE,FALSE,Grounding vs Control,0.37980748542152715,probability
522,TRUE,FALSE,Grounding vs Thematic,0.26689487736876916,probability
522,TRUE,FALSE,Thematic vs Control,0.11291260805275799,probability
523,TRUE,FALSE,Grounding vs Control,1.3990882632356079,log_odds
523,TRUE,FALSE,Grounding vs Thematic,0.6256976282651887,log_odds
523,TRUE,FALSE,Thematic vs Control,0.773390634970419,log_odds
523,TRUE,FALSE,Grounding vs Control,0.21308219352604152,probability
523,TRUE,FALSE,Grounding vs Thematic,0.04424939575124631,probability
523,TRUE,FALSE,Thematic vs Control,0.1688327977747952,probability
524,TRUE,FALSE,Grounding vs Control,1.4617521272507377,log_odds
524,TRUE,FALSE,Grounding vs Thematic,0.8190290695171294,log_odds
524,TRUE,FALSE,Thematic vs Control,0.6427230577336083,log_odds
524,TRUE,FALSE,Grounding vs Control,0.26185752738577917,probability
524,TRUE,FALSE,Grounding vs Thematic,0.1085822996608049,probability
524,TRUE,FALSE,Thematic vs Control,0.15327522772497426,probability
525,TRUE,FALSE,Grounding vs Control,1.797742443208398,log_odds
525,TRUE,FALSE,Grounding vs Thematic,1.0447847164743382,log_odds
525,TRUE,FALSE,Thematic vs Control,0.7529577267340597,log_odds
525,TRUE,FALSE,Grounding vs Control,0.3460356497456369,probability
525,TRUE,FALSE,Grounding vs Thematic,0.1667211775893957,probability
525,TRUE,FALSE,Thematic vs Control,0.1793144721562412,probability
526,TRUE,FALSE,Grounding vs Control,1.94990212524139,log_odds
526,TRUE,FALSE,Grounding vs Thematic,1.3532236491949172,log_odds
526,TRUE,FALSE,Thematic vs Control,0.5966784760464726,log_odds
526,TRUE,FALSE,Grounding vs Control,0.3562588519350955,probability
526,TRUE,FALSE,Grounding vs Thematic,0.21656606013341384,probability
526,TRUE,FALSE,Thematic vs Control,0.13969279180168165,probability
527,TRUE,FALSE,Grounding vs Control,1.5754771942960646,log_odds
527,TRUE,FALSE,Grounding vs Thematic,0.7461710712900826,log_odds
527,TRUE,FALSE,Thematic vs Control,0.8293061230059819,log_odds
527,TRUE,FALSE,Grounding vs Control,0.3367104947324372,probability
527,TRUE,FALSE,Grounding vs Thematic,0.13303909801823183,probability
527,TRUE,FALSE,Thematic vs Control,0.20367139671420537,probability
528,TRUE,FALSE,Grounding vs Control,1.7752129064021132,log_odds
528,TRUE,FALSE,Grounding vs Thematic,0.8835295658135567,log_odds
528,TRUE,FALSE,Thematic vs Control,0.8916833405885565,log_odds
528,TRUE,FALSE,Grounding vs Control,0.38704553136766945,probability
528,TRUE,FALSE,Grounding vs Thematic,0.17160459420033702,probability
528,TRUE,FALSE,Thematic vs Control,0.21544093716733242,probability
529,TRUE,FALSE,Grounding vs Control,1.48294650550388,log_odds
529,TRUE,FALSE,Grounding vs Thematic,0.8179319766188426,log_odds
529,TRUE,FALSE,Thematic vs Control,0.6650145288850373,log_odds
529,TRUE,FALSE,Grounding vs Control,0.24713655064687284,probability
529,TRUE,FALSE,Grounding vs Thematic,0.09039438214605561,probability
529,TRUE,FALSE,Thematic vs Control,0.15674216850081724,probability
530,TRUE,FALSE,Grounding vs Control,1.6594251085996485,log_odds
530,TRUE,FALSE,Grounding vs Thematic,0.9341519037679353,log_odds
530,TRUE,FALSE,Thematic vs Control,0.7252732048317131,log_odds
530,TRUE,FALSE,Grounding vs Control,0.21695591086346805,probability
530,TRUE,FALSE,Grounding vs Thematic,0.07444742149323325,probability
530,TRUE,FALSE,Thematic vs Control,0.1425084893702348,probability
531,TRUE,FALSE,Grounding vs Control,2.099526407899986,log_odds
531,TRUE,FALSE,Grounding vs Thematic,1.3696032697836769,log_odds
531,TRUE,FALSE,Thematic vs Control,0.7299231381163089,log_odds
531,TRUE,FALSE,Grounding vs Control,0.3652182855422449,probability
531,TRUE,FALSE,Grounding vs Thematic,0.1917897183657365,probability
531,TRUE,FALSE,Thematic vs Control,0.1734285671765084,probability
532,TRUE,FALSE,Grounding vs Control,1.827246222226932,log_odds
532,TRUE,FALSE,Grounding vs Thematic,1.2489198657574319,log_odds
532,TRUE,FALSE,Thematic vs Control,0.5783263564695,log_odds
532,TRUE,FALSE,Grounding vs Control,0.3487270308252013,probability
532,TRUE,FALSE,Grounding vs Thematic,0.20990309581471872,probability
532,TRUE,FALSE,Thematic vs Control,0.13882393501048257,probability
533,TRUE,FALSE,Grounding vs Control,1.4253336203853606,log_odds
533,TRUE,FALSE,Grounding vs Thematic,0.73559278855182475,log_odds
533,TRUE,FALSE,Thematic vs Control,0.6897408318335359,log_odds
533,TRUE,FALSE,Grounding vs Control,0.29376304494525096,probability
533,TRUE,FALSE,Grounding vs Thematic,0.11151773559045175,probability
533,TRUE,FALSE,Thematic vs Control,0.1822453093547992,probability
534,TRUE,FALSE,Grounding vs Control,1.6515875773339839,log_odds
534,TRUE,FALSE,Grounding vs Thematic,1.0507985558740374,log_odds
534,TRUE,FALSE,Thematic vs Control,0.6007890214599464,log_odds
534,TRUE,FALSE,Grounding vs Control,0.3152360211002774,probability
534,TRUE,FALSE,Grounding vs Thematic,0.17007921081433763,probability
534,TRUE,FALSE,Thematic vs Control,0.14515681028593974,probability
535,TRUE,FALSE,Grounding vs Control,1.7565854657766247,log_odds
535,TRUE,FALSE,Grounding vs Thematic,1.0783156700233982,log_odds
535,TRUE,FALSE,Thematic vs Control,0.6782697957532265,log_odds
535,TRUE,FALSE,Grounding vs Control,0.3399886872251535,probability
535,TRUE,FALSE,Grounding vs Thematic,0.1826499940613317,probability
535,TRUE,FALSE,Thematic vs Control,0.15733869316382182,probability
536,TRUE,FALSE,Grounding vs Control,1.497695090790681,log_odds
536,TRUE,FALSE,Grounding vs Thematic,0.7060224470875478,log_odds
536,TRUE,FALSE,Thematic vs Control,0.7916726437031332,log_odds
536,TRUE,FALSE,Grounding vs Control,0.21131601589195986,probability
536,TRUE,FALSE,Grounding vs Thematic,0.04678901024683568,probability
536,TRUE,FALSE,Thematic vs Control,0.16452700564512418,probability
537,TRUE,FALSE,Grounding vs Control,1.098445463722467,log_odds
537,TRUE,FALSE,Grounding vs Thematic,1.1298795322709596,log_odds
537,TRUE,FALSE,Thematic vs Control,-0.03143406854849251,log_odds
537,TRUE,FALSE,Grounding vs Control,0.13886411962381517,probability
537,TRUE,FALSE,Grounding vs Thematic,0.15924437563042326,probability
537,TRUE,FALSE,Thematic vs Control,-0.02038025600660809,probability
538,TRUE,FALSE,Grounding vs Control,1.916456331703582,log_odds
538,TRUE,FALSE,Grounding vs Thematic,1.2204773707331613,log_odds
538,TRUE,FALSE,Thematic vs Control,0.6959789609704207,log_odds
538,TRUE,FALSE,Grounding vs Control,0.35610476684541303,probability
538,TRUE,FALSE,Grounding vs Thematic,0.2124122164243466,probability
538,TRUE,FALSE,Thematic vs Control,0.14369255042106643,probability
539,TRUE,FALSE,Grounding vs Control,1.6013548401442657,log_odds
539,TRUE,FALSE,Grounding vs Thematic,1.2760271384019346,log_odds
539,TRUE,FALSE,Thematic vs Control,0.32532770174233105,log_odds
539,TRUE,FALSE,Grounding vs Control,0.2998374224691719,probability
539,TRUE,FALSE,Grounding vs Thematic,0.22666291786450277,probability
539,TRUE,FALSE,Thematic vs Control,0.07317450460466912,probability
540,TRUE,FALSE,Grounding vs Control,1.5987703077267845,log_odds
540,TRUE,FALSE,Grounding vs Thematic,1.1433117186978254,log_odds
540,TRUE,FALSE,Thematic vs Control,0.4554585890289591,log_odds
540,TRUE,FALSE,Grounding vs Control,0.3147437479051985,probability
540,TRUE,FALSE,Grounding vs Thematic,0.20835002475644682,probability
540,TRUE,FALSE,Thematic vs Control,0.10639372314875167,probability
541,TRUE,FALSE,Grounding vs Control,1.5248941599657109,log_odds
541,TRUE,FALSE,Grounding vs Thematic,1.1266444776032087,log_odds
541,TRUE,FALSE,Thematic vs Control,0.39824968236250213,log_odds
541,TRUE,FALSE,Grounding vs Control,0.3124411702623989,probability
541,TRUE,FALSE,Grounding vs Thematic,0.21692048648891715,probability
541,TRUE,FALSE,Thematic vs Control,0.09552068377348177,probability
542,TRUE,FALSE,Grounding vs Control,1.2422042728262452,log_odds
542,TRUE,FALSE,Grounding vs Thematic,0.26875275526241627,log_odds
542,TRUE,FALSE,Thematic vs Control,0.973451517563829,log_odds
542,TRUE,FALSE,Grounding vs Control,0.24525727530521385,probability
542,TRUE,FALSE,Grounding vs Thematic,0.04469599330089913,probability
542,TRUE,FALSE,Thematic vs Control,0.20056128200431472,probability
543,TRUE,FALSE,Grounding vs Control,1.5134522936878732,log_odds
543,TRUE,FALSE,Grounding vs Thematic,1.1004352544477496,log_odds
543,TRUE,FALSE,Thematic vs Control,0.41301703924012373,log_odds
543,TRUE,FALSE,Grounding vs Control,0.2831926728153258,probability
543,TRUE,FALSE,Grounding vs Thematic,0.18777572623006222,probability
543,TRUE,FALSE,Thematic vs Control,0.09541694658526356,probability
544,TRUE,FALSE,Grounding vs Control,1.4402012425410127,log_odds
544,TRUE,FALSE,Grounding vs Thematic,0.945133874036702,log_odds
544,TRUE,FALSE,Thematic vs Control,0.49506736850431066,log_odds
544,TRUE,FALSE,Grounding vs Control,0.23373645771289198,probability
544,TRUE,FALSE,Grounding vs Thematic,0.11524513734050656,probability
544,TRUE,FALSE,Thematic vs Control,0.11849132037238541,probability
545,TRUE,FALSE,Grounding vs Control,1.346231051133916,log_odds
545,TRUE,FALSE,Grounding vs Thematic,0.7101033612799414,log_odds
545,TRUE,FALSE,Thematic vs Control,0.6361276898539745,log_odds
545,TRUE,FALSE,Grounding vs Control,0.254265385219646,probability
545,TRUE,FALSE,Grounding vs Thematic,0.10230081288232945,probability
545,TRUE,FALSE,Thematic vs Control,0.15196457233731653,probability
546,TRUE,FALSE,Grounding vs Control,1.3780987681916197,log_odds
546,TRUE,FALSE,Grounding vs Thematic,0.6457474743587519,log_odds
546,TRUE,FALSE,Thematic vs Control,0.7323512938328678,log_odds
546,TRUE,FALSE,Grounding vs Control,0.29362883226118874,probability
546,TRUE,FALSE,Grounding vs Thematic,0.12338189148340345,probability
546,TRUE,FALSE,Thematic vs Control,0.1702469407777853,probability
547,TRUE,FALSE,Grounding vs Control,0.895629320643615,log_odds
547,TRUE,FALSE,Grounding vs Thematic,0.9365403328842299,log_odds
547,TRUE,FALSE,Thematic vs Control,-0.040911012240614886,log_odds
547,TRUE,FALSE,Grounding vs Control,0.1360290357743162,probability
547,TRUE,FALSE,Grounding vs Thematic,0.1454926727923158,probability
547,TRUE,FALSE,Thematic vs Control,-0.009463637017999627,probability
548,TRUE,FALSE,Grounding vs Control,0.8897193646143762,log_odds
548,TRUE,FALSE,Grounding vs Thematic,0.09998222019528313,log_odds
548,TRUE,FALSE,Thematic vs Control,0.789737144419093,log_odds
548,TRUE,FALSE,Grounding vs Control,0.15447735559696207,probability
548,TRUE,FALSE,Grounding vs Thematic,0.03856378662308102,probability
548,TRUE,FALSE,Thematic vs Control,0.11591356897388105,probability
549,TRUE,FALSE,Grounding vs Control,1.5003785250656771,log_odds
549,TRUE,FALSE,Grounding vs Thematic,0.8642034988662963,log_odds
549,TRUE,FALSE,Thematic vs Control,0.6361750261993809,log_odds
549,TRUE,FALSE,Grounding vs Control,0.295558386501759,probability
549,TRUE,FALSE,Grounding vs Thematic,0.1433114569175868,probability
549,TRUE,FALSE,Thematic vs Control,0.15224692958417219,probability
550,TRUE,FALSE,Grounding vs Control,1.7994925841551253,log_odds
550,TRUE,FALSE,Grounding vs Thematic,0.7648852618942357,log_odds
550,TRUE,FALSE,Thematic vs Control,1.0346073222608896,log_odds
550,TRUE,FALSE,Grounding vs Control,0.3104663060203671,probability
550,TRUE,FALSE,Grounding vs Thematic,0.10434355091429659,probability
550,TRUE,FALSE,Thematic vs Control,0.20612275510607053,probability
551,TRUE,FALSE,Grounding vs Control,2.5739035241441326,log_odds
551,TRUE,FALSE,Grounding vs Thematic,1.9338097510322356,log_odds
551,TRUE,FALSE,Thematic vs Control,0.6400937731118971,log_odds
551,TRUE,FALSE,Grounding vs Control,0.3933454148827265,probability
551,TRUE,FALSE,Grounding vs Thematic,0.2295800037292347,probability
551,TRUE,FALSE,Thematic vs Control,0.1637654111534918,probability
552,TRUE,FALSE,Grounding vs Control,2.8138581596725056,log_odds
552,TRUE,FALSE,Grounding vs Thematic,2.444245960074094,log_odds
552,TRUE,FALSE,Thematic vs Control,0.36961219959841163,log_odds
552,TRUE,FALSE,Grounding vs Control,0.5055009799526236,probability
552,TRUE,FALSE,Grounding vs Thematic,0.41287822772538196,probability
552,TRUE,FALSE,Thematic vs Control,0.09262275222724164,probability
553,TRUE,FALSE,Grounding vs Control,1.7432341193547602,log_odds
553,TRUE,FALSE,Grounding vs Thematic,1.648743556013998,log_odds
553,TRUE,FALSE,Thematic vs Control,0.09449056334076211,log_odds
553,TRUE,FALSE,Grounding vs Control,0.33260750555874485,probability
553,TRUE,FALSE,Grounding vs Thematic,0.31285928564244925,probability
553,TRUE,FALSE,Thematic vs Control,0.019748219916295606,probability
554,TRUE,FALSE,Grounding vs Control,1.7202552556899173,log_odds
554,TRUE,FALSE,Grounding vs Thematic,1.143641399393628,log_odds
554,TRUE,FALSE,Thematic vs Control,0.5766138562962893,log_odds
554,TRUE,FALSE,Grounding vs Control,0.3371774748490259,probability
554,TRUE,FALSE,Grounding vs Thematic,0.1982350346399368,probability
554,TRUE,FALSE,Thematic vs Control,0.13894244020908908,probability
555,TRUE,FALSE,Grounding vs Control,0.8721632953390674,log_odds
555,TRUE,FALSE,Grounding vs Thematic,0.3116598785118021,log_odds
555,TRUE,FALSE,Thematic vs Control,0.5605034168272653,log_odds
555,TRUE,FALSE,Grounding vs Control,0.1669215960054553,probability
555,TRUE,FALSE,Grounding vs Thematic,0.05709096372798872,probability
555,TRUE,FALSE,Thematic vs Control,0.10983063227746659,probability
556,TRUE,FALSE,Grounding vs Control,1.8842326718590914,log_odds
556,TRUE,FALSE,Grounding vs Thematic,0.9473068454117062,log_odds
556,TRUE,FALSE,Thematic vs Control,0.9369258264473851,log_odds
556,TRUE,FALSE,Grounding vs Control,0.39266399435878185,probability
556,TRUE,FALSE,Grounding vs Thematic,0.16704826326335354,probability
556,TRUE,FALSE,Thematic vs Control,0.22561573109542832,probability
557,TRUE,FALSE,Grounding vs Control,1.7879267743064187,log_odds
557,TRUE,FALSE,Grounding vs Thematic,1.3191452561017396,log_odds
557,TRUE,FALSE,Thematic vs Control,0.46878151820467906,log_odds
557,TRUE,FALSE,Grounding vs Control,0.3257600016662448,probability
557,TRUE,FALSE,Grounding vs Thematic,0.21278149126723717,probability
557,TRUE,FALSE,Thematic vs Control,0.11297851039900764,probability
558,TRUE,FALSE,Grounding vs Control,1.5448974815595475,log_odds
558,TRUE,FALSE,Grounding vs Thematic,1.2474924561181728,log_odds
558,TRUE,FALSE,Thematic vs Control,0.2974050254413747,log_odds
558,TRUE,FALSE,Grounding vs Control,0.31391928876335573,probability
558,TRUE,FALSE,Grounding vs Thematic,0.2494411847243086,probability
558,TRUE,FALSE,Thematic vs Control,0.06447810403904713,probability
559,TRUE,FALSE,Grounding vs Control,1.3162220129580646,log_odds
559,TRUE,FALSE,Grounding vs Thematic,0.8072788178056873,log_odds
559,TRUE,FALSE,Thematic vs Control,0.5089431951523773,log_odds
559,TRUE,FALSE,Grounding vs Control,0.22992610380979078,probability
559,TRUE,FALSE,Grounding vs Thematic,0.10995470183264439,probability
559,TRUE,FALSE,Thematic vs Control,0.1199714019771464,probability
560,TRUE,FALSE,Grounding vs Control,1.4732155876378903,log_odds
560,TRUE,FALSE,Grounding vs Thematic,1.1837553589500744,log_odds
560,TRUE,FALSE,Thematic vs Control,0.28946022868781585,log_odds
560,TRUE,FALSE,Grounding vs Control,0.25356718186668203,probability
560,TRUE,FALSE,Grounding vs Thematic,0.18407689006888228,probability
560,TRUE,FALSE,Thematic vs Control,0.06949029179779975,probability
561,TRUE,FALSE,Grounding vs Control,1.2730814726018536,log_odds
561,TRUE,FALSE,Grounding vs Thematic,0.5201867016654351,log_odds
561,TRUE,FALSE,Thematic vs Control,0.7528947709364184,log_odds
561,TRUE,FALSE,Grounding vs Control,0.20485358036726303,probability
561,TRUE,FALSE,Grounding vs Thematic,0.03453424814688261,probability
561,TRUE,FALSE,Thematic vs Control,0.17031933222038043,probability
562,TRUE,FALSE,Grounding vs Control,1.6164659460909738,log_odds
562,TRUE,FALSE,Grounding vs Thematic,1.0988042299782803,log_odds
562,TRUE,FALSE,Thematic vs Control,0.5176617161126934,log_odds
562,TRUE,FALSE,Grounding vs Control,0.34138809799441794,probability
562,TRUE,FALSE,Grounding vs Thematic,0.21637269523884745,probability
562,TRUE,FALSE,Thematic vs Control,0.1250154027555705,probability
563,TRUE,FALSE,Grounding vs Control,2.1193251498399484,log_odds
563,TRUE,FALSE,Grounding vs Thematic,1.6618859066826424,log_odds
563,TRUE,FALSE,Thematic vs Control,0.4574392431573061,log_odds
563,TRUE,FALSE,Grounding vs Control,0.32514084580989183,probability
563,TRUE,FALSE,Grounding vs Thematic,0.20904566280725279,probability
563,TRUE,FALSE,Thematic vs Control,0.11609518300263905,probability
564,TRUE,FALSE,Grounding vs Control,1.9088004174400415,log_odds
564,TRUE,FALSE,Grounding vs Thematic,1.1552042707455892,log_odds
564,TRUE,FALSE,Thematic vs Control,0.7535961466944523,log_odds
564,TRUE,FALSE,Grounding vs Control,0.3563521426409837,probability
564,TRUE,FALSE,Grounding vs Thematic,0.1743146936347571,probability
564,TRUE,FALSE,Thematic vs Control,0.1820374490062266,probability
565,TRUE,FALSE,Grounding vs Control,1.8048729343279841,log_odds
565,TRUE,FALSE,Grounding vs Thematic,0.9197193760881284,log_odds
565,TRUE,FALSE,Thematic vs Control,0.8851535582398558,log_odds
565,TRUE,FALSE,Grounding vs Control,0.36417762943815496,probability
565,TRUE,FALSE,Grounding vs Thematic,0.17150681105127874,probability
565,TRUE,FALSE,Thematic vs Control,0.19267081838687622,probability
566,TRUE,FALSE,Grounding vs Control,0.7707239604959588,log_odds
566,TRUE,FALSE,Grounding vs Thematic,-0.047600350341034714,log_odds
566,TRUE,FALSE,Thematic vs Control,0.8183243108369935,log_odds
566,TRUE,FALSE,Grounding vs Control,0.15317956131795324,probability
566,TRUE,FALSE,Grounding vs Thematic,-0.035401347783756365,probability
566,TRUE,FALSE,Thematic vs Control,0.1885809091017096,probability
567,TRUE,FALSE,Grounding vs Control,1.577447438510731,log_odds
567,TRUE,FALSE,Grounding vs Thematic,1.0683781610125063,log_odds
567,TRUE,FALSE,Thematic vs Control,0.509069277498225,log_odds
567,TRUE,FALSE,Grounding vs Control,0.30499123276594003,probability
567,TRUE,FALSE,Grounding vs Thematic,0.1752355695042509,probability
567,TRUE,FALSE,Thematic vs Control,0.12975566326168914,probability
568,TRUE,FALSE,Grounding vs Control,1.1091980079576125,log_odds
568,TRUE,FALSE,Grounding vs Thematic,0.4155773455115672,log_odds
568,TRUE,FALSE,Thematic vs Control,0.6936206624460454,log_odds
568,TRUE,FALSE,Grounding vs Control,0.1665928713434719,probability
568,TRUE,FALSE,Grounding vs Thematic,0.011345789903967285,probability
568,TRUE,FALSE,Thematic vs Control,0.1552470814395046,probability
569,TRUE,FALSE,Grounding vs Control,2.5769790386760225,log_odds
569,TRUE,FALSE,Grounding vs Thematic,1.5986082389375138,log_odds
569,TRUE,FALSE,Thematic vs Control,0.9783707997385087,log_odds
569,TRUE,FALSE,Grounding vs Control,0.491049779098157,probability
569,TRUE,FALSE,Grounding vs Thematic,0.25727650403717867,probability
569,TRUE,FALSE,Thematic vs Control,0.23377327506097834,probability
570,TRUE,FALSE,Grounding vs Control,1.1545762858519546,log_odds
570,TRUE,FALSE,Grounding vs Thematic,0.7404132861752302,log_odds
570,TRUE,FALSE,Thematic vs Control,0.41416299967672454,log_odds
570,TRUE,FALSE,Grounding vs Control,0.21692111725354213,probability
570,TRUE,FALSE,Grounding vs Thematic,0.11392124185666563,probability
570,TRUE,FALSE,Thematic vs Control,0.1029998753968765,probability
571,TRUE,FALSE,Grounding vs Control,1.5252046285433,log_odds
571,TRUE,FALSE,Grounding vs Thematic,1.3430909267149636,log_odds
571,TRUE,FALSE,Thematic vs Control,0.18211370182833653,log_odds
571,TRUE,FALSE,Grounding vs Control,0.24470099004984464,probability
571,TRUE,FALSE,Grounding vs Thematic,0.2117613795590212,probability
571,TRUE,FALSE,Thematic vs Control,0.032939610490823445,probability
572,TRUE,FALSE,Grounding vs Control,1.765290866416524,log_odds
572,TRUE,FALSE,Grounding vs Thematic,0.9153963005484218,log_odds
572,TRUE,FALSE,Thematic vs Control,0.8498945658681022,log_odds
572,TRUE,FALSE,Grounding vs Control,0.34267156251690867,probability
572,TRUE,FALSE,Grounding vs Thematic,0.14392699324087416,probability
572,TRUE,FALSE,Thematic vs Control,0.1987445692760345,probability
573,TRUE,FALSE,Grounding vs Control,1.7811346157475259,log_odds
573,TRUE,FALSE,Grounding vs Thematic,1.53660593481652,log_odds
573,TRUE,FALSE,Thematic vs Control,0.24452868093100588,log_odds
573,TRUE,FALSE,Grounding vs Control,0.2657906268012131,probability
573,TRUE,FALSE,Grounding vs Thematic,0.21230960919256092,probability
573,TRUE,FALSE,Thematic vs Control,0.053481017608652204,probability
574,TRUE,FALSE,Grounding vs Control,1.4523747199959978,log_odds
574,TRUE,FALSE,Grounding vs Thematic,0.5764958268699116,log_odds
574,TRUE,FALSE,Thematic vs Control,0.8758788931260861,log_odds
574,TRUE,FALSE,Grounding vs Control,0.305931984716281,probability
574,TRUE,FALSE,Grounding vs Thematic,0.12372848660431912,probability
574,TRUE,FALSE,Thematic vs Control,0.1822034981119619,probability
575,TRUE,FALSE,Grounding vs Control,1.891445854063732,log_odds
575,TRUE,FALSE,Grounding vs Thematic,1.6688154432847704,log_odds
575,TRUE,FALSE,Thematic vs Control,0.22263041077896162,log_odds
575,TRUE,FALSE,Grounding vs Control,0.3271217396244126,probability
575,TRUE,FALSE,Grounding vs Thematic,0.28413752051277974,probability
575,TRUE,FALSE,Thematic vs Control,0.04298421911163286,probability
576,TRUE,FALSE,Grounding vs Control,1.2981061441059023,log_odds
576,TRUE,FALSE,Grounding vs Thematic,0.9055640246452331,log_odds
576,TRUE,FALSE,Thematic vs Control,0.3925421194606692,log_odds
576,TRUE,FALSE,Grounding vs Control,0.25575059830258945,probability
576,TRUE,FALSE,Grounding vs Thematic,0.1545933860576268,probability
576,TRUE,FALSE,Thematic vs Control,0.10115721224496266,probability
577,TRUE,FALSE,Grounding vs Control,2.602421904178209,log_odds
577,TRUE,FALSE,Grounding vs Thematic,1.6593571476459579,log_odds
577,TRUE,FALSE,Thematic vs Control,0.9430647565322509,log_odds
577,TRUE,FALSE,Grounding vs Control,0.4713344623698069,probability
577,TRUE,FALSE,Grounding vs Thematic,0.23707062302966103,probability
577,TRUE,FALSE,Thematic vs Control,0.23426383934014589,probability
578,TRUE,FALSE,Grounding vs Control,1.989561368138873,log_odds
578,TRUE,FALSE,Grounding vs Thematic,1.3709258212490738,log_odds
578,TRUE,FALSE,Thematic vs Control,0.6186355468897993,log_odds
578,TRUE,FALSE,Grounding vs Control,0.43876219480204703,probability
578,TRUE,FALSE,Grounding vs Thematic,0.28423676378551976,probability
578,TRUE,FALSE,Thematic vs Control,0.15452543101652727,probability
579,TRUE,FALSE,Grounding vs Control,1.13193411451094,log_odds
579,TRUE,FALSE,Grounding vs Thematic,0.8944155690448374,log_odds
579,TRUE,FALSE,Thematic vs Control,0.23751854546610274,log_odds
579,TRUE,FALSE,Grounding vs Control,0.19339060520186563,probability
579,TRUE,FALSE,Grounding vs Thematic,0.13773472067288023,probability
579,TRUE,FALSE,Thematic vs Control,0.0556558845289854,probability
580,TRUE,FALSE,Grounding vs Control,1.3565842762754752,log_odds
580,TRUE,FALSE,Grounding vs Thematic,0.9121370576267598,log_odds
580,TRUE,FALSE,Thematic vs Control,0.4444472186487155,log_odds
580,TRUE,FALSE,Grounding vs Control,0.276703788720977,probability
580,TRUE,FALSE,Grounding vs Thematic,0.1722358859545886,probability
580,TRUE,FALSE,Thematic vs Control,0.1044679027663884,probability
581,TRUE,FALSE,Grounding vs Control,1.6734316841298098,log_odds
581,TRUE,FALSE,Grounding vs Thematic,1.0444698555088514,log_odds
581,TRUE,FALSE,Thematic vs Control,0.6289618286209584,log_odds
581,TRUE,FALSE,Grounding vs Control,0.32285313099637175,probability
581,TRUE,FALSE,Grounding vs Thematic,0.17244530331855928,probability
581,TRUE,FALSE,Thematic vs Control,0.15040782767781247,probability
582,TRUE,FALSE,Grounding vs Control,1.9715186475371338,log_odds
582,TRUE,FALSE,Grounding vs Thematic,1.5048198324437374,log_odds
582,TRUE,FALSE,Thematic vs Control,0.46669881509339617,log_odds
582,TRUE,FALSE,Grounding vs Control,0.3324869316186207,probability
582,TRUE,FALSE,Grounding vs Thematic,0.22327035993858174,probability
582,TRUE,FALSE,Thematic vs Control,0.10921657168003895,probability
583,TRUE,FALSE,Grounding vs Control,2.3680555082321173,log_odds
583,TRUE,FALSE,Grounding vs Thematic,1.8141704897445043,log_odds
583,TRUE,FALSE,Thematic vs Control,0.5538850184876127,log_odds
583,TRUE,FALSE,Grounding vs Control,0.4751334398650882,probability
583,TRUE,FALSE,Grounding vs Thematic,0.3410107049777793,probability
583,TRUE,FALSE,Thematic vs Control,0.13412273488730891,probability
584,TRUE,FALSE,Grounding vs Control,1.0764973195523637,log_odds
584,TRUE,FALSE,Grounding vs Thematic,0.6551860057371264,log_odds
584,TRUE,FALSE,Thematic vs Control,0.42131131381523734,log_odds
584,TRUE,FALSE,Grounding vs Control,0.22597697438924735,probability
584,TRUE,FALSE,Grounding vs Thematic,0.12887500197186108,probability
584,TRUE,FALSE,Thematic vs Control,0.09710197241738627,probability
585,TRUE,FALSE,Grounding vs Control,1.8730298157367877,log_odds
585,TRUE,FALSE,Grounding vs Thematic,1.4146594414495486,log_odds
585,TRUE,FALSE,Thematic vs Control,0.45837037428723926,log_odds
585,TRUE,FALSE,Grounding vs Control,0.4100130167543063,probability
585,TRUE,FALSE,Grounding vs Thematic,0.2769527548392306,probability
585,TRUE,FALSE,Thematic vs Control,0.1330602619150757,probability
586,TRUE,FALSE,Grounding vs Control,1.5952979998926047,log_odds
586,TRUE,FALSE,Grounding vs Thematic,1.0134912533670317,log_odds
586,TRUE,FALSE,Thematic vs Control,0.581806746525573,log_odds
586,TRUE,FALSE,Grounding vs Control,0.3093064558451754,probability
586,TRUE,FALSE,Grounding vs Thematic,0.16903020392949197,probability
586,TRUE,FALSE,Thematic vs Control,0.14027625191568344,probability
587,TRUE,FALSE,Grounding vs Control,2.089658501552603,log_odds
587,TRUE,FALSE,Grounding vs Thematic,1.4000602765753798,log_odds
587,TRUE,FALSE,Thematic vs Control,0.6895982249772233,log_odds
587,TRUE,FALSE,Grounding vs Control,0.44061674421258457,probability
587,TRUE,FALSE,Grounding vs Thematic,0.2810390683513566,probability
587,TRUE,FALSE,Thematic vs Control,0.15957767586122795,probability
588,TRUE,FALSE,Grounding vs Control,1.2177714514003866,log_odds
588,TRUE,FALSE,Grounding vs Thematic,0.6406255614014542,log_odds
588,TRUE,FALSE,Thematic vs Control,0.5771458899989323,log_odds
588,TRUE,FALSE,Grounding vs Control,0.23685979393266893,probability
588,TRUE,FALSE,Grounding vs Thematic,0.11828181066989307,probability
588,TRUE,FALSE,Thematic vs Control,0.11857798326277585,probability
589,TRUE,FALSE,Grounding vs Control,1.6945598765662546,log_odds
589,TRUE,FALSE,Grounding vs Thematic,0.9933524626848635,log_odds
589,TRUE,FALSE,Thematic vs Control,0.7012074138813911,log_odds
589,TRUE,FALSE,Grounding vs Control,0.37252498794690564,probability
589,TRUE,FALSE,Grounding vs Thematic,0.20682200288555996,probability
589,TRUE,FALSE,Thematic vs Control,0.16570298506134568,probability
590,TRUE,FALSE,Grounding vs Control,1.3848923405290678,log_odds
590,TRUE,FALSE,Grounding vs Thematic,0.8353531379966876,log_odds
590,TRUE,FALSE,Thematic vs Control,0.5495392025323802,log_odds
590,TRUE,FALSE,Grounding vs Control,0.26209351849885204,probability
590,TRUE,FALSE,Grounding vs Thematic,0.13007470795033577,probability
590,TRUE,FALSE,Thematic vs Control,0.13201881054851627,probability
591,TRUE,FALSE,Grounding vs Control,1.8004686978699491,log_odds
591,TRUE,FALSE,Grounding vs Thematic,1.1847856674060764,log_odds
591,TRUE,FALSE,Thematic vs Control,0.6156830304638727,log_odds
591,TRUE,FALSE,Grounding vs Control,0.31846227318819836,probability
591,TRUE,FALSE,Grounding vs Thematic,0.18759857177969447,probability
591,TRUE,FALSE,Thematic vs Control,0.1308637014085039,probability
592,TRUE,FALSE,Grounding vs Control,1.80610046392116,log_odds
592,TRUE,FALSE,Grounding vs Thematic,0.7238316982997344,log_odds
592,TRUE,FALSE,Thematic vs Control,1.0822687656214254,log_odds
592,TRUE,FALSE,Grounding vs Control,0.36088179831081685,probability
592,TRUE,FALSE,Grounding vs Thematic,0.1563227335107894,probability
592,TRUE,FALSE,Thematic vs Control,0.20455906480002745,probability
593,TRUE,FALSE,Grounding vs Control,1.2793207343579456,log_odds
593,TRUE,FALSE,Grounding vs Thematic,0.9584705986917059,log_odds
593,TRUE,FALSE,Thematic vs Control,0.32085013566623966,log_odds
593,TRUE,FALSE,Grounding vs Control,0.26293585533712804,probability
593,TRUE,FALSE,Grounding vs Thematic,0.18310524283883123,probability
593,TRUE,FALSE,Thematic vs Control,0.07983061249829682,probability
594,TRUE,FALSE,Grounding vs Control,1.415771178149482,log_odds
594,TRUE,FALSE,Grounding vs Thematic,1.118976015334709,log_odds
594,TRUE,FALSE,Thematic vs Control,0.2967951628147729,log_odds
594,TRUE,FALSE,Grounding vs Control,0.28118622248603264,probability
594,TRUE,FALSE,Grounding vs Thematic,0.21552579434895636,probability
594,TRUE,FALSE,Thematic vs Control,0.06566042813707629,probability
595,TRUE,FALSE,Grounding vs Control,1.7785996796167123,log_odds
595,TRUE,FALSE,Grounding vs Thematic,1.292345564745777,log_odds
595,TRUE,FALSE,Thematic vs Control,0.4862541148709352,log_odds
595,TRUE,FALSE,Grounding vs Control,0.37820512120049793,probability
595,TRUE,FALSE,Grounding vs Thematic,0.25189355221051074,probability
595,TRUE,FALSE,Thematic vs Control,0.1263115689899872,probability
596,TRUE,FALSE,Grounding vs Control,1.4158928119881808,log_odds
596,TRUE,FALSE,Grounding vs Thematic,1.0607699376929287,log_odds
596,TRUE,FALSE,Thematic vs Control,0.35512287429525213,log_odds
596,TRUE,FALSE,Grounding vs Control,0.2721917975262673,probability
596,TRUE,FALSE,Grounding vs Thematic,0.1905406103073024,probability
596,TRUE,FALSE,Thematic vs Control,0.08165118721896492,probability
597,TRUE,FALSE,Grounding vs Control,1.9252067251124867,log_odds
597,TRUE,FALSE,Grounding vs Thematic,1.099548992812033,log_odds
597,TRUE,FALSE,Thematic vs Control,0.8256577323004536,log_odds
597,TRUE,FALSE,Grounding vs Control,0.3783365393578616,probability
597,TRUE,FALSE,Grounding vs Thematic,0.18492482488082446,probability
597,TRUE,FALSE,Thematic vs Control,0.19341171447703714,probability
598,TRUE,FALSE,Grounding vs Control,1.4614784330541088,log_odds
598,TRUE,FALSE,Grounding vs Thematic,0.5828936980143131,log_odds
598,TRUE,FALSE,Thematic vs Control,0.8785847350397957,log_odds
598,TRUE,FALSE,Grounding vs Control,0.2623521587766809,probability
598,TRUE,FALSE,Grounding vs Thematic,0.049762695088098996,probability
598,TRUE,FALSE,Thematic vs Control,0.2125894636885819,probability
599,TRUE,FALSE,Grounding vs Control,1.4089712180711207,log_odds
599,TRUE,FALSE,Grounding vs Thematic,1.3989596514102407,log_odds
599,TRUE,FALSE,Thematic vs Control,0.01001156666087999,log_odds
599,TRUE,FALSE,Grounding vs Control,0.2693706075513187,probability
599,TRUE,FALSE,Grounding vs Thematic,0.26728684858211743,probability
599,TRUE,FALSE,Thematic vs Control,0.002083758969201266,probability
600,TRUE,FALSE,Grounding vs Control,1.91871320828816,log_odds
600,TRUE,FALSE,Grounding vs Thematic,1.2282213892525093,log_odds
600,TRUE,FALSE,Thematic vs Control,0.6904918190356505,log_odds
600,TRUE,FALSE,Grounding vs Control,0.3889185248339995,probability
600,TRUE,FALSE,Grounding vs Thematic,0.22228562074660219,probability
600,TRUE,FALSE,Thematic vs Control,0.16663290408739734,probability
601,TRUE,FALSE,Grounding vs Control,2.0666299060211886,log_odds
601,TRUE,FALSE,Grounding vs Thematic,1.6410144077148077,log_odds
601,TRUE,FALSE,Thematic vs Control,0.42561549830638074,log_odds
601,TRUE,FALSE,Grounding vs Control,0.39550030145813075,probability
601,TRUE,FALSE,Grounding vs Thematic,0.3003484119509071,probability
601,TRUE,FALSE,Thematic vs Control,0.09515188950722364,probability
602,TRUE,FALSE,Grounding vs Control,1.6864907096104007,log_odds
602,TRUE,FALSE,Grounding vs Thematic,1.4274434758542562,log_odds
602,TRUE,FALSE,Thematic vs Control,0.25904723375614436,log_odds
602,TRUE,FALSE,Grounding vs Control,0.3326280185646437,probability
602,TRUE,FALSE,Grounding vs Thematic,0.25916560154809354,probability
602,TRUE,FALSE,Thematic vs Control,0.07346241701655015,probability
603,TRUE,FALSE,Grounding vs Control,1.490340895643992,log_odds
603,TRUE,FALSE,Grounding vs Thematic,1.0246885139828181,log_odds
603,TRUE,FALSE,Thematic vs Control,0.46565238166117406,log_odds
603,TRUE,FALSE,Grounding vs Control,0.28222308725396206,probability
603,TRUE,FALSE,Grounding vs Thematic,0.17391387620759963,probability
603,TRUE,FALSE,Thematic vs Control,0.10830921104636243,probability
604,TRUE,FALSE,Grounding vs Control,0.8251348856873932,log_odds
604,TRUE,FALSE,Grounding vs Thematic,0.8829073952712505,log_odds
604,TRUE,FALSE,Thematic vs Control,-0.05777250958385727,log_odds
604,TRUE,FALSE,Grounding vs Control,0.12877877937067822,probability
604,TRUE,FALSE,Grounding vs Thematic,0.14499072346157083,probability
604,TRUE,FALSE,Thematic vs Control,-0.016211944090892605,probability
605,TRUE,FALSE,Grounding vs Control,1.4796597986829394,log_odds
605,TRUE,FALSE,Grounding vs Thematic,0.8816375665897365,log_odds
605,TRUE,FALSE,Thematic vs Control,0.5980222320932029,log_odds
605,TRUE,FALSE,Grounding vs Control,0.3007670625292097,probability
605,TRUE,FALSE,Grounding vs Thematic,0.16512659011069003,probability
605,TRUE,FALSE,Thematic vs Control,0.13564047241851968,probability
606,TRUE,FALSE,Grounding vs Control,1.509814749713045,log_odds
606,TRUE,FALSE,Grounding vs Thematic,0.6082106386717379,log_odds
606,TRUE,FALSE,Thematic vs Control,0.9016041110413071,log_odds
606,TRUE,FALSE,Grounding vs Control,0.1767756543765852,probability
606,TRUE,FALSE,Grounding vs Thematic,0.012014095753798748,probability
606,TRUE,FALSE,Thematic vs Control,0.16476155862278646,probability
607,TRUE,FALSE,Grounding vs Control,1.3544693670902936,log_odds
607,TRUE,FALSE,Grounding vs Thematic,0.5743459854603563,log_odds
607,TRUE,FALSE,Thematic vs Control,0.7801233816299373,log_odds
607,TRUE,FALSE,Grounding vs Control,0.2722809040007016,probability
607,TRUE,FALSE,Grounding vs Thematic,0.08709439927522217,probability
607,TRUE,FALSE,Thematic vs Control,0.18518650472547943,probability
608,TRUE,FALSE,Grounding vs Control,1.2034175981864048,log_odds
608,TRUE,FALSE,Grounding vs Thematic,0.7949575384307024,log_odds
608,TRUE,FALSE,Thematic vs Control,0.40846005975570243,log_odds
608,TRUE,FALSE,Grounding vs Control,0.21780926696887287,probability
608,TRUE,FALSE,Grounding vs Thematic,0.12073676823589496,probability
608,TRUE,FALSE,Thematic vs Control,0.09707249873297791,probability
609,TRUE,FALSE,Grounding vs Control,1.4474162136798512,log_odds
609,TRUE,FALSE,Grounding vs Thematic,0.6909105182376543,log_odds
609,TRUE,FALSE,Thematic vs Control,0.7565056954421968,log_odds
609,TRUE,FALSE,Grounding vs Control,0.26591849589550587,probability
609,TRUE,FALSE,Grounding vs Thematic,0.09726285968054399,probability
609,TRUE,FALSE,Thematic vs Control,0.16865563621496188,probability
610,TRUE,FALSE,Grounding vs Control,1.1944941258808557,log_odds
610,TRUE,FALSE,Grounding vs Thematic,0.6925862385896626,log_odds
610,TRUE,FALSE,Thematic vs Control,0.5019078872911932,log_odds
610,TRUE,FALSE,Grounding vs Control,0.20821339216057017,probability
610,TRUE,FALSE,Grounding vs Thematic,0.09634908355587712,probability
610,TRUE,FALSE,Thematic vs Control,0.11186430860469304,probability
611,TRUE,FALSE,Grounding vs Control,1.1827237933462789,log_odds
611,TRUE,FALSE,Grounding vs Thematic,0.5916252862062237,log_odds
611,TRUE,FALSE,Thematic vs Control,0.5910985071400552,log_odds
611,TRUE,FALSE,Grounding vs Control,0.19669486527369684,probability
611,TRUE,FALSE,Grounding vs Thematic,0.07737205653636914,probability
611,TRUE,FALSE,Thematic vs Control,0.1193228087373277,probability
612,TRUE,FALSE,Grounding vs Control,1.8129280058450676,log_odds
612,TRUE,FALSE,Grounding vs Thematic,1.3213644773197153,log_odds
612,TRUE,FALSE,Thematic vs Control,0.49156352852535234,log_odds
612,TRUE,FALSE,Grounding vs Control,0.3366636505006913,probability
612,TRUE,FALSE,Grounding vs Thematic,0.216861447144518,probability
612,TRUE,FALSE,Thematic vs Control,0.11980220335617331,probability
613,TRUE,FALSE,Grounding vs Control,1.8657551319234669,log_odds
613,TRUE,FALSE,Grounding vs Thematic,1.0507926046001521,log_odds
613,TRUE,FALSE,Thematic vs Control,0.8149625273233148,log_odds
613,TRUE,FALSE,Grounding vs Control,0.38066847379601276,probability
613,TRUE,FALSE,Grounding vs Thematic,0.18783892318027473,probability
613,TRUE,FALSE,Thematic vs Control,0.19282955061573803,probability
614,TRUE,FALSE,Grounding vs Control,1.1972893537894942,log_odds
614,TRUE,FALSE,Grounding vs Thematic,0.08392858193393993,log_odds
614,TRUE,FALSE,Thematic vs Control,1.1133607718555543,log_odds
614,TRUE,FALSE,Grounding vs Control,0.23641214157159013,probability
614,TRUE,FALSE,Grounding vs Thematic,-0.0018668753683557249,probability
614,TRUE,FALSE,Thematic vs Control,0.23827901693994585,probability
615,TRUE,FALSE,Grounding vs Control,2.2653416181820107,log_odds
615,TRUE,FALSE,Grounding vs Thematic,1.4691546344141089,log_odds
615,TRUE,FALSE,Thematic vs Control,0.796186983767902,log_odds
615,TRUE,FALSE,Grounding vs Control,0.4539969337304268,probability
615,TRUE,FALSE,Grounding vs Thematic,0.2525709831457028,probability
615,TRUE,FALSE,Thematic vs Control,0.201425950584724,probability
616,TRUE,FALSE,Grounding vs Control,1.913279548257601,log_odds
616,TRUE,FALSE,Grounding vs Thematic,0.9994018853833189,log_odds
616,TRUE,FALSE,Thematic vs Control,0.9138776628742822,log_odds
616,TRUE,FALSE,Grounding vs Control,0.3695131866583294,probability
616,TRUE,FALSE,Grounding vs Thematic,0.16468854380399356,probability
616,TRUE,FALSE,Thematic vs Control,0.20482464285433583,probability
617,TRUE,FALSE,Grounding vs Control,1.594613115091041,log_odds
617,TRUE,FALSE,Grounding vs Thematic,1.008259305294164,log_odds
617,TRUE,FALSE,Thematic vs Control,0.5863538097968769,log_odds
617,TRUE,FALSE,Grounding vs Control,0.3154480395913573,probability
617,TRUE,FALSE,Grounding vs Thematic,0.156910235007594,probability
617,TRUE,FALSE,Thematic vs Control,0.15853780458376332,probability
618,TRUE,FALSE,Grounding vs Control,1.911213909621904,log_odds
618,TRUE,FALSE,Grounding vs Thematic,1.1935007130989839,log_odds
618,TRUE,FALSE,Thematic vs Control,0.7177131965229202,log_odds
618,TRUE,FALSE,Grounding vs Control,0.3640347205730245,probability
618,TRUE,FALSE,Grounding vs Thematic,0.19383524306562827,probability
618,TRUE,FALSE,Thematic vs Control,0.17019947750739622,probability
619,TRUE,FALSE,Grounding vs Control,1.9123647486984063,log_odds
619,TRUE,FALSE,Grounding vs Thematic,0.797024493028234,log_odds
619,TRUE,FALSE,Thematic vs Control,1.1153402556701724,log_odds
619,TRUE,FALSE,Grounding vs Control,0.35668689802545406,probability
619,TRUE,FALSE,Grounding vs Thematic,0.10682026572750097,probability
619,TRUE,FALSE,Thematic vs Control,0.24986663229795308,probability
620,TRUE,FALSE,Grounding vs Control,0.8999379291814763,log_odds
620,TRUE,FALSE,Grounding vs Thematic,0.7927519954214974,log_odds
620,TRUE,FALSE,Thematic vs Control,0.10718593375997887,log_odds
620,TRUE,FALSE,Grounding vs Control,0.1750058108701394,probability
620,TRUE,FALSE,Grounding vs Thematic,0.14120357119689658,probability
620,TRUE,FALSE,Thematic vs Control,0.03380223967324281,probability
621,TRUE,FALSE,Grounding vs Control,1.3955584342105505,log_odds
621,TRUE,FALSE,Grounding vs Thematic,0.7414933518492681,log_odds
621,TRUE,FALSE,Thematic vs Control,0.6540650823612822,log_odds
621,TRUE,FALSE,Grounding vs Control,0.24781216798236994,probability
621,TRUE,FALSE,Grounding vs Thematic,0.11037754517436843,probability
621,TRUE,FALSE,Thematic vs Control,0.1374346228080015,probability
622,TRUE,FALSE,Grounding vs Control,1.7591277572371422,log_odds
622,TRUE,FALSE,Grounding vs Thematic,1.0954303352936265,log_odds
622,TRUE,FALSE,Thematic vs Control,0.6636974219435156,log_odds
622,TRUE,FALSE,Grounding vs Control,0.3362969473005687,probability
622,TRUE,FALSE,Grounding vs Thematic,0.17965010761186073,probability
622,TRUE,FALSE,Thematic vs Control,0.15664683968870796,probability
623,TRUE,FALSE,Grounding vs Control,2.271712550442992,log_odds
623,TRUE,FALSE,Grounding vs Thematic,1.422985751100305,log_odds
623,TRUE,FALSE,Thematic vs Control,0.8487267993426871,log_odds
623,TRUE,FALSE,Grounding vs Control,0.4668081577441796,probability
623,TRUE,FALSE,Grounding vs Thematic,0.2644128173586307,probability
623,TRUE,FALSE,Thematic vs Control,0.2023953403855489,probability
624,TRUE,FALSE,Grounding vs Control,2.1383567233581084,log_odds
624,TRUE,FALSE,Grounding vs Thematic,1.4509366844143614,log_odds
624,TRUE,FALSE,Thematic vs Control,0.6874200389437473,log_odds
624,TRUE,FALSE,Grounding vs Control,0.4023378504783675,probability
624,TRUE,FALSE,Grounding vs Thematic,0.240474896436231,probability
624,TRUE,FALSE,Thematic vs Control,0.16186295404213652,probability
625,TRUE,FALSE,Grounding vs Control,2.243721870510762,log_odds
625,TRUE,FALSE,Grounding vs Thematic,1.662392157709447,log_odds
625,TRUE,FALSE,Thematic vs Control,0.5813297128013151,log_odds
625,TRUE,FALSE,Grounding vs Control,0.41734289911322886,probability
625,TRUE,FALSE,Grounding vs Thematic,0.27610661355379573,probability
625,TRUE,FALSE,Thematic vs Control,0.14123628555943313,probability
626,TRUE,FALSE,Grounding vs Control,1.5366322497909577,log_odds
626,TRUE,FALSE,Grounding vs Thematic,1.1611261541189002,log_odds
626,TRUE,FALSE,Thematic vs Control,0.3755060956720573,log_odds
626,TRUE,FALSE,Grounding vs Control,0.2945451332330547,probability
626,TRUE,FALSE,Grounding vs Thematic,0.20429937106980145,probability
626,TRUE,FALSE,Thematic vs Control,0.09024576216325325,probability
627,TRUE,FALSE,Grounding vs Control,1.1432820617993147,log_odds
627,TRUE,FALSE,Grounding vs Thematic,0.5096411832158745,log_odds
627,TRUE,FALSE,Thematic vs Control,0.6336408785834403,log_odds
627,TRUE,FALSE,Grounding vs Control,0.22674476908317126,probability
627,TRUE,FALSE,Grounding vs Thematic,0.10469137693114416,probability
627,TRUE,FALSE,Thematic vs Control,0.1220533921520271,probability
628,TRUE,FALSE,Grounding vs Control,1.489917461129305,log_odds
628,TRUE,FALSE,Grounding vs Thematic,0.5787093542884785,log_odds
628,TRUE,FALSE,Thematic vs Control,0.9112081068408264,log_odds
628,TRUE,FALSE,Grounding vs Control,0.3168174697316202,probability
628,TRUE,FALSE,Grounding vs Thematic,0.09697985403284459,probability
628,TRUE,FALSE,Thematic vs Control,0.21983761569877563,probability
629,TRUE,FALSE,Grounding vs Control,2.09079031254989,log_odds
629,TRUE,FALSE,Grounding vs Thematic,1.3218999640125695,log_odds
629,TRUE,FALSE,Thematic vs Control,0.7688903485373206,log_odds
629,TRUE,FALSE,Grounding vs Control,0.40968392503204515,probability
629,TRUE,FALSE,Grounding vs Thematic,0.22303135990832207,probability
629,TRUE,FALSE,Thematic vs Control,0.18665256512372308,probability
630,TRUE,FALSE,Grounding vs Control,2.082329367193496,log_odds
630,TRUE,FALSE,Grounding vs Thematic,1.06524277088111,log_odds
630,TRUE,FALSE,Thematic vs Control,1.0170865963123863,log_odds
630,TRUE,FALSE,Grounding vs Control,0.4351017627340696,probability
630,TRUE,FALSE,Grounding vs Thematic,0.19005688943175553,probability
630,TRUE,FALSE,Thematic vs Control,0.24504487330231406,probability
631,TRUE,FALSE,Grounding vs Control,1.7344606564002354,log_odds
631,TRUE,FALSE,Grounding vs Thematic,1.3986696414852902,log_odds
631,TRUE,FALSE,Thematic vs Control,0.3357910149149451,log_odds
631,TRUE,FALSE,Grounding vs Control,0.3649442407505223,probability
631,TRUE,FALSE,Grounding vs Thematic,0.28356212591897306,probability
631,TRUE,FALSE,Thematic vs Control,0.08138211483154922,probability
632,TRUE,FALSE,Grounding vs Control,1.3487824482128925,log_odds
632,TRUE,FALSE,Grounding vs Thematic,1.0459417285397392,log_odds
632,TRUE,FALSE,Thematic vs Control,0.3028407196731532,log_odds
632,TRUE,FALSE,Grounding vs Control,0.23551028161449344,probability
632,TRUE,FALSE,Grounding vs Thematic,0.15971991690441284,probability
632,TRUE,FALSE,Thematic vs Control,0.0757903647100806,probability
633,TRUE,FALSE,Grounding vs Control,1.4085360024979139,log_odds
633,TRUE,FALSE,Grounding vs Thematic,0.9141848335968841,log_odds
633,TRUE,FALSE,Thematic vs Control,0.4943511689010298,log_odds
633,TRUE,FALSE,Grounding vs Control,0.23711540515303414,probability
633,TRUE,FALSE,Grounding vs Thematic,0.11841238047286401,probability
633,TRUE,FALSE,Thematic vs Control,0.11870302468017013,probability
634,TRUE,FALSE,Grounding vs Control,1.9084443177442063,log_odds
634,TRUE,FALSE,Grounding vs Thematic,1.025219997561032,log_odds
634,TRUE,FALSE,Thematic vs Control,0.8832243201831742,log_odds
634,TRUE,FALSE,Grounding vs Control,0.3089947517467829,probability
634,TRUE,FALSE,Grounding vs Thematic,0.1329590246080805,probability
634,TRUE,FALSE,Thematic vs Control,0.1760357271387024,probability
635,TRUE,FALSE,Grounding vs Control,1.605741186210345,log_odds
635,TRUE,FALSE,Grounding vs Thematic,1.257207502576767,log_odds
635,TRUE,FALSE,Thematic vs Control,0.34853368363357806,log_odds
635,TRUE,FALSE,Grounding vs Control,0.3200361512237828,probability
635,TRUE,FALSE,Grounding vs Thematic,0.2672776682518144,probability
635,TRUE,FALSE,Thematic vs Control,0.05275848297196839,probability
636,TRUE,FALSE,Grounding vs Control,1.4418057982872745,log_odds
636,TRUE,FALSE,Grounding vs Thematic,0.8597733105235978,log_odds
636,TRUE,FALSE,Thematic vs Control,0.5820324877636768,log_odds
636,TRUE,FALSE,Grounding vs Control,0.3022804342416986,probability
636,TRUE,FALSE,Grounding vs Thematic,0.16162235020535343,probability
636,TRUE,FALSE,Thematic vs Control,0.14065808403634517,probability
637,TRUE,FALSE,Grounding vs Control,1.458259343888189,log_odds
637,TRUE,FALSE,Grounding vs Thematic,0.9676992710583261,log_odds
637,TRUE,FALSE,Thematic vs Control,0.490560072829863,log_odds
637,TRUE,FALSE,Grounding vs Control,0.26426976741762376,probability
637,TRUE,FALSE,Grounding vs Thematic,0.15470419258291296,probability
637,TRUE,FALSE,Thematic vs Control,0.1095655748347108,probability
638,TRUE,FALSE,Grounding vs Control,0.6922366895999867,log_odds
638,TRUE,FALSE,Grounding vs Thematic,0.2481874153925121,log_odds
638,TRUE,FALSE,Thematic vs Control,0.44404927420747464,log_odds
638,TRUE,FALSE,Grounding vs Control,0.14457144090768098,probability
638,TRUE,FALSE,Grounding vs Thematic,0.033042183804411374,probability
638,TRUE,FALSE,Thematic vs Control,0.11152925710326961,probability
639,TRUE,FALSE,Grounding vs Control,2.141520488746085,log_odds
639,TRUE,FALSE,Grounding vs Thematic,1.5222867348174167,log_odds
639,TRUE,FALSE,Thematic vs Control,0.6192337539286683,log_odds
639,TRUE,FALSE,Grounding vs Control,0.37377219619449575,probability
639,TRUE,FALSE,Grounding vs Thematic,0.2251100446325684,probability
639,TRUE,FALSE,Thematic vs Control,0.14866215156192736,probability
640,TRUE,FALSE,Grounding vs Control,2.353017772595731,log_odds
640,TRUE,FALSE,Grounding vs Thematic,1.2264967287548088,log_odds
640,TRUE,FALSE,Thematic vs Control,1.126521043840922,log_odds
640,TRUE,FALSE,Grounding vs Control,0.49834375991501756,probability
640,TRUE,FALSE,Grounding vs Thematic,0.22840980969748576,probability
640,TRUE,FALSE,Thematic vs Control,0.2699339502175318,probability
641,TRUE,FALSE,Grounding vs Control,2.232274918756876,log_odds
641,TRUE,FALSE,Grounding vs Thematic,2.00044034583812,log_odds
641,TRUE,FALSE,Thematic vs Control,0.2318345729187558,log_odds
641,TRUE,FALSE,Grounding vs Control,0.438874674432537,probability
641,TRUE,FALSE,Grounding vs Thematic,0.3814623878693812,probability
641,TRUE,FALSE,Thematic vs Control,0.057412286563155834,probability
642,TRUE,FALSE,Grounding vs Control,1.4817382004413395,log_odds
642,TRUE,FALSE,Grounding vs Thematic,0.7396292557345796,log_odds
642,TRUE,FALSE,Thematic vs Control,0.7421089447067598,log_odds
642,TRUE,FALSE,Grounding vs Control,0.29457748158593566,probability
642,TRUE,FALSE,Grounding vs Thematic,0.12484384901819356,probability
642,TRUE,FALSE,Thematic vs Control,0.1697336325677421,probability
643,TRUE,FALSE,Grounding vs Control,1.5757340583239672,log_odds
643,TRUE,FALSE,Grounding vs Thematic,1.1099175863463475,log_odds
643,TRUE,FALSE,Thematic vs Control,0.46581647197761966,log_odds
643,TRUE,FALSE,Grounding vs Control,0.2871621572563276,probability
643,TRUE,FALSE,Grounding vs Thematic,0.1880411190607315,probability
643,TRUE,FALSE,Thematic vs Control,0.09912103819559609,probability
644,TRUE,FALSE,Grounding vs Control,1.8704577835384577,log_odds
644,TRUE,FALSE,Grounding vs Thematic,1.2234563207150226,log_odds
644,TRUE,FALSE,Thematic vs Control,0.6470014628234352,log_odds
644,TRUE,FALSE,Grounding vs Control,0.28098289054618014,probability
644,TRUE,FALSE,Grounding vs Thematic,0.13359623081232158,probability
644,TRUE,FALSE,Thematic vs Control,0.14738665973385856,probability
645,TRUE,FALSE,Grounding vs Control,1.1040199134730178,log_odds
645,TRUE,FALSE,Grounding vs Thematic,1.0740506005158084,log_odds
645,TRUE,FALSE,Thematic vs Control,0.029969312957209504,log_odds
645,TRUE,FALSE,Grounding vs Control,0.20272573499008772,probability
645,TRUE,FALSE,Grounding vs Thematic,0.19602236467440348,probability
645,TRUE,FALSE,Thematic vs Control,0.006703370315684243,probability
646,TRUE,FALSE,Grounding vs Control,1.5075374751528334,log_odds
646,TRUE,FALSE,Grounding vs Thematic,0.9104256477094201,log_odds
646,TRUE,FALSE,Thematic vs Control,0.5971118274434133,log_odds
646,TRUE,FALSE,Grounding vs Control,0.2361064225612271,probability
646,TRUE,FALSE,Grounding vs Thematic,0.10760565734540561,probability
646,TRUE,FALSE,Thematic vs Control,0.1285007652158215,probability
647,TRUE,FALSE,Grounding vs Control,1.9992906422943084,log_odds
647,TRUE,FALSE,Grounding vs Thematic,1.407762869331037,log_odds
647,TRUE,FALSE,Thematic vs Control,0.5915277729632715,log_odds
647,TRUE,FALSE,Grounding vs Control,0.3823123752619322,probability
647,TRUE,FALSE,Grounding vs Thematic,0.2363293897516221,probability
647,TRUE,FALSE,Thematic vs Control,0.14598298551031008,probability
648,TRUE,FALSE,Grounding vs Control,2.3393724171315142,log_odds
648,TRUE,FALSE,Grounding vs Thematic,1.6336975225248787,log_odds
648,TRUE,FALSE,Thematic vs Control,0.7056748946066356,log_odds
648,TRUE,FALSE,Grounding vs Control,0.4041745574049378,probability
648,TRUE,FALSE,Grounding vs Thematic,0.2424040253996605,probability
648,TRUE,FALSE,Thematic vs Control,0.1617705320052773,probability
649,TRUE,FALSE,Grounding vs Control,1.7944650928159587,log_odds
649,TRUE,FALSE,Grounding vs Thematic,1.2282183439732082,log_odds
649,TRUE,FALSE,Thematic vs Control,0.5662467488427505,log_odds
649,TRUE,FALSE,Grounding vs Control,0.33053059038629506,probability
649,TRUE,FALSE,Grounding vs Thematic,0.19653280922827204,probability
649,TRUE,FALSE,Thematic vs Control,0.13399778115802302,probability
650,TRUE,FALSE,Grounding vs Control,1.6203244307554665,log_odds
650,TRUE,FALSE,Grounding vs Thematic,0.9481819946093182,log_odds
650,TRUE,FALSE,Thematic vs Control,0.6721424361461482,log_odds
650,TRUE,FALSE,Grounding vs Control,0.3255009755807652,probability
650,TRUE,FALSE,Grounding vs Thematic,0.16289981425136213,probability
650,TRUE,FALSE,Thematic vs Control,0.16260116132940305,probability
651,TRUE,FALSE,Grounding vs Control,1.8352152082752164,log_odds
651,TRUE,FALSE,Grounding vs Thematic,1.2340706371863355,log_odds
651,TRUE,FALSE,Thematic vs Control,0.6011445710888811,log_odds
651,TRUE,FALSE,Grounding vs Control,0.31672887312015885,probability
651,TRUE,FALSE,Grounding vs Thematic,0.17924738317644906,probability
651,TRUE,FALSE,Thematic vs Control,0.1374814899437098,probability
652,TRUE,FALSE,Grounding vs Control,1.3600189208492008,log_odds
652,TRUE,FALSE,Grounding vs Thematic,0.8905826987909625,log_odds
652,TRUE,FALSE,Thematic vs Control,0.4694362220582383,log_odds
652,TRUE,FALSE,Grounding vs Control,0.2645902809904294,probability
652,TRUE,FALSE,Grounding vs Thematic,0.17111145980337372,probability
652,TRUE,FALSE,Thematic vs Control,0.0934788211870557,probability
653,TRUE,FALSE,Grounding vs Control,1.7526237053787346,log_odds
653,TRUE,FALSE,Grounding vs Thematic,0.834959073721079,log_odds
653,TRUE,FALSE,Thematic vs Control,0.9176646316576555,log_odds
653,TRUE,FALSE,Grounding vs Control,0.3584534790922709,probability
653,TRUE,FALSE,Grounding vs Thematic,0.1394496196893461,probability
653,TRUE,FALSE,Thematic vs Control,0.21900385940292477,probability
654,TRUE,FALSE,Grounding vs Control,1.663389047685262,log_odds
654,TRUE,FALSE,Grounding vs Thematic,1.2564917506809332,log_odds
654,TRUE,FALSE,Thematic vs Control,0.40689729700432875,log_odds
654,TRUE,FALSE,Grounding vs Control,0.2756975478995123,probability
654,TRUE,FALSE,Grounding vs Thematic,0.18434676254744237,probability
654,TRUE,FALSE,Thematic vs Control,0.09135078535206992,probability
655,TRUE,FALSE,Grounding vs Control,1.3711220659161174,log_odds
655,TRUE,FALSE,Grounding vs Thematic,0.71275975166015,log_odds
655,TRUE,FALSE,Thematic vs Control,0.6583623142559674,log_odds
655,TRUE,FALSE,Grounding vs Control,0.243659432044179,probability
655,TRUE,FALSE,Grounding vs Thematic,0.07956551112782739,probability
655,TRUE,FALSE,Thematic vs Control,0.1640939209163516,probability
656,TRUE,FALSE,Grounding vs Control,1.9587229037704668,log_odds
656,TRUE,FALSE,Grounding vs Thematic,0.9082712250613403,log_odds
656,TRUE,FALSE,Thematic vs Control,1.0504516787091265,log_odds
656,TRUE,FALSE,Grounding vs Control,0.3697631519854016,probability
656,TRUE,FALSE,Grounding vs Thematic,0.12097581327167906,probability
656,TRUE,FALSE,Thematic vs Control,0.24878733871372255,probability
657,TRUE,FALSE,Grounding vs Control,1.3291058004766025,log_odds
657,TRUE,FALSE,Grounding vs Thematic,0.8091233489115885,log_odds
657,TRUE,FALSE,Thematic vs Control,0.5199824515650139,log_odds
657,TRUE,FALSE,Grounding vs Control,0.2409077171943833,probability
657,TRUE,FALSE,Grounding vs Thematic,0.12158744777986158,probability
657,TRUE,FALSE,Thematic vs Control,0.11932026941452173,probability
658,TRUE,FALSE,Grounding vs Control,1.6052035143199115,log_odds
658,TRUE,FALSE,Grounding vs Thematic,0.7909731874649331,log_odds
658,TRUE,FALSE,Thematic vs Control,0.8142303268549784,log_odds
658,TRUE,FALSE,Grounding vs Control,0.3147468069479619,probability
658,TRUE,FALSE,Grounding vs Thematic,0.1161966769775471,probability
658,TRUE,FALSE,Thematic vs Control,0.19855012997041482,probability
659,TRUE,FALSE,Grounding vs Control,1.5606943052995386,log_odds
659,TRUE,FALSE,Grounding vs Thematic,1.5419563995771441,log_odds
659,TRUE,FALSE,Thematic vs Control,0.018737905722394532,log_odds
659,TRUE,FALSE,Grounding vs Control,0.292359209735686,probability
659,TRUE,FALSE,Grounding vs Thematic,0.3015682182811595,probability
659,TRUE,FALSE,Thematic vs Control,-0.009209008545473463,probability
660,TRUE,FALSE,Grounding vs Control,1.9002311201707747,log_odds
660,TRUE,FALSE,Grounding vs Thematic,0.7822600434262021,log_odds
660,TRUE,FALSE,Thematic vs Control,1.1179710767445725,log_odds
660,TRUE,FALSE,Grounding vs Control,0.38133947378544125,probability
660,TRUE,FALSE,Grounding vs Thematic,0.11812799204536523,probability
660,TRUE,FALSE,Thematic vs Control,0.263211481740076,probability
661,TRUE,FALSE,Grounding vs Control,1.2419766014211682,log_odds
661,TRUE,FALSE,Grounding vs Thematic,0.7990547613931904,log_odds
661,TRUE,FALSE,Thematic vs Control,0.44292184002797774,log_odds
661,TRUE,FALSE,Grounding vs Control,0.2293244380802531,probability
661,TRUE,FALSE,Grounding vs Thematic,0.13479834579079308,probability
661,TRUE,FALSE,Thematic vs Control,0.09452609228946002,probability
662,TRUE,FALSE,Grounding vs Control,1.3858840381519149,log_odds
662,TRUE,FALSE,Grounding vs Thematic,0.8838717462606345,log_odds
662,TRUE,FALSE,Thematic vs Control,0.5020122918912804,log_odds
662,TRUE,FALSE,Grounding vs Control,0.2957887010250907,probability
662,TRUE,FALSE,Grounding vs Thematic,0.1546932258236155,probability
662,TRUE,FALSE,Thematic vs Control,0.14109547520147522,probability
663,TRUE,FALSE,Grounding vs Control,1.5786093281322344,log_odds
663,TRUE,FALSE,Grounding vs Thematic,0.7952030885390331,log_odds
663,TRUE,FALSE,Thematic vs Control,0.7834062395932014,log_odds
663,TRUE,FALSE,Grounding vs Control,0.29309124456345265,probability
663,TRUE,FALSE,Grounding vs Thematic,0.1244729078553184,probability
663,TRUE,FALSE,Thematic vs Control,0.16861833670813425,probability
664,TRUE,FALSE,Grounding vs Control,1.64315999079473,log_odds
664,TRUE,FALSE,Grounding vs Thematic,0.984642583704975,log_odds
664,TRUE,FALSE,Thematic vs Control,0.658517407089755,log_odds
664,TRUE,FALSE,Grounding vs Control,0.3393344219579733,probability
664,TRUE,FALSE,Grounding vs Thematic,0.2239350841542314,probability
664,TRUE,FALSE,Thematic vs Control,0.1153993378037419,probability
665,TRUE,FALSE,Grounding vs Control,2.1957023943560756,log_odds
665,TRUE,FALSE,Grounding vs Thematic,2.1917440687791427,log_odds
665,TRUE,FALSE,Thematic vs Control,0.003958325576932875,log_odds
665,TRUE,FALSE,Grounding vs Control,0.3558465688740409,probability
665,TRUE,FALSE,Grounding vs Thematic,0.3549230395489561,probability
665,TRUE,FALSE,Thematic vs Control,9.235293250848264e-4,probability
666,TRUE,FALSE,Grounding vs Control,1.0949778200642073,log_odds
666,TRUE,FALSE,Grounding vs Thematic,0.5469883769700015,log_odds
666,TRUE,FALSE,Thematic vs Control,0.5479894430942058,log_odds
666,TRUE,FALSE,Grounding vs Control,0.22903999381530882,probability
666,TRUE,FALSE,Grounding vs Thematic,0.0976080504526568,probability
666,TRUE,FALSE,Thematic vs Control,0.13143194336265202,probability
667,TRUE,FALSE,Grounding vs Control,2.02837013402977,log_odds
667,TRUE,FALSE,Grounding vs Thematic,1.418433685295534,log_odds
667,TRUE,FALSE,Thematic vs Control,0.6099364487342364,log_odds
667,TRUE,FALSE,Grounding vs Control,0.37921184379893935,probability
667,TRUE,FALSE,Grounding vs Thematic,0.23100617378107668,probability
667,TRUE,FALSE,Thematic vs Control,0.14820567001786267,probability
668,TRUE,FALSE,Grounding vs Control,1.2694232843311388,log_odds
668,TRUE,FALSE,Grounding vs Thematic,0.6341411222197935,log_odds
668,TRUE,FALSE,Thematic vs Control,0.6352821621113455,log_odds
668,TRUE,FALSE,Grounding vs Control,0.24021025410532754,probability
668,TRUE,FALSE,Grounding vs Thematic,0.09103413127248838,probability
668,TRUE,FALSE,Thematic vs Control,0.14917612283283915,probability
669,TRUE,FALSE,Grounding vs Control,1.4378563961219166,log_odds
669,TRUE,FALSE,Grounding vs Thematic,0.8843305850411227,log_odds
669,TRUE,FALSE,Thematic vs Control,0.5535258110807939,log_odds
669,TRUE,FALSE,Grounding vs Control,0.2206952467259391,probability
669,TRUE,FALSE,Grounding vs Thematic,0.09820133601546616,probability
669,TRUE,FALSE,Thematic vs Control,0.12249391071047294,probability
670,TRUE,FALSE,Grounding vs Control,2.0659933726994604,log_odds
670,TRUE,FALSE,Grounding vs Thematic,0.9553503557550234,log_odds
670,TRUE,FALSE,Thematic vs Control,1.110643016944437,log_odds
670,TRUE,FALSE,Grounding vs Control,0.39978621006475484,probability
670,TRUE,FALSE,Grounding vs Thematic,0.13473695382254314,probability
670,TRUE,FALSE,Thematic vs Control,0.2650492562422117,probability
671,TRUE,FALSE,Grounding vs Control,1.0569185225598434,log_odds
671,TRUE,FALSE,Grounding vs Thematic,1.0091188493920213,log_odds
671,TRUE,FALSE,Thematic vs Control,0.047799673167821966,log_odds
671,TRUE,FALSE,Grounding vs Control,0.204732383256367,probability
671,TRUE,FALSE,Grounding vs Thematic,0.18459846613743314,probability
671,TRUE,FALSE,Thematic vs Control,0.020133917118933864,probability
672,TRUE,FALSE,Grounding vs Control,1.0982408201157932,log_odds
672,TRUE,FALSE,Grounding vs Thematic,0.3345713881301402,log_odds
672,TRUE,FALSE,Thematic vs Control,0.763669431985653,log_odds
672,TRUE,FALSE,Grounding vs Control,0.22763114262813838,probability
672,TRUE,FALSE,Grounding vs Thematic,0.061256134870538936,probability
672,TRUE,FALSE,Thematic vs Control,0.16637500775759945,probability
673,TRUE,FALSE,Grounding vs Control,1.6476595326830203,log_odds
673,TRUE,FALSE,Grounding vs Thematic,0.6903210473379577,log_odds
673,TRUE,FALSE,Thematic vs Control,0.9573384853450626,log_odds
673,TRUE,FALSE,Grounding vs Control,0.3453041896241428,probability
673,TRUE,FALSE,Grounding vs Thematic,0.12479179345284147,probability
673,TRUE,FALSE,Thematic vs Control,0.2205123961713013,probability
674,TRUE,FALSE,Grounding vs Control,1.568870351869619,log_odds
674,TRUE,FALSE,Grounding vs Thematic,0.8423635809539605,log_odds
674,TRUE,FALSE,Thematic vs Control,0.7265067709156585,log_odds
674,TRUE,FALSE,Grounding vs Control,0.3179981922658168,probability
674,TRUE,FALSE,Grounding vs Thematic,0.1436045551855511,probability
674,TRUE,FALSE,Thematic vs Control,0.17439363708026573,probability
675,TRUE,FALSE,Grounding vs Control,2.158749993433238,log_odds
675,TRUE,FALSE,Grounding vs Thematic,1.4176635897035168,log_odds
675,TRUE,FALSE,Thematic vs Control,0.7410864037297212,log_odds
675,TRUE,FALSE,Grounding vs Control,0.39676615423675576,probability
675,TRUE,FALSE,Grounding vs Thematic,0.21279915979275832,probability
675,TRUE,FALSE,Thematic vs Control,0.18396699444399744,probability
676,TRUE,FALSE,Grounding vs Control,2.2431990996533413,log_odds
676,TRUE,FALSE,Grounding vs Thematic,1.8201332330328301,log_odds
676,TRUE,FALSE,Thematic vs Control,0.42306586662051116,log_odds
676,TRUE,FALSE,Grounding vs Control,0.3985552693402172,probability
676,TRUE,FALSE,Grounding vs Thematic,0.2959736054350629,probability
676,TRUE,FALSE,Thematic vs Control,0.10258166390515427,probability
677,TRUE,FALSE,Grounding vs Control,2.3152101875933497,log_odds
677,TRUE,FALSE,Grounding vs Thematic,1.002102865122524,log_odds
677,TRUE,FALSE,Thematic vs Control,1.313107322470826,log_odds
677,TRUE,FALSE,Grounding vs Control,0.4393781386939959,probability
677,TRUE,FALSE,Grounding vs Thematic,0.13881823983586972,probability
677,TRUE,FALSE,Thematic vs Control,0.3005598988581262,probability
678,TRUE,FALSE,Grounding vs Control,0.9793420360984761,log_odds
678,TRUE,FALSE,Grounding vs Thematic,0.34925024052267717,log_odds
678,TRUE,FALSE,Thematic vs Control,0.630091795575799,log_odds
678,TRUE,FALSE,Grounding vs Control,0.19556560209358742,probability
678,TRUE,FALSE,Grounding vs Thematic,0.05691813118891753,probability
678,TRUE,FALSE,Thematic vs Control,0.1386474709046699,probability
679,TRUE,FALSE,Grounding vs Control,1.966359208596171,log_odds
679,TRUE,FALSE,Grounding vs Thematic,1.397409696528689,log_odds
679,TRUE,FALSE,Thematic vs Control,0.5689495120674819,log_odds
679,TRUE,FALSE,Grounding vs Control,0.3658718081006797,probability
679,TRUE,FALSE,Grounding vs Thematic,0.25684270123144426,probability
679,TRUE,FALSE,Thematic vs Control,0.10902910686923545,probability
680,TRUE,FALSE,Grounding vs Control,1.7563004712664452,log_odds
680,TRUE,FALSE,Grounding vs Thematic,1.2161590589800961,log_odds
680,TRUE,FALSE,Thematic vs Control,0.540141412286349,log_odds
680,TRUE,FALSE,Grounding vs Control,0.3665924289906718,probability
680,TRUE,FALSE,Grounding vs Thematic,0.23105119426910958,probability
680,TRUE,FALSE,Thematic vs Control,0.1355412347215622,probability
681,TRUE,FALSE,Grounding vs Control,2.3028934802082457,log_odds
681,TRUE,FALSE,Grounding vs Thematic,1.7068310806688296,log_odds
681,TRUE,FALSE,Thematic vs Control,0.5960623995394159,log_odds
681,TRUE,FALSE,Grounding vs Control,0.378708855408452,probability
681,TRUE,FALSE,Grounding vs Thematic,0.2408075764742983,probability
681,TRUE,FALSE,Thematic vs Control,0.13790127893415371,probability
682,TRUE,FALSE,Grounding vs Control,2.1185453030203045,log_odds
682,TRUE,FALSE,Grounding vs Thematic,0.9525665811747785,log_odds
682,TRUE,FALSE,Thematic vs Control,1.165978721845526,log_odds
682,TRUE,FALSE,Grounding vs Control,0.40787253697731857,probability
682,TRUE,FALSE,Grounding vs Thematic,0.14139213753983854,probability
682,TRUE,FALSE,Thematic vs Control,0.26648039943748003,probability
683,TRUE,FALSE,Grounding vs Control,1.8274168293560726,log_odds
683,TRUE,FALSE,Grounding vs Thematic,1.1185997315779492,log_odds
683,TRUE,FALSE,Thematic vs Control,0.7088170977781235,log_odds
683,TRUE,FALSE,Grounding vs Control,0.31455076409716404,probability
683,TRUE,FALSE,Grounding vs Thematic,0.14824030579379127,probability
683,TRUE,FALSE,Thematic vs Control,0.16631045830337277,probability
684,TRUE,FALSE,Grounding vs Control,1.4087892439230012,log_odds
684,TRUE,FALSE,Grounding vs Thematic,0.573634574243669,log_odds
684,TRUE,FALSE,Thematic vs Control,0.8351546696793322,log_odds
684,TRUE,FALSE,Grounding vs Control,0.2826455112189527,probability
684,TRUE,FALSE,Grounding vs Thematic,0.08584774581964749,probability
684,TRUE,FALSE,Thematic vs Control,0.1967977653993052,probability
685,TRUE,FALSE,Grounding vs Control,2.431787317176611,log_odds
685,TRUE,FALSE,Grounding vs Thematic,1.7566758560304043,log_odds
685,TRUE,FALSE,Thematic vs Control,0.6751114611462068,log_odds
685,TRUE,FALSE,Grounding vs Control,0.3614747596428383,probability
685,TRUE,FALSE,Grounding vs Thematic,0.20107998047675435,probability
685,TRUE,FALSE,Thematic vs Control,0.16039477916608397,probability
686,TRUE,FALSE,Grounding vs Control,2.1109478194592004,log_odds
686,TRUE,FALSE,Grounding vs Thematic,1.3284640007042312,log_odds
686,TRUE,FALSE,Thematic vs Control,0.7824838187549694,log_odds
686,TRUE,FALSE,Grounding vs Control,0.3666353533638333,probability
686,TRUE,FALSE,Grounding vs Thematic,0.17874999921282425,probability
686,TRUE,FALSE,Thematic vs Control,0.18788535415100904,probability
687,TRUE,FALSE,Grounding vs Control,1.6062545762372598,log_odds
687,TRUE,FALSE,Grounding vs Thematic,0.6016330736329243,log_odds
687,TRUE,FALSE,Thematic vs Control,1.0046215026043355,log_odds
687,TRUE,FALSE,Grounding vs Control,0.32870309329535424,probability
687,TRUE,FALSE,Grounding vs Thematic,0.12439362183762909,probability
687,TRUE,FALSE,Thematic vs Control,0.20430947145772516,probability
688,TRUE,FALSE,Grounding vs Control,1.802335441696707,log_odds
688,TRUE,FALSE,Grounding vs Thematic,0.9584770921531378,log_odds
688,TRUE,FALSE,Thematic vs Control,0.8438583495435691,log_odds
688,TRUE,FALSE,Grounding vs Control,0.3564577653624074,probability
688,TRUE,FALSE,Grounding vs Thematic,0.1729069690211527,probability
688,TRUE,FALSE,Thematic vs Control,0.1835507963412547,probability
689,TRUE,FALSE,Grounding vs Control,1.7626174105093737,log_odds
689,TRUE,FALSE,Grounding vs Thematic,1.0030432664524291,log_odds
689,TRUE,FALSE,Thematic vs Control,0.7595741440569447,log_odds
689,TRUE,FALSE,Grounding vs Control,0.3258415035904023,probability
689,TRUE,FALSE,Grounding vs Thematic,0.1436210006586267,probability
689,TRUE,FALSE,Thematic vs Control,0.1822205029317756,probability
690,TRUE,FALSE,Grounding vs Control,2.3090882148990746,log_odds
690,TRUE,FALSE,Grounding vs Thematic,1.4060495711240701,log_odds
690,TRUE,FALSE,Thematic vs Control,0.9030386437750042,log_odds
690,TRUE,FALSE,Grounding vs Control,0.4308082404957511,probability
690,TRUE,FALSE,Grounding vs Thematic,0.21549398610045573,probability
690,TRUE,FALSE,Thematic vs Control,0.2153142543952954,probability
691,TRUE,FALSE,Grounding vs Control,1.5349035976907177,log_odds
691,TRUE,FALSE,Grounding vs Thematic,0.9641581193272881,log_odds
691,TRUE,FALSE,Thematic vs Control,0.5707454783634297,log_odds
691,TRUE,FALSE,Grounding vs Control,0.14010001166024477,probability
691,TRUE,FALSE,Grounding vs Thematic,0.03125929403692085,probability
691,TRUE,FALSE,Thematic vs Control,0.10884071762332392,probability
692,TRUE,FALSE,Grounding vs Control,1.7568959990708664,log_odds
692,TRUE,FALSE,Grounding vs Thematic,0.9935305029543342,log_odds
692,TRUE,FALSE,Thematic vs Control,0.7633654961165321,log_odds
692,TRUE,FALSE,Grounding vs Control,0.3348122817511839,probability
692,TRUE,FALSE,Grounding vs Thematic,0.1503203607874754,probability
692,TRUE,FALSE,Thematic vs Control,0.18449192096370848,probability
693,TRUE,FALSE,Grounding vs Control,1.5029674992348778,log_odds
693,TRUE,FALSE,Grounding vs Thematic,0.8718977006414583,log_odds
693,TRUE,FALSE,Thematic vs Control,0.6310697985934195,log_odds
693,TRUE,FALSE,Grounding vs Control,0.2946178639558799,probability
693,TRUE,FALSE,Grounding vs Thematic,0.16015486715281574,probability
693,TRUE,FALSE,Thematic vs Control,0.13446299680306417,probability
694,TRUE,FALSE,Grounding vs Control,0.774318469236106,log_odds
694,TRUE,FALSE,Grounding vs Thematic,0.6437097127313846,log_odds
694,TRUE,FALSE,Thematic vs Control,0.13060875650472148,log_odds
694,TRUE,FALSE,Grounding vs Control,0.15689004389040828,probability
694,TRUE,FALSE,Grounding vs Thematic,0.12738696729302817,probability
694,TRUE,FALSE,Thematic vs Control,0.029503076597380107,probability
695,TRUE,FALSE,Grounding vs Control,1.6433075985612322,log_odds
695,TRUE,FALSE,Grounding vs Thematic,0.4435951567358649,log_odds
695,TRUE,FALSE,Thematic vs Control,1.1997124418253673,log_odds
695,TRUE,FALSE,Grounding vs Control,0.35340918909809566,probability
695,TRUE,FALSE,Grounding vs Thematic,0.08085336596245934,probability
695,TRUE,FALSE,Thematic vs Control,0.2725558231356363,probability
696,TRUE,FALSE,Grounding vs Control,2.065402167675176,log_odds
696,TRUE,FALSE,Grounding vs Thematic,1.2619501216614433,log_odds
696,TRUE,FALSE,Thematic vs Control,0.8034520460137329,log_odds
696,TRUE,FALSE,Grounding vs Control,0.40796235500515554,probability
696,TRUE,FALSE,Grounding vs Thematic,0.24601244248244702,probability
696,TRUE,FALSE,Thematic vs Control,0.16194991252270852,probability
697,TRUE,FALSE,Grounding vs Control,1.6723918783335285,log_odds
697,TRUE,FALSE,Grounding vs Thematic,1.171782386117349,log_odds
697,TRUE,FALSE,Thematic vs Control,0.5006094922161795,log_odds
697,TRUE,FALSE,Grounding vs Control,0.3353627490615461,probability
697,TRUE,FALSE,Grounding vs Thematic,0.21787092597075353,probability
697,TRUE,FALSE,Thematic vs Control,0.11749182309079259,probability
698,TRUE,FALSE,Grounding vs Control,1.4875471078276767,log_odds
698,TRUE,FALSE,Grounding vs Thematic,0.8630601929254909,log_odds
698,TRUE,FALSE,Thematic vs Control,0.6244869149021858,log_odds
698,TRUE,FALSE,Grounding vs Control,0.3276331018069791,probability
698,TRUE,FALSE,Grounding vs Thematic,0.17449949204973103,probability
698,TRUE,FALSE,Thematic vs Control,0.15313360975724805,probability
699,TRUE,FALSE,Grounding vs Control,1.44474316786818,log_odds
699,TRUE,FALSE,Grounding vs Thematic,0.7917672335895134,log_odds
699,TRUE,FALSE,Thematic vs Control,0.6529759342786665,log_odds
699,TRUE,FALSE,Grounding vs Control,0.27658510635233263,probability
699,TRUE,FALSE,Grounding vs Thematic,0.12159446340554525,probability
699,TRUE,FALSE,Thematic vs Control,0.15499064294678738,probability
700,TRUE,FALSE,Grounding vs Control,1.5539617069209037,log_odds
700,TRUE,FALSE,Grounding vs Thematic,0.8102501933294066,log_odds
700,TRUE,FALSE,Thematic vs Control,0.743711513591497,log_odds
700,TRUE,FALSE,Grounding vs Control,0.2696761377966958,probability
700,TRUE,FALSE,Grounding vs Thematic,0.09928402484650156,probability
700,TRUE,FALSE,Thematic vs Control,0.17039211295019424,probability
701,TRUE,FALSE,Grounding vs Control,1.7472036245017852,log_odds
701,TRUE,FALSE,Grounding vs Thematic,0.707510359394379,log_odds
701,TRUE,FALSE,Thematic vs Control,1.0396932651074062,log_odds
701,TRUE,FALSE,Grounding vs Control,0.29890152653209573,probability
701,TRUE,FALSE,Grounding vs Thematic,0.05501094365569148,probability
701,TRUE,FALSE,Thematic vs Control,0.24389058287640425,probability
702,TRUE,FALSE,Grounding vs Control,1.8701070927618817,log_odds
702,TRUE,FALSE,Grounding vs Thematic,1.290513368681979,log_odds
702,TRUE,FALSE,Thematic vs Control,0.5795937240799026,log_odds
702,TRUE,FALSE,Grounding vs Control,0.31558911355202623,probability
702,TRUE,FALSE,Grounding vs Thematic,0.17778155244924715,probability
702,TRUE,FALSE,Thematic vs Control,0.13780756110277909,probability
703,TRUE,FALSE,Grounding vs Control,2.4951286175097627,log_odds
703,TRUE,FALSE,Grounding vs Thematic,1.3938388419549586,log_odds
703,TRUE,FALSE,Thematic vs Control,1.1012897755548041,log_odds
703,TRUE,FALSE,Grounding vs Control,0.49234878876117627,probability
703,TRUE,FALSE,Grounding vs Thematic,0.23402153139616338,probability
703,TRUE,FALSE,Thematic vs Control,0.2583272573650129,probability
704,TRUE,FALSE,Grounding vs Control,1.4486691337558553,log_odds
704,TRUE,FALSE,Grounding vs Thematic,1.1233074413619797,log_odds
704,TRUE,FALSE,Thematic vs Control,0.3253616923938756,log_odds
704,TRUE,FALSE,Grounding vs Control,0.23163938964858594,probability
704,TRUE,FALSE,Grounding vs Thematic,0.15364766901776633,probability
704,TRUE,FALSE,Thematic vs Control,0.0779917206308196,probability
705,TRUE,FALSE,Grounding vs Control,2.1785002524045787,log_odds
705,TRUE,FALSE,Grounding vs Thematic,1.713889853491707,log_odds
705,TRUE,FALSE,Thematic vs Control,0.4646103989128715,log_odds
705,TRUE,FALSE,Grounding vs Control,0.3997262425968342,probability
705,TRUE,FALSE,Grounding vs Thematic,0.2769579996403714,probability
705,TRUE,FALSE,Thematic vs Control,0.12276824295646283,probability
706,TRUE,FALSE,Grounding vs Control,2.241956920847125,log_odds
706,TRUE,FALSE,Grounding vs Thematic,1.4006254033421273,log_odds
706,TRUE,FALSE,Thematic vs Control,0.8413315175049976,log_odds
706,TRUE,FALSE,Grounding vs Control,0.4332729125202672,probability
706,TRUE,FALSE,Grounding vs Thematic,0.2438945258037431,probability
706,TRUE,FALSE,Thematic vs Control,0.18937838671652407,probability
707,TRUE,FALSE,Grounding vs Control,1.8844642281175048,log_odds
707,TRUE,FALSE,Grounding vs Thematic,1.2844421054260646,log_odds
707,TRUE,FALSE,Thematic vs Control,0.6000221226914403,log_odds
707,TRUE,FALSE,Grounding vs Control,0.3288809255900242,probability
707,TRUE,FALSE,Grounding vs Thematic,0.18549596216883463,probability
707,TRUE,FALSE,Thematic vs Control,0.14338496342118956,probability
708,TRUE,FALSE,Grounding vs Control,2.219276424913843,log_odds
708,TRUE,FALSE,Grounding vs Thematic,1.564030716510654,log_odds
708,TRUE,FALSE,Thematic vs Control,0.6552457084031889,log_odds
708,TRUE,FALSE,Grounding vs Control,0.39988734620697236,probability
708,TRUE,FALSE,Grounding vs Thematic,0.2418643202851582,probability
708,TRUE,FALSE,Thematic vs Control,0.15802302592181416,probability
709,TRUE,FALSE,Grounding vs Control,1.2444818433457843,log_odds
709,TRUE,FALSE,Grounding vs Thematic,0.9574987964333515,log_odds
709,TRUE,FALSE,Thematic vs Control,0.2869830469124328,log_odds
709,TRUE,FALSE,Grounding vs Control,0.2298720847070556,probability
709,TRUE,FALSE,Grounding vs Thematic,0.1495696103334601,probability
709,TRUE,FALSE,Thematic vs Control,0.0803024743735955,probability
710,TRUE,FALSE,Grounding vs Control,0.999923840475731,log_odds
710,TRUE,FALSE,Grounding vs Thematic,0.7206169891421955,log_odds
710,TRUE,FALSE,Thematic vs Control,0.2793068513335355,log_odds
710,TRUE,FALSE,Grounding vs Control,0.17787767437869062,probability
710,TRUE,FALSE,Grounding vs Thematic,0.11333044354950067,probability
710,TRUE,FALSE,Thematic vs Control,0.06454723082918995,probability
711,TRUE,FALSE,Grounding vs Control,1.5765309623374304,log_odds
711,TRUE,FALSE,Grounding vs Thematic,0.6673567471977342,log_odds
711,TRUE,FALSE,Thematic vs Control,0.9091742151396962,log_odds
711,TRUE,FALSE,Grounding vs Control,0.3065426504517489,probability
711,TRUE,FALSE,Grounding vs Thematic,0.10418576425816645,probability
711,TRUE,FALSE,Thematic vs Control,0.20235688619358244,probability
712,TRUE,FALSE,Grounding vs Control,0.957930973265539,log_odds
712,TRUE,FALSE,Grounding vs Thematic,1.0418496742068881,log_odds
712,TRUE,FALSE,Thematic vs Control,-0.08391870094134901,log_odds
712,TRUE,FALSE,Grounding vs Control,0.19716298602591475,probability
712,TRUE,FALSE,Grounding vs Thematic,0.21855729260274992,probability
712,TRUE,FALSE,Thematic vs Control,-0.021394306576835165,probability
713,TRUE,FALSE,Grounding vs Control,1.5881649668669424,log_odds
713,TRUE,FALSE,Grounding vs Thematic,1.0510621071002735,log_odds
713,TRUE,FALSE,Thematic vs Control,0.537102859766669,log_odds
713,TRUE,FALSE,Grounding vs Control,0.3070639612557337,probability
713,TRUE,FALSE,Grounding vs Thematic,0.17529624427582496,probability
713,TRUE,FALSE,Thematic vs Control,0.13176771697990874,probability
714,TRUE,FALSE,Grounding vs Control,2.0036772201062276,log_odds
714,TRUE,FALSE,Grounding vs Thematic,1.582121374210154,log_odds
714,TRUE,FALSE,Thematic vs Control,0.42155584589607337,log_odds
714,TRUE,FALSE,Grounding vs Control,0.42786659526830206,probability
714,TRUE,FALSE,Grounding vs Thematic,0.32402785520280586,probability
714,TRUE,FALSE,Thematic vs Control,0.1038387400654962,probability
715,TRUE,FALSE,Grounding vs Control,1.9068975933651304,log_odds
715,TRUE,FALSE,Grounding vs Thematic,1.354339284802167,log_odds
715,TRUE,FALSE,Thematic vs Control,0.5525583085629635,log_odds
715,TRUE,FALSE,Grounding vs Control,0.38395980879088193,probability
715,TRUE,FALSE,Grounding vs Thematic,0.24905093036830467,probability
715,TRUE,FALSE,Thematic vs Control,0.13490887842257726,probability
716,TRUE,FALSE,Grounding vs Control,2.191531898244488,log_odds
716,TRUE,FALSE,Grounding vs Thematic,1.8021012408285433,log_odds
716,TRUE,FALSE,Thematic vs Control,0.3894306574159446,log_odds
716,TRUE,FALSE,Grounding vs Control,0.3270567883648199,probability
716,TRUE,FALSE,Grounding vs Thematic,0.23129904553608416,probability
716,TRUE,FALSE,Thematic vs Control,0.09575774282873573,probability
717,TRUE,FALSE,Grounding vs Control,1.8069420963038967,log_odds
717,TRUE,FALSE,Grounding vs Thematic,1.3216527013211565,log_odds
717,TRUE,FALSE,Thematic vs Control,0.48528939498274015,log_odds
717,TRUE,FALSE,Grounding vs Control,0.34613253268423944,probability
717,TRUE,FALSE,Grounding vs Thematic,0.2226372659212627,probability
717,TRUE,FALSE,Thematic vs Control,0.12349526676297673,probability
718,TRUE,FALSE,Grounding vs Control,1.6583749662594751,log_odds
718,TRUE,FALSE,Grounding vs Thematic,1.429072734524468,log_odds
718,TRUE,FALSE,Thematic vs Control,0.22930223173500708,log_odds
718,TRUE,FALSE,Grounding vs Control,0.2421240947457189,probability
718,TRUE,FALSE,Grounding vs Thematic,0.18716445730867076,probability
718,TRUE,FALSE,Thematic vs Control,0.054959637437048126,probability
719,TRUE,FALSE,Grounding vs Control,1.3379895940592141,log_odds
719,TRUE,FALSE,Grounding vs Thematic,0.9224876244695601,log_odds
719,TRUE,FALSE,Thematic vs Control,0.415501969589654,log_odds
719,TRUE,FALSE,Grounding vs Control,0.26512412003966723,probability
719,TRUE,FALSE,Grounding vs Thematic,0.1650847475464141,probability
719,TRUE,FALSE,Thematic vs Control,0.10003937249325312,probability
720,TRUE,FALSE,Grounding vs Control,1.6299091916954696,log_odds
720,TRUE,FALSE,Grounding vs Thematic,0.8074119516888589,log_odds
720,TRUE,FALSE,Thematic vs Control,0.8224972400066106,log_odds
720,TRUE,FALSE,Grounding vs Control,0.36002718383105814,probability
720,TRUE,FALSE,Grounding vs Thematic,0.157542555672467,probability
720,TRUE,FALSE,Thematic vs Control,0.20248462815859114,probability
721,TRUE,FALSE,Grounding vs Control,1.7399158376484474,log_odds
721,TRUE,FALSE,Grounding vs Thematic,1.3473862993203531,log_odds
721,TRUE,FALSE,Thematic vs Control,0.39252953832809423,log_odds
721,TRUE,FALSE,Grounding vs Control,0.2754252021653296,probability
721,TRUE,FALSE,Grounding vs Thematic,0.18847318621602166,probability
721,TRUE,FALSE,Thematic vs Control,0.08695201594930796,probability
722,TRUE,FALSE,Grounding vs Control,1.628826671517531,log_odds
722,TRUE,FALSE,Grounding vs Thematic,1.1658003815994857,log_odds
722,TRUE,FALSE,Thematic vs Control,0.46302628991804534,log_odds
722,TRUE,FALSE,Grounding vs Control,0.3158179549044676,probability
722,TRUE,FALSE,Grounding vs Thematic,0.22469421406359863,probability
722,TRUE,FALSE,Thematic vs Control,0.091123740840869,probability
723,TRUE,FALSE,Grounding vs Control,1.513819002622499,log_odds
723,TRUE,FALSE,Grounding vs Thematic,1.2034981799296918,log_odds
723,TRUE,FALSE,Thematic vs Control,0.3103208226928069,log_odds
723,TRUE,FALSE,Grounding vs Control,0.28291900212657195,probability
723,TRUE,FALSE,Grounding vs Thematic,0.21161347845581752,probability
723,TRUE,FALSE,Thematic vs Control,0.07130552367075443,probability
724,TRUE,FALSE,Grounding vs Control,1.3483311751115301,log_odds
724,TRUE,FALSE,Grounding vs Thematic,0.7809541099421882,log_odds
724,TRUE,FALSE,Thematic vs Control,0.5673770651693419,log_odds
724,TRUE,FALSE,Grounding vs Control,0.24710233392239134,probability
724,TRUE,FALSE,Grounding vs Thematic,0.11623544358824489,probability
724,TRUE,FALSE,Thematic vs Control,0.13086689033414645,probability
725,TRUE,FALSE,Grounding vs Control,1.4422811696818054,log_odds
725,TRUE,FALSE,Grounding vs Thematic,0.7153137359068535,log_odds
725,TRUE,FALSE,Thematic vs Control,0.7269674337749518,log_odds
725,TRUE,FALSE,Grounding vs Control,0.2946634173036922,probability
725,TRUE,FALSE,Grounding vs Thematic,0.1216902638731156,probability
725,TRUE,FALSE,Thematic vs Control,0.17297315343057662,probability
726,TRUE,FALSE,Grounding vs Control,1.1264508441005785,log_odds
726,TRUE,FALSE,Grounding vs Thematic,0.5542406874915831,log_odds
726,TRUE,FALSE,Thematic vs Control,0.5722101566089954,log_odds
726,TRUE,FALSE,Grounding vs Control,0.197352718979194,probability
726,TRUE,FALSE,Grounding vs Thematic,0.06156510129418219,probability
726,TRUE,FALSE,Thematic vs Control,0.1357876176850118,probability
727,TRUE,FALSE,Grounding vs Control,1.3225581878934962,log_odds
727,TRUE,FALSE,Grounding vs Thematic,0.8481076795027891,log_odds
727,TRUE,FALSE,Thematic vs Control,0.4744505083907071,log_odds
727,TRUE,FALSE,Grounding vs Control,0.27339012587896566,probability
727,TRUE,FALSE,Grounding vs Thematic,0.16075362789366981,probability
727,TRUE,FALSE,Thematic vs Control,0.11263649798529585,probability
728,TRUE,FALSE,Grounding vs Control,1.726130921819742,log_odds
728,TRUE,FALSE,Grounding vs Thematic,0.9028026209939595,log_odds
728,TRUE,FALSE,Thematic vs Control,0.8233283008257826,log_odds
728,TRUE,FALSE,Grounding vs Control,0.27278039077322785,probability
728,TRUE,FALSE,Grounding vs Thematic,0.09724237648792877,probability
728,TRUE,FALSE,Thematic vs Control,0.17553801428529908,probability
729,TRUE,FALSE,Grounding vs Control,1.6486933253725333,log_odds
729,TRUE,FALSE,Grounding vs Thematic,1.3035278427698291,log_odds
729,TRUE,FALSE,Thematic vs Control,0.3451654826027042,log_odds
729,TRUE,FALSE,Grounding vs Control,0.30057818267279635,probability
729,TRUE,FALSE,Grounding vs Thematic,0.21567588876935295,probability
729,TRUE,FALSE,Thematic vs Control,0.0849022939034434,probability
730,TRUE,FALSE,Grounding vs Control,1.9770747668894715,log_odds
730,TRUE,FALSE,Grounding vs Thematic,0.3924439384819163,log_odds
730,TRUE,FALSE,Thematic vs Control,1.5846308284075552,log_odds
730,TRUE,FALSE,Grounding vs Control,0.406136750938573,probability
730,TRUE,FALSE,Grounding vs Thematic,0.11848089812391843,probability
730,TRUE,FALSE,Thematic vs Control,0.28765585281465456,probability
731,TRUE,FALSE,Grounding vs Control,2.0732135118377624,log_odds
731,TRUE,FALSE,Grounding vs Thematic,1.130060737101937,log_odds
731,TRUE,FALSE,Thematic vs Control,0.9431527747358255,log_odds
731,TRUE,FALSE,Grounding vs Control,0.40494270354660183,probability
731,TRUE,FALSE,Grounding vs Thematic,0.21553224212787597,probability
731,TRUE,FALSE,Thematic vs Control,0.18941046141872586,probability
732,TRUE,FALSE,Grounding vs Control,1.6182831204095085,log_odds
732,TRUE,FALSE,Grounding vs Thematic,1.043233678284182,log_odds
732,TRUE,FALSE,Thematic vs Control,0.5750494421253264,log_odds
732,TRUE,FALSE,Grounding vs Control,0.32044147055229727,probability
732,TRUE,FALSE,Grounding vs Thematic,0.16947790567360083,probability
732,TRUE,FALSE,Thematic vs Control,0.15096356487869644,probability
733,TRUE,FALSE,Grounding vs Control,1.7712527144555246,log_odds
733,TRUE,FALSE,Grounding vs Thematic,1.1697637280329534,log_odds
733,TRUE,FALSE,Thematic vs Control,0.6014889864225712,log_odds
733,TRUE,FALSE,Grounding vs Control,0.3362763111663818,probability
733,TRUE,FALSE,Grounding vs Thematic,0.18992937942380522,probability
733,TRUE,FALSE,Thematic vs Control,0.14634693174257657,probability
734,TRUE,FALSE,Grounding vs Control,1.6537718824266443,log_odds
734,TRUE,FALSE,Grounding vs Thematic,1.3590680000241377,log_odds
734,TRUE,FALSE,Thematic vs Control,0.29470388240250656,log_odds
734,TRUE,FALSE,Grounding vs Control,0.3053850785094856,probability
734,TRUE,FALSE,Grounding vs Thematic,0.22768003476740833,probability
734,TRUE,FALSE,Thematic vs Control,0.07770504374207726,probability
735,TRUE,FALSE,Grounding vs Control,1.8848604866333039,log_odds
735,TRUE,FALSE,Grounding vs Thematic,1.0636003096206763,log_odds
735,TRUE,FALSE,Thematic vs Control,0.8212601770126275,log_odds
735,TRUE,FALSE,Grounding vs Control,0.39764580715361886,probability
735,TRUE,FALSE,Grounding vs Thematic,0.20394112961814426,probability
735,TRUE,FALSE,Thematic vs Control,0.1937046775354746,probability
736,TRUE,FALSE,Grounding vs Control,1.2384808236888984,log_odds
736,TRUE,FALSE,Grounding vs Thematic,0.9232651665414635,log_odds
736,TRUE,FALSE,Thematic vs Control,0.31521565714743494,log_odds
736,TRUE,FALSE,Grounding vs Control,0.19583880366524714,probability
736,TRUE,FALSE,Grounding vs Thematic,0.16218898259809988,probability
736,TRUE,FALSE,Thematic vs Control,0.033649821067147256,probability
737,TRUE,FALSE,Grounding vs Control,1.7281397293542669,log_odds
737,TRUE,FALSE,Grounding vs Thematic,0.39622144470117426,log_odds
737,TRUE,FALSE,Thematic vs Control,1.3319182846530926,log_odds
737,TRUE,FALSE,Grounding vs Control,0.3536366174552584,probability
737,TRUE,FALSE,Grounding vs Thematic,0.05829163038103957,probability
737,TRUE,FALSE,Thematic vs Control,0.2953449870742188,probability
738,TRUE,FALSE,Grounding vs Control,2.259356244659964,log_odds
738,TRUE,FALSE,Grounding vs Thematic,1.3182920078616787,log_odds
738,TRUE,FALSE,Thematic vs Control,0.9410642367982855,log_odds
738,TRUE,FALSE,Grounding vs Control,0.3032551175517667,probability
738,TRUE,FALSE,Grounding vs Thematic,0.11590979496360604,probability
738,TRUE,FALSE,Thematic vs Control,0.18734532258816067,probability
739,TRUE,FALSE,Grounding vs Control,2.760557712122019,log_odds
739,TRUE,FALSE,Grounding vs Thematic,1.7520907182101975,log_odds
739,TRUE,FALSE,Thematic vs Control,1.0084669939118216,log_odds
739,TRUE,FALSE,Grounding vs Control,0.5111331876993819,probability
739,TRUE,FALSE,Grounding vs Thematic,0.2664888653902653,probability
739,TRUE,FALSE,Thematic vs Control,0.2446443223091166,probability
740,TRUE,FALSE,Grounding vs Control,1.9623507172685175,log_odds
740,TRUE,FALSE,Grounding vs Thematic,1.1219246466870287,log_odds
740,TRUE,FALSE,Thematic vs Control,0.8404260705814888,log_odds
740,TRUE,FALSE,Grounding vs Control,0.3733777867645875,probability
740,TRUE,FALSE,Grounding vs Thematic,0.18307619143340897,probability
740,TRUE,FALSE,Thematic vs Control,0.19030159533117852,probability
741,TRUE,FALSE,Grounding vs Control,1.523486884437277,log_odds
741,TRUE,FALSE,Grounding vs Thematic,1.2983572301506134,log_odds
741,TRUE,FALSE,Thematic vs Control,0.22512965428666365,log_odds
741,TRUE,FALSE,Grounding vs Control,0.25485382195212675,probability
741,TRUE,FALSE,Grounding vs Thematic,0.2048840900472328,probability
741,TRUE,FALSE,Thematic vs Control,0.049969731904893955,probability
742,TRUE,FALSE,Grounding vs Control,1.2455338059799543,log_odds
742,TRUE,FALSE,Grounding vs Thematic,0.9362538890532175,log_odds
742,TRUE,FALSE,Thematic vs Control,0.30927991692673695,log_odds
742,TRUE,FALSE,Grounding vs Control,0.22641968675658308,probability
742,TRUE,FALSE,Grounding vs Thematic,0.15497126834502728,probability
742,TRUE,FALSE,Thematic vs Control,0.0714484184115558,probability
743,TRUE,FALSE,Grounding vs Control,1.642421525040323,log_odds
743,TRUE,FALSE,Grounding vs Thematic,1.2866235135557453,log_odds
743,TRUE,FALSE,Thematic vs Control,0.35579801148457746,log_odds
743,TRUE,FALSE,Grounding vs Control,0.24273546438747068,probability
743,TRUE,FALSE,Grounding vs Thematic,0.15727303747667953,probability
743,TRUE,FALSE,Thematic vs Control,0.08546242691079114,probability
744,TRUE,FALSE,Grounding vs Control,1.4852106574449153,log_odds
744,TRUE,FALSE,Grounding vs Thematic,1.3272781508015405,log_odds
744,TRUE,FALSE,Thematic vs Control,0.15793250664337466,log_odds
744,TRUE,FALSE,Grounding vs Control,0.2572067641526494,probability
744,TRUE,FALSE,Grounding vs Thematic,0.21742921998105147,probability
744,TRUE,FALSE,Thematic vs Control,0.039777544171597956,probability
745,TRUE,TRUE,Grounding vs Control,0.5674662619245516,log_odds
745,TRUE,TRUE,Grounding vs Thematic,0.7774706261370466,log_odds
745,TRUE,TRUE,Thematic vs Control,-0.21000436421249502,log_odds
745,TRUE,TRUE,Grounding vs Control,0.10956703087998987,probability
745,TRUE,TRUE,Grounding vs Thematic,0.15790305578546993,probability
745,TRUE,TRUE,Thematic vs Control,-0.04833602490548006,probability
746,TRUE,FALSE,Grounding vs Control,1.698656961148141,log_odds
746,TRUE,FALSE,Grounding vs Thematic,0.9575717746501928,log_odds
746,TRUE,FALSE,Thematic vs Control,0.7410851864979482,log_odds
746,TRUE,FALSE,Grounding vs Control,0.3515404873613958,probability
746,TRUE,FALSE,Grounding vs Thematic,0.18091306481027053,probability
746,TRUE,FALSE,Thematic vs Control,0.17062742255112529,probability
747,TRUE,FALSE,Grounding vs Control,1.6690230077638977,log_odds
747,TRUE,FALSE,Grounding vs Thematic,0.9404359169873563,log_odds
747,TRUE,FALSE,Thematic vs Control,0.7285870907765413,log_odds
747,TRUE,FALSE,Grounding vs Control,0.3417559104779145,probability
747,TRUE,FALSE,Grounding vs Thematic,0.16414681281900784,probability
747,TRUE,FALSE,Thematic vs Control,0.17760909765890665,probability
748,TRUE,FALSE,Grounding vs Control,1.2698130791296993,log_odds
748,TRUE,FALSE,Grounding vs Thematic,0.4447751470105472,log_odds
748,TRUE,FALSE,Thematic vs Control,0.8250379321191522,log_odds
748,TRUE,FALSE,Grounding vs Control,0.28046586499254134,probability
748,TRUE,FALSE,Grounding vs Thematic,0.08324055792319779,probability
748,TRUE,FALSE,Thematic vs Control,0.19722530706934355,probability
749,TRUE,FALSE,Grounding vs Control,1.505630309605212,log_odds
749,TRUE,FALSE,Grounding vs Thematic,1.067328776782624,log_odds
749,TRUE,FALSE,Thematic vs Control,0.4383015328225879,log_odds
749,TRUE,FALSE,Grounding vs Control,0.3073634769361583,probability
749,TRUE,FALSE,Grounding vs Thematic,0.19905712181219704,probability
749,TRUE,FALSE,Thematic vs Control,0.10830635512396125,probability
750,TRUE,FALSE,Grounding vs Control,1.8217612506507426,log_odds
750,TRUE,FALSE,Grounding vs Thematic,1.1841661729513853,log_odds
750,TRUE,FALSE,Thematic vs Control,0.6375950776993573,log_odds
750,TRUE,FALSE,Grounding vs Control,0.3770272224764417,probability
750,TRUE,FALSE,Grounding vs Thematic,0.23020873928204555,probability
750,TRUE,FALSE,Thematic vs Control,0.14681848319439617,probability
751,TRUE,FALSE,Grounding vs Control,1.4254405455644907,log_odds
751,TRUE,FALSE,Grounding vs Thematic,0.4090599848771801,log_odds
751,TRUE,FALSE,Thematic vs Control,1.0163805606873106,log_odds
751,TRUE,FALSE,Grounding vs Control,0.2968476281732484,probability
751,TRUE,FALSE,Grounding vs Thematic,0.06560261258951083,probability
751,TRUE,FALSE,Thematic vs Control,0.23124501558373756,probability
752,TRUE,FALSE,Grounding vs Control,1.6452616202130184,log_odds
752,TRUE,FALSE,Grounding vs Thematic,0.898568744729161,log_odds
752,TRUE,FALSE,Thematic vs Control,0.7466928754838572,log_odds
752,TRUE,FALSE,Grounding vs Control,0.2926875594278357,probability
752,TRUE,FALSE,Grounding vs Thematic,0.11750497675099542,probability
752,TRUE,FALSE,Thematic vs Control,0.17518258267684028,probability
753,TRUE,FALSE,Grounding vs Control,1.4740199132265897,log_odds
753,TRUE,FALSE,Grounding vs Thematic,0.9133347470526976,log_odds
753,TRUE,FALSE,Thematic vs Control,0.560685166173892,log_odds
753,TRUE,FALSE,Grounding vs Control,0.3137032221216112,probability
753,TRUE,FALSE,Grounding vs Thematic,0.17622889676635117,probability
753,TRUE,FALSE,Thematic vs Control,0.13747432535526005,probability
754,TRUE,FALSE,Grounding vs Control,1.413060770770447,log_odds
754,TRUE,FALSE,Grounding vs Thematic,0.9979419496345416,log_odds
754,TRUE,FALSE,Thematic vs Control,0.41511882113590537,log_odds
754,TRUE,FALSE,Grounding vs Control,0.2909292909675079,probability
754,TRUE,FALSE,Grounding vs Thematic,0.18648595512568727,probability
754,TRUE,FALSE,Thematic vs Control,0.10444333584182064,probability
755,TRUE,FALSE,Grounding vs Control,1.4675086823189343,log_odds
755,TRUE,FALSE,Grounding vs Thematic,0.8882628632482108,log_odds
755,TRUE,FALSE,Thematic vs Control,0.5792458190707235,log_odds
755,TRUE,FALSE,Grounding vs Control,0.23422770588305153,probability
755,TRUE,FALSE,Grounding vs Thematic,0.09771171621992847,probability
755,TRUE,FALSE,Thematic vs Control,0.13651598966312306,probability
756,TRUE,FALSE,Grounding vs Control,2.020383603727945,log_odds
756,TRUE,FALSE,Grounding vs Thematic,1.5860613777849073,log_odds
756,TRUE,FALSE,Thematic vs Control,0.4343222259430377,log_odds
756,TRUE,FALSE,Grounding vs Control,0.34585615811061177,probability
756,TRUE,FALSE,Grounding vs Thematic,0.22516612347472892,probability
756,TRUE,FALSE,Thematic vs Control,0.12069003463588285,probability
757,TRUE,FALSE,Grounding vs Control,1.7849758525669288,log_odds
757,TRUE,FALSE,Grounding vs Thematic,1.2361433628694787,log_odds
757,TRUE,FALSE,Thematic vs Control,0.5488324896974502,log_odds
757,TRUE,FALSE,Grounding vs Control,0.34090799841600433,probability
757,TRUE,FALSE,Grounding vs Thematic,0.21166825600425,probability
757,TRUE,FALSE,Thematic vs Control,0.12923974241175434,probability
758,TRUE,FALSE,Grounding vs Control,1.797231044858631,log_odds
758,TRUE,FALSE,Grounding vs Thematic,1.2350004520436206,log_odds
758,TRUE,FALSE,Thematic vs Control,0.5622305928150103,log_odds
758,TRUE,FALSE,Grounding vs Control,0.3008756535084861,probability
758,TRUE,FALSE,Grounding vs Thematic,0.18709208486070006,probability
758,TRUE,FALSE,Thematic vs Control,0.11378356864778605,probability
759,TRUE,FALSE,Grounding vs Control,1.8158603078354183,log_odds
759,TRUE,FALSE,Grounding vs Thematic,0.5805858647140019,log_odds
759,TRUE,FALSE,Thematic vs Control,1.2352744431214164,log_odds
759,TRUE,FALSE,Grounding vs Control,0.34715844880190533,probability
759,TRUE,FALSE,Grounding vs Thematic,0.05926073120922254,probability
759,TRUE,FALSE,Thematic vs Control,0.2878977175926828,probability
760,TRUE,FALSE,Grounding vs Control,1.5514474294115335,log_odds
760,TRUE,FALSE,Grounding vs Thematic,0.9295874339809909,log_odds
760,TRUE,FALSE,Thematic vs Control,0.6218599954305427,log_odds
760,TRUE,FALSE,Grounding vs Control,0.2975425785244707,probability
760,TRUE,FALSE,Grounding vs Thematic,0.1487035835853403,probability
760,TRUE,FALSE,Thematic vs Control,0.1488389949391304,probability
761,TRUE,FALSE,Grounding vs Control,2.074768615945896,log_odds
761,TRUE,FALSE,Grounding vs Thematic,1.1707062100222156,log_odds
761,TRUE,FALSE,Thematic vs Control,0.9040624059236799,log_odds
761,TRUE,FALSE,Grounding vs Control,0.3954185205335107,probability
761,TRUE,FALSE,Grounding vs Thematic,0.18011537712820758,probability
761,TRUE,FALSE,Thematic vs Control,0.2153031434053031,probability
762,TRUE,FALSE,Grounding vs Control,1.5214416317649841,log_odds
762,TRUE,FALSE,Grounding vs Thematic,0.959612363047115,log_odds
762,TRUE,FALSE,Thematic vs Control,0.5618292687178693,log_odds
762,TRUE,FALSE,Grounding vs Control,0.3085700117561195,probability
762,TRUE,FALSE,Grounding vs Thematic,0.19674608613910616,probability
762,TRUE,FALSE,Thematic vs Control,0.11182392561701332,probability
763,TRUE,FALSE,Grounding vs Control,1.5560254082233387,log_odds
763,TRUE,FALSE,Grounding vs Thematic,1.1271945233899374,log_odds
763,TRUE,FALSE,Thematic vs Control,0.42883088483340137,log_odds
763,TRUE,FALSE,Grounding vs Control,0.3414935112793874,probability
763,TRUE,FALSE,Grounding vs Thematic,0.25739813468969436,probability
763,TRUE,FALSE,Thematic vs Control,0.08409537658969302,probability
764,TRUE,FALSE,Grounding vs Control,1.5319711342312208,log_odds
764,TRUE,FALSE,Grounding vs Thematic,1.1346418238672076,log_odds
764,TRUE,FALSE,Thematic vs Control,0.3973293103640131,log_odds
764,TRUE,FALSE,Grounding vs Control,0.3179723411071573,probability
764,TRUE,FALSE,Grounding vs Thematic,0.21583454689073656,probability
764,TRUE,FALSE,Thematic vs Control,0.10213779421642072,probability
765,TRUE,FALSE,Grounding vs Control,1.5441096863288892,log_odds
765,TRUE,FALSE,Grounding vs Thematic,0.5696617087652751,log_odds
765,TRUE,FALSE,Thematic vs Control,0.9744479775636141,log_odds
765,TRUE,FALSE,Grounding vs Control,0.3240335388091983,probability
765,TRUE,FALSE,Grounding vs Thematic,0.09079157419992223,probability
765,TRUE,FALSE,Thematic vs Control,0.23324196460927604,probability
766,TRUE,FALSE,Grounding vs Control,1.6899533414818178,log_odds
766,TRUE,FALSE,Grounding vs Thematic,1.1813212981273638,log_odds
766,TRUE,FALSE,Thematic vs Control,0.5086320433544538,log_odds
766,TRUE,FALSE,Grounding vs Control,0.3242589832258713,probability
766,TRUE,FALSE,Grounding vs Thematic,0.20048712835648125,probability
766,TRUE,FALSE,Thematic vs Control,0.12377185486939007,probability
767,TRUE,FALSE,Grounding vs Control,2.144872309789528,log_odds
767,TRUE,FALSE,Grounding vs Thematic,1.665974307802792,log_odds
767,TRUE,FALSE,Thematic vs Control,0.47889800198673615,log_odds
767,TRUE,FALSE,Grounding vs Control,0.3940176025577381,probability
767,TRUE,FALSE,Grounding vs Thematic,0.26959655444639685,probability
767,TRUE,FALSE,Thematic vs Control,0.12442104811134125,probability
768,TRUE,FALSE,Grounding vs Control,1.6688244774706704,log_odds
768,TRUE,FALSE,Grounding vs Thematic,0.6030009867666744,log_odds
768,TRUE,FALSE,Thematic vs Control,1.065823490703996,log_odds
768,TRUE,FALSE,Grounding vs Control,0.2895558304059052,probability
768,TRUE,FALSE,Grounding vs Thematic,0.04293112846123692,probability
768,TRUE,FALSE,Thematic vs Control,0.2466247019446683,probability
769,TRUE,FALSE,Grounding vs Control,1.620671258053174,log_odds
769,TRUE,FALSE,Grounding vs Thematic,1.1589826471390392,log_odds
769,TRUE,FALSE,Thematic vs Control,0.4616886109141347,log_odds
769,TRUE,FALSE,Grounding vs Control,0.27023445651044364,probability
769,TRUE,FALSE,Grounding vs Thematic,0.17239978613515183,probability
769,TRUE,FALSE,Thematic vs Control,0.09783467037529181,probability
770,TRUE,FALSE,Grounding vs Control,1.7532540299921169,log_odds
770,TRUE,FALSE,Grounding vs Thematic,0.8560242096036059,log_odds
770,TRUE,FALSE,Thematic vs Control,0.8972298203885108,log_odds
770,TRUE,FALSE,Grounding vs Control,0.3543115647129877,probability
770,TRUE,FALSE,Grounding vs Thematic,0.14167367781204193,probability
770,TRUE,FALSE,Thematic vs Control,0.21263788690094576,probability
771,TRUE,FALSE,Grounding vs Control,1.359008840085397,log_odds
771,TRUE,FALSE,Grounding vs Thematic,1.0036840749568796,log_odds
771,TRUE,FALSE,Thematic vs Control,0.3553247651285174,log_odds
771,TRUE,FALSE,Grounding vs Control,0.2534466310215531,probability
771,TRUE,FALSE,Grounding vs Thematic,0.1717168295051426,probability
771,TRUE,FALSE,Thematic vs Control,0.08172980151641052,probability
772,TRUE,FALSE,Grounding vs Control,1.2387190370785066,log_odds
772,TRUE,FALSE,Grounding vs Thematic,0.972272316867381,log_odds
772,TRUE,FALSE,Thematic vs Control,0.2664467202111256,log_odds
772,TRUE,FALSE,Grounding vs Control,0.19376470929198492,probability
772,TRUE,FALSE,Grounding vs Thematic,0.13637594468694658,probability
772,TRUE,FALSE,Thematic vs Control,0.057388764605038334,probability
773,TRUE,FALSE,Grounding vs Control,1.993215803010667,log_odds
773,TRUE,FALSE,Grounding vs Thematic,0.8025947355693475,log_odds
773,TRUE,FALSE,Thematic vs Control,1.1906210674413196,log_odds
773,TRUE,FALSE,Grounding vs Control,0.3806233240542345,probability
773,TRUE,FALSE,Grounding vs Thematic,0.10325733524664432,probability
773,TRUE,FALSE,Thematic vs Control,0.27736598880759017,probability
774,TRUE,FALSE,Grounding vs Control,1.0216830960957117,log_odds
774,TRUE,FALSE,Grounding vs Thematic,0.5178459874359036,log_odds
774,TRUE,FALSE,Thematic vs Control,0.5038371086598081,log_odds
774,TRUE,FALSE,Grounding vs Control,0.2052621718985328,probability
774,TRUE,FALSE,Grounding vs Thematic,0.09889438785758631,probability
774,TRUE,FALSE,Thematic vs Control,0.10636778404094649,probability
775,TRUE,FALSE,Grounding vs Control,1.5999257047022506,log_odds
775,TRUE,FALSE,Grounding vs Thematic,1.2202528137890363,log_odds
775,TRUE,FALSE,Thematic vs Control,0.37967289091321443,log_odds
775,TRUE,FALSE,Grounding vs Control,0.26749281060529684,probability
775,TRUE,FALSE,Grounding vs Thematic,0.18718373736044663,probability
775,TRUE,FALSE,Thematic vs Control,0.0803090732448502,probability
776,TRUE,FALSE,Grounding vs Control,2.066450725236091,log_odds
776,TRUE,FALSE,Grounding vs Thematic,1.0788881962852679,log_odds
776,TRUE,FALSE,Thematic vs Control,0.987562528950823,log_odds
776,TRUE,FALSE,Grounding vs Control,0.3526160128568468,probability
776,TRUE,FALSE,Grounding vs Thematic,0.14019524597330452,probability
776,TRUE,FALSE,Thematic vs Control,0.21242076688354228,probability
777,TRUE,FALSE,Grounding vs Control,1.749544324094567,log_odds
777,TRUE,FALSE,Grounding vs Thematic,1.2849730171548495,log_odds
777,TRUE,FALSE,Thematic vs Control,0.4645713069397175,log_odds
777,TRUE,FALSE,Grounding vs Control,0.2828530007983077,probability
777,TRUE,FALSE,Grounding vs Thematic,0.18482127014219163,probability
777,TRUE,FALSE,Thematic vs Control,0.09803173065611609,probability
778,TRUE,FALSE,Grounding vs Control,0.9445179274397009,log_odds
778,TRUE,FALSE,Grounding vs Thematic,0.9345324034785871,log_odds
778,TRUE,FALSE,Thematic vs Control,0.00998552396111374,log_odds
778,TRUE,FALSE,Grounding vs Control,0.16108098324883952,probability
778,TRUE,FALSE,Grounding vs Thematic,0.16987715705493678,probability
778,TRUE,FALSE,Thematic vs Control,-0.008796173806097263,probability
779,TRUE,FALSE,Grounding vs Control,1.6876448177232835,log_odds
779,TRUE,FALSE,Grounding vs Thematic,0.98693770665777,log_odds
779,TRUE,FALSE,Thematic vs Control,0.7007071110655133,log_odds
779,TRUE,FALSE,Grounding vs Control,0.28630452107254245,probability
779,TRUE,FALSE,Grounding vs Thematic,0.13446055479553204,probability
779,TRUE,FALSE,Thematic vs Control,0.1518439662770104,probability
780,TRUE,TRUE,Grounding vs Control,1.8021141353722776,log_odds
780,TRUE,TRUE,Grounding vs Thematic,1.3631554264054735,log_odds
780,TRUE,TRUE,Thematic vs Control,0.4389587089668043,log_odds
780,TRUE,TRUE,Grounding vs Control,0.3128604321469595,probability
780,TRUE,TRUE,Grounding vs Thematic,0.21214442508093723,probability
780,TRUE,TRUE,Thematic vs Control,0.1007160070660223,probability
781,TRUE,FALSE,Grounding vs Control,1.7647821090766307,log_odds
781,TRUE,FALSE,Grounding vs Thematic,1.187046655348737,log_odds
781,TRUE,FALSE,Thematic vs Control,0.5777354537278937,log_odds
781,TRUE,FALSE,Grounding vs Control,0.3160622655577322,probability
781,TRUE,FALSE,Grounding vs Thematic,0.20153421667890214,probability
781,TRUE,FALSE,Thematic vs Control,0.11452804887883006,probability
782,TRUE,FALSE,Grounding vs Control,2.308537351978962,log_odds
782,TRUE,FALSE,Grounding vs Thematic,1.8378062809952946,log_odds
782,TRUE,FALSE,Thematic vs Control,0.47073107098366707,log_odds
782,TRUE,FALSE,Grounding vs Control,0.37046511747976135,probability
782,TRUE,FALSE,Grounding vs Thematic,0.250912305668636,probability
782,TRUE,FALSE,Thematic vs Control,0.11955281181112537,probability
783,TRUE,FALSE,Grounding vs Control,2.4370807728216937,log_odds
783,TRUE,FALSE,Grounding vs Thematic,2.077006997074667,log_odds
783,TRUE,FALSE,Thematic vs Control,0.3600737757470266,log_odds
783,TRUE,FALSE,Grounding vs Control,0.44755040120403944,probability
783,TRUE,FALSE,Grounding vs Thematic,0.36181624908852783,probability
783,TRUE,FALSE,Thematic vs Control,0.08573415211551161,probability
784,TRUE,FALSE,Grounding vs Control,0.7726628627266552,log_odds
784,TRUE,FALSE,Grounding vs Thematic,0.1954189230015262,log_odds
784,TRUE,FALSE,Thematic vs Control,0.577243939725129,log_odds
784,TRUE,FALSE,Grounding vs Control,0.12626904330472377,probability
784,TRUE,FALSE,Grounding vs Thematic,-0.004940912303450673,probability
784,TRUE,FALSE,Thematic vs Control,0.13120995560817444,probability
785,TRUE,FALSE,Grounding vs Control,1.5675548853984729,log_odds
785,TRUE,FALSE,Grounding vs Thematic,1.4406494007343729,log_odds
785,TRUE,FALSE,Thematic vs Control,0.12690548466410012,log_odds
785,TRUE,FALSE,Grounding vs Control,0.2968590552272718,probability
785,TRUE,FALSE,Grounding vs Thematic,0.2693206622317454,probability
785,TRUE,FALSE,Thematic vs Control,0.027538392995526406,probability
786,TRUE,FALSE,Grounding vs Control,1.4942534684327753,log_odds
786,TRUE,FALSE,Grounding vs Thematic,0.9264989230951322,log_odds
786,TRUE,FALSE,Thematic vs Control,0.5677545453376432,log_odds
786,TRUE,FALSE,Grounding vs Control,0.2594146018029648,probability
786,TRUE,FALSE,Grounding vs Thematic,0.12343117078304278,probability
786,TRUE,FALSE,Thematic vs Control,0.135983431019922,probability
787,TRUE,FALSE,Grounding vs Control,1.6045798611110011,log_odds
787,TRUE,FALSE,Grounding vs Thematic,0.9433572501933618,log_odds
787,TRUE,FALSE,Thematic vs Control,0.6612226109176393,log_odds
787,TRUE,FALSE,Grounding vs Control,0.22438589340885096,probability
787,TRUE,FALSE,Grounding vs Thematic,0.06278575966196903,probability
787,TRUE,FALSE,Thematic vs Control,0.16160013374688192,probability
788,TRUE,FALSE,Grounding vs Control,1.5239844009782144,log_odds
788,TRUE,FALSE,Grounding vs Thematic,1.0605405700524566,log_odds
788,TRUE,FALSE,Thematic vs Control,0.4634438309257578,log_odds
788,TRUE,FALSE,Grounding vs Control,0.2640238663961166,probability
788,TRUE,FALSE,Grounding vs Thematic,0.15362201863255437,probability
788,TRUE,FALSE,Thematic vs Control,0.11040184776356221,probability
789,TRUE,FALSE,Grounding vs Control,1.8797699609367053,log_odds
789,TRUE,FALSE,Grounding vs Thematic,1.4022949719789612,log_odds
789,TRUE,FALSE,Thematic vs Control,0.4774749889577442,log_odds
789,TRUE,FALSE,Grounding vs Control,0.31939439400519926,probability
789,TRUE,FALSE,Grounding vs Thematic,0.22473089739288465,probability
789,TRUE,FALSE,Thematic vs Control,0.0946634966123146,probability
790,TRUE,FALSE,Grounding vs Control,1.7024101405210927,log_odds
790,TRUE,FALSE,Grounding vs Thematic,1.0229657411199755,log_odds
790,TRUE,FALSE,Thematic vs Control,0.6794443994011172,log_odds
790,TRUE,FALSE,Grounding vs Control,0.314817778267462,probability
790,TRUE,FALSE,Grounding vs Thematic,0.1587698078966439,probability
790,TRUE,FALSE,Thematic vs Control,0.15604797037081808,probability
791,TRUE,FALSE,Grounding vs Control,1.4663457404139795,log_odds
791,TRUE,FALSE,Grounding vs Thematic,0.9329982431971886,log_odds
791,TRUE,FALSE,Thematic vs Control,0.5333474972167909,log_odds
791,TRUE,FALSE,Grounding vs Control,0.27847282677828455,probability
791,TRUE,FALSE,Grounding vs Thematic,0.15222867901824366,probability
791,TRUE,FALSE,Thematic vs Control,0.1262441477600409,probability
792,TRUE,FALSE,Grounding vs Control,1.679499454946541,log_odds
792,TRUE,FALSE,Grounding vs Thematic,0.8300526071485135,log_odds
792,TRUE,FALSE,Thematic vs Control,0.8494468477980275,log_odds
792,TRUE,FALSE,Grounding vs Control,0.3407702090073599,probability
792,TRUE,FALSE,Grounding vs Thematic,0.1413557429448199,probability
792,TRUE,FALSE,Thematic vs Control,0.19941446606253999,probability
793,TRUE,FALSE,Grounding vs Control,1.4005157466795402,log_odds
793,TRUE,FALSE,Grounding vs Thematic,0.9187777516031472,log_odds
793,TRUE,FALSE,Thematic vs Control,0.481737995076393,log_odds
793,TRUE,FALSE,Grounding vs Control,0.2843701316870951,probability
793,TRUE,FALSE,Grounding vs Thematic,0.1697973718434852,probability
793,TRUE,FALSE,Thematic vs Control,0.11457275984360987,probability
794,TRUE,FALSE,Grounding vs Control,2.039367428348698,log_odds
794,TRUE,FALSE,Grounding vs Thematic,1.4075539163268442,log_odds
794,TRUE,FALSE,Thematic vs Control,0.6318135120218538,log_odds
794,TRUE,FALSE,Grounding vs Control,0.33122564725235126,probability
794,TRUE,FALSE,Grounding vs Thematic,0.1844079494482519,probability
794,TRUE,FALSE,Thematic vs Control,0.14681769780409937,probability
795,TRUE,FALSE,Grounding vs Control,1.9048189379154146,log_odds
795,TRUE,FALSE,Grounding vs Thematic,0.9432731248666013,log_odds
795,TRUE,FALSE,Thematic vs Control,0.9615458130488133,log_odds
795,TRUE,FALSE,Grounding vs Control,0.37573292921225,probability
795,TRUE,FALSE,Grounding vs Thematic,0.14852590516865816,probability
795,TRUE,FALSE,Thematic vs Control,0.22720702404359183,probability
796,TRUE,FALSE,Grounding vs Control,2.028380321406292,log_odds
796,TRUE,FALSE,Grounding vs Thematic,1.0439015696217988,log_odds
796,TRUE,FALSE,Thematic vs Control,0.9844787517844935,log_odds
796,TRUE,FALSE,Grounding vs Control,0.4032650473245538,probability
796,TRUE,FALSE,Grounding vs Thematic,0.17329464696591368,probability
796,TRUE,FALSE,Thematic vs Control,0.22997040035864014,probability
797,TRUE,FALSE,Grounding vs Control,1.82112565180139,log_odds
797,TRUE,FALSE,Grounding vs Thematic,1.1484860990819206,log_odds
797,TRUE,FALSE,Thematic vs Control,0.6726395527194696,log_odds
797,TRUE,FALSE,Grounding vs Control,0.3499106130516028,probability
797,TRUE,FALSE,Grounding vs Thematic,0.1887529338105885,probability
797,TRUE,FALSE,Thematic vs Control,0.16115767924101432,probability
798,TRUE,FALSE,Grounding vs Control,0.532688388625199,log_odds
798,TRUE,FALSE,Grounding vs Thematic,0.14050549108762955,log_odds
798,TRUE,FALSE,Thematic vs Control,0.3921828975375694,log_odds
798,TRUE,FALSE,Grounding vs Control,0.11090891465543018,probability
798,TRUE,FALSE,Grounding vs Thematic,0.035970176472767346,probability
798,TRUE,FALSE,Thematic vs Control,0.07493873818266283,probability
799,TRUE,FALSE,Grounding vs Control,2.4880081627322364,log_odds
799,TRUE,FALSE,Grounding vs Thematic,1.1266202995271233,log_odds
799,TRUE,FALSE,Thematic vs Control,1.361387863205113,log_odds
799,TRUE,FALSE,Grounding vs Control,0.37256036570600776,probability
799,TRUE,FALSE,Grounding vs Thematic,0.06073173735605203,probability
799,TRUE,FALSE,Thematic vs Control,0.31182862834995573,probability
800,TRUE,FALSE,Grounding vs Control,2.7741649365983068,log_odds
800,TRUE,FALSE,Grounding vs Thematic,1.7336562825023112,log_odds
800,TRUE,FALSE,Thematic vs Control,1.0405086540959956,log_odds
800,TRUE,FALSE,Grounding vs Control,0.51395016160605,probability
800,TRUE,FALSE,Grounding vs Thematic,0.2783942201464402,probability
800,TRUE,FALSE,Thematic vs Control,0.23555594145960984,probability
801,TRUE,FALSE,Grounding vs Control,1.4617876124296791,log_odds
801,TRUE,FALSE,Grounding vs Thematic,0.9641650752027577,log_odds
801,TRUE,FALSE,Thematic vs Control,0.4976225372269214,log_odds
801,TRUE,FALSE,Grounding vs Control,0.29308826070023797,probability
801,TRUE,FALSE,Grounding vs Thematic,0.17404396123465177,probability
801,TRUE,FALSE,Thematic vs Control,0.1190442994655862,probability
802,TRUE,FALSE,Grounding vs Control,1.2824503462239614,log_odds
802,TRUE,FALSE,Grounding vs Thematic,0.6641140731807378,log_odds
802,TRUE,FALSE,Thematic vs Control,0.6183362730432237,log_odds
802,TRUE,FALSE,Grounding vs Control,0.23904340921929867,probability
802,TRUE,FALSE,Grounding vs Thematic,0.09225925539952512,probability
802,TRUE,FALSE,Thematic vs Control,0.14678415381977356,probability
803,TRUE,FALSE,Grounding vs Control,1.4316615468607978,log_odds
803,TRUE,FALSE,Grounding vs Thematic,1.0525999669837618,log_odds
803,TRUE,FALSE,Thematic vs Control,0.37906157987703604,log_odds
803,TRUE,FALSE,Grounding vs Control,0.25193645403565645,probability
803,TRUE,FALSE,Grounding vs Thematic,0.1536241759922099,probability
803,TRUE,FALSE,Thematic vs Control,0.09831227804344655,probability
804,TRUE,FALSE,Grounding vs Control,0.9243529535111106,log_odds
804,TRUE,FALSE,Grounding vs Thematic,0.9134691333568548,log_odds
804,TRUE,FALSE,Thematic vs Control,0.010883820154255819,log_odds
804,TRUE,FALSE,Grounding vs Control,0.17491237677019827,probability
804,TRUE,FALSE,Grounding vs Thematic,0.17188998520867782,probability
804,TRUE,FALSE,Thematic vs Control,0.0030223915615204544,probability
805,TRUE,FALSE,Grounding vs Control,1.4716851175174035,log_odds
805,TRUE,FALSE,Grounding vs Thematic,0.5339827010281804,log_odds
805,TRUE,FALSE,Thematic vs Control,0.9377024164892231,log_odds
805,TRUE,FALSE,Grounding vs Control,0.3035338202375079,probability
805,TRUE,FALSE,Grounding vs Thematic,0.07791470750149199,probability
805,TRUE,FALSE,Thematic vs Control,0.22561911273601593,probability
806,TRUE,FALSE,Grounding vs Control,2.2370158863901115,log_odds
806,TRUE,FALSE,Grounding vs Thematic,1.2697325241663457,log_odds
806,TRUE,FALSE,Thematic vs Control,0.967283362223766,log_odds
806,TRUE,FALSE,Grounding vs Control,0.3036128444900892,probability
806,TRUE,FALSE,Grounding vs Thematic,0.08672256998885941,probability
806,TRUE,FALSE,Thematic vs Control,0.21689027450122977,probability
807,TRUE,FALSE,Grounding vs Control,1.994526024994798,log_odds
807,TRUE,FALSE,Grounding vs Thematic,1.0767538426352894,log_odds
807,TRUE,FALSE,Thematic vs Control,0.9177721823595086,log_odds
807,TRUE,FALSE,Grounding vs Control,0.39785099166822935,probability
807,TRUE,FALSE,Grounding vs Thematic,0.18447194723382498,probability
807,TRUE,FALSE,Thematic vs Control,0.21337904443440436,probability
808,TRUE,FALSE,Grounding vs Control,2.073500518558163,log_odds
808,TRUE,FALSE,Grounding vs Thematic,0.9297766823579632,log_odds
808,TRUE,FALSE,Thematic vs Control,1.1437238362002002,log_odds
808,TRUE,FALSE,Grounding vs Control,0.3967223046012242,probability
808,TRUE,FALSE,Grounding vs Thematic,0.13697118320336926,probability
808,TRUE,FALSE,Thematic vs Control,0.25975112139785494,probability
809,TRUE,FALSE,Grounding vs Control,1.5364231497733625,log_odds
809,TRUE,FALSE,Grounding vs Thematic,1.063412867929025,log_odds
809,TRUE,FALSE,Thematic vs Control,0.4730102818443376,log_odds
809,TRUE,FALSE,Grounding vs Control,0.27392792211363215,probability
809,TRUE,FALSE,Grounding vs Thematic,0.17389423002719667,probability
809,TRUE,FALSE,Thematic vs Control,0.10003369208643548,probability
810,TRUE,FALSE,Grounding vs Control,1.3943273822739441,log_odds
810,TRUE,FALSE,Grounding vs Thematic,0.8221719320190919,log_odds
810,TRUE,FALSE,Thematic vs Control,0.5721554502548524,log_odds
810,TRUE,FALSE,Grounding vs Control,0.25294923141193065,probability
810,TRUE,FALSE,Grounding vs Thematic,0.11587266030025173,probability
810,TRUE,FALSE,Thematic vs Control,0.13707657111167892,probability
811,TRUE,FALSE,Grounding vs Control,1.3015596799765508,log_odds
811,TRUE,FALSE,Grounding vs Thematic,0.9457223484389743,log_odds
811,TRUE,FALSE,Thematic vs Control,0.3558373315375766,log_odds
811,TRUE,FALSE,Grounding vs Control,0.21638265079037106,probability
811,TRUE,FALSE,Grounding vs Thematic,0.15906524748266582,probability
811,TRUE,FALSE,Thematic vs Control,0.05731740330770524,probability
812,TRUE,FALSE,Grounding vs Control,1.5495008306570852,log_odds
812,TRUE,FALSE,Grounding vs Thematic,0.6125473083803987,log_odds
812,TRUE,FALSE,Thematic vs Control,0.9369535222766865,log_odds
812,TRUE,FALSE,Grounding vs Control,0.26927013790474835,probability
812,TRUE,FALSE,Grounding vs Thematic,0.044804498607838306,probability
812,TRUE,FALSE,Thematic vs Control,0.22446563929691005,probability
813,TRUE,FALSE,Grounding vs Control,1.879896543348611,log_odds
813,TRUE,FALSE,Grounding vs Thematic,1.2765876724211518,log_odds
813,TRUE,FALSE,Thematic vs Control,0.6033088709274591,log_odds
813,TRUE,FALSE,Grounding vs Control,0.3516121936265348,probability
813,TRUE,FALSE,Grounding vs Thematic,0.2084105611682932,probability
813,TRUE,FALSE,Thematic vs Control,0.14320163245824158,probability
814,TRUE,FALSE,Grounding vs Control,1.348867784126034,log_odds
814,TRUE,FALSE,Grounding vs Thematic,1.05772649322775,log_odds
814,TRUE,FALSE,Thematic vs Control,0.2911412908982839,log_odds
814,TRUE,FALSE,Grounding vs Control,0.24009691509130704,probability
814,TRUE,FALSE,Grounding vs Thematic,0.1787441252483064,probability
814,TRUE,FALSE,Thematic vs Control,0.06135278984300063,probability
815,TRUE,FALSE,Grounding vs Control,2.750743836079599,log_odds
815,TRUE,FALSE,Grounding vs Thematic,2.357212008714834,log_odds
815,TRUE,FALSE,Thematic vs Control,0.393531827364765,log_odds
815,TRUE,FALSE,Grounding vs Control,0.46317010685843263,probability
815,TRUE,FALSE,Grounding vs Thematic,0.3692940850127758,probability
815,TRUE,FALSE,Thematic vs Control,0.09387602184565685,probability
816,TRUE,FALSE,Grounding vs Control,1.5044796954173045,log_odds
816,TRUE,FALSE,Grounding vs Thematic,0.6678183808929921,log_odds
816,TRUE,FALSE,Thematic vs Control,0.8366613145243126,log_odds
816,TRUE,FALSE,Grounding vs Control,0.26688540639910285,probability
816,TRUE,FALSE,Grounding vs Thematic,0.07168190976963296,probability
816,TRUE,FALSE,Thematic vs Control,0.1952034966294699,probability
817,TRUE,FALSE,Grounding vs Control,1.9311607327036215,log_odds
817,TRUE,FALSE,Grounding vs Thematic,1.3110874514793414,log_odds
817,TRUE,FALSE,Thematic vs Control,0.6200732812242803,log_odds
817,TRUE,FALSE,Grounding vs Control,0.32680808089628777,probability
817,TRUE,FALSE,Grounding vs Thematic,0.1792493667854665,probability
817,TRUE,FALSE,Thematic vs Control,0.14755871411082128,probability
818,TRUE,FALSE,Grounding vs Control,0.9561050461170669,log_odds
818,TRUE,FALSE,Grounding vs Thematic,0.692868484769688,log_odds
818,TRUE,FALSE,Thematic vs Control,0.26323656134737894,log_odds
818,TRUE,FALSE,Grounding vs Control,0.1708544928372751,probability
818,TRUE,FALSE,Grounding vs Thematic,0.11557916363998028,probability
818,TRUE,FALSE,Thematic vs Control,0.05527532919729483,probability
819,TRUE,FALSE,Grounding vs Control,1.7410789326792577,log_odds
819,TRUE,FALSE,Grounding vs Thematic,1.0216631025374037,log_odds
819,TRUE,FALSE,Thematic vs Control,0.7194158301418541,log_odds
819,TRUE,FALSE,Grounding vs Control,0.3493583783561798,probability
819,TRUE,FALSE,Grounding vs Thematic,0.1744956887008693,probability
819,TRUE,FALSE,Thematic vs Control,0.1748626896553105,probability
820,TRUE,FALSE,Grounding vs Control,1.3074084645111164,log_odds
820,TRUE,FALSE,Grounding vs Thematic,1.0446340022797505,log_odds
820,TRUE,FALSE,Thematic vs Control,0.2627744622313659,log_odds
820,TRUE,FALSE,Grounding vs Control,0.17867843519593835,probability
820,TRUE,FALSE,Grounding vs Thematic,0.1156010135957633,probability
820,TRUE,FALSE,Thematic vs Control,0.06307742160017504,probability
821,TRUE,FALSE,Grounding vs Control,1.363174771255935,log_odds
821,TRUE,FALSE,Grounding vs Thematic,0.5722893689203974,log_odds
821,TRUE,FALSE,Thematic vs Control,0.7908854023355376,log_odds
821,TRUE,FALSE,Grounding vs Control,0.2536296039089517,probability
821,TRUE,FALSE,Grounding vs Thematic,0.06879423692197151,probability
821,TRUE,FALSE,Thematic vs Control,0.18483536698698017,probability
822,TRUE,FALSE,Grounding vs Control,1.3184857366346807,log_odds
822,TRUE,FALSE,Grounding vs Thematic,0.7538965376732232,log_odds
822,TRUE,FALSE,Thematic vs Control,0.5645891989614574,log_odds
822,TRUE,FALSE,Grounding vs Control,0.2861241763589617,probability
822,TRUE,FALSE,Grounding vs Thematic,0.15205269980071234,probability
822,TRUE,FALSE,Thematic vs Control,0.13407147655824936,probability
823,TRUE,FALSE,Grounding vs Control,1.9179243766792162,log_odds
823,TRUE,FALSE,Grounding vs Thematic,1.5688774367635063,log_odds
823,TRUE,FALSE,Thematic vs Control,0.34904693991570995,log_odds
823,TRUE,FALSE,Grounding vs Control,0.354582134361861,probability
823,TRUE,FALSE,Grounding vs Thematic,0.2694880076257468,probability
823,TRUE,FALSE,Thematic vs Control,0.08509412673611416,probability
824,TRUE,FALSE,Grounding vs Control,1.603939054097278,log_odds
824,TRUE,FALSE,Grounding vs Thematic,1.1982168395303634,log_odds
824,TRUE,FALSE,Thematic vs Control,0.4057222145669146,log_odds
824,TRUE,FALSE,Grounding vs Control,0.2672168232463169,probability
824,TRUE,FALSE,Grounding vs Thematic,0.17063010409225976,probability
824,TRUE,FALSE,Thematic vs Control,0.09658671915405714,probability
825,TRUE,FALSE,Grounding vs Control,1.913896210376636,log_odds
825,TRUE,FALSE,Grounding vs Thematic,1.4463657809096007,log_odds
825,TRUE,FALSE,Thematic vs Control,0.4675304294670353,log_odds
825,TRUE,FALSE,Grounding vs Control,0.230635509727873,probability
825,TRUE,FALSE,Grounding vs Thematic,0.11761987005605934,probability
825,TRUE,FALSE,Thematic vs Control,0.11301563967181366,probability
826,TRUE,FALSE,Grounding vs Control,0.7434454437800245,log_odds
826,TRUE,FALSE,Grounding vs Thematic,0.6463094228593576,log_odds
826,TRUE,FALSE,Thematic vs Control,0.09713602092066698,log_odds
826,TRUE,FALSE,Grounding vs Control,0.13954136967695324,probability
826,TRUE,FALSE,Grounding vs Thematic,0.11933496142841515,probability
826,TRUE,FALSE,Thematic vs Control,0.020206408248538088,probability
827,TRUE,FALSE,Grounding vs Control,1.7765407336170194,log_odds
827,TRUE,FALSE,Grounding vs Thematic,1.3477549914610147,log_odds
827,TRUE,FALSE,Thematic vs Control,0.4287857421560046,log_odds
827,TRUE,FALSE,Grounding vs Control,0.3440129523879255,probability
827,TRUE,FALSE,Grounding vs Thematic,0.2399392734614207,probability
827,TRUE,FALSE,Thematic vs Control,0.10407367892650482,probability
828,TRUE,FALSE,Grounding vs Control,1.8227321208594418,log_odds
828,TRUE,FALSE,Grounding vs Thematic,1.2312616424843634,log_odds
828,TRUE,FALSE,Thematic vs Control,0.5914704783750783,log_odds
828,TRUE,FALSE,Grounding vs Control,0.3764052008015109,probability
828,TRUE,FALSE,Grounding vs Thematic,0.22922244529012648,probability
828,TRUE,FALSE,Thematic vs Control,0.14718275551138443,probability
829,TRUE,FALSE,Grounding vs Control,1.672793738093317,log_odds
829,TRUE,FALSE,Grounding vs Thematic,1.203965141315706,log_odds
829,TRUE,FALSE,Thematic vs Control,0.468828596777611,log_odds
829,TRUE,FALSE,Grounding vs Control,0.28824098419727745,probability
829,TRUE,FALSE,Grounding vs Thematic,0.18941597837187507,probability
829,TRUE,FALSE,Thematic vs Control,0.09882500582540238,probability
830,TRUE,FALSE,Grounding vs Control,2.1623674159078776,log_odds
830,TRUE,FALSE,Grounding vs Thematic,1.2734629955187136,log_odds
830,TRUE,FALSE,Thematic vs Control,0.888904420389164,log_odds
830,TRUE,FALSE,Grounding vs Control,0.36024935847072126,probability
830,TRUE,FALSE,Grounding vs Thematic,0.1605603807356814,probability
830,TRUE,FALSE,Thematic vs Control,0.19968897773503985,probability
831,TRUE,FALSE,Grounding vs Control,1.6547274141434087,log_odds
831,TRUE,FALSE,Grounding vs Thematic,1.0030266796377498,log_odds
831,TRUE,FALSE,Thematic vs Control,0.6517007345056589,log_odds
831,TRUE,FALSE,Grounding vs Control,0.37014550831857695,probability
831,TRUE,FALSE,Grounding vs Thematic,0.19333740252667342,probability
831,TRUE,FALSE,Thematic vs Control,0.17680810579190354,probability
832,TRUE,FALSE,Grounding vs Control,2.2614916465589405,log_odds
832,TRUE,FALSE,Grounding vs Thematic,1.7584694425831975,log_odds
832,TRUE,FALSE,Thematic vs Control,0.5030222039757433,log_odds
832,TRUE,FALSE,Grounding vs Control,0.3704295733737538,probability
832,TRUE,FALSE,Grounding vs Thematic,0.25634609892270543,probability
832,TRUE,FALSE,Thematic vs Control,0.11408347445104838,probability
833,TRUE,FALSE,Grounding vs Control,2.0124220847305816,log_odds
833,TRUE,FALSE,Grounding vs Thematic,1.458091802690194,log_odds
833,TRUE,FALSE,Thematic vs Control,0.5543302820403877,log_odds
833,TRUE,FALSE,Grounding vs Control,0.32852307765506217,probability
833,TRUE,FALSE,Grounding vs Thematic,0.20054144284064424,probability
833,TRUE,FALSE,Thematic vs Control,0.12798163481441793,probability
834,TRUE,FALSE,Grounding vs Control,1.0641805717794997,log_odds
834,TRUE,FALSE,Grounding vs Thematic,0.5150334327558124,log_odds
834,TRUE,FALSE,Thematic vs Control,0.5491471390236873,log_odds
834,TRUE,FALSE,Grounding vs Control,0.2240805424312216,probability
834,TRUE,FALSE,Grounding vs Thematic,0.10141108082043959,probability
834,TRUE,FALSE,Thematic vs Control,0.12266946161078202,probability
835,TRUE,FALSE,Grounding vs Control,1.415152969619355,log_odds
835,TRUE,FALSE,Grounding vs Thematic,1.0034511120493985,log_odds
835,TRUE,FALSE,Thematic vs Control,0.4117018575699566,log_odds
835,TRUE,FALSE,Grounding vs Control,0.2681443593910553,probability
835,TRUE,FALSE,Grounding vs Thematic,0.16685162816133225,probability
835,TRUE,FALSE,Thematic vs Control,0.10129273122972304,probability
836,TRUE,FALSE,Grounding vs Control,1.4146786219225054,log_odds
836,TRUE,FALSE,Grounding vs Thematic,1.1191053781648832,log_odds
836,TRUE,FALSE,Thematic vs Control,0.2955732437576223,log_odds
836,TRUE,FALSE,Grounding vs Control,0.2611812531910948,probability
836,TRUE,FALSE,Grounding vs Thematic,0.1868581625130617,probability
836,TRUE,FALSE,Thematic vs Control,0.07432309067803311,probability
837,TRUE,FALSE,Grounding vs Control,1.3646952271200425,log_odds
837,TRUE,FALSE,Grounding vs Thematic,1.2309620577546925,log_odds
837,TRUE,FALSE,Thematic vs Control,0.13373316936535007,log_odds
837,TRUE,FALSE,Grounding vs Control,0.20944198583899737,probability
837,TRUE,FALSE,Grounding vs Thematic,0.20443443393620986,probability
837,TRUE,FALSE,Thematic vs Control,0.00500755190278751,probability
838,TRUE,FALSE,Grounding vs Control,1.8562398846712942,log_odds
838,TRUE,FALSE,Grounding vs Thematic,0.9199430530229251,log_odds
838,TRUE,FALSE,Thematic vs Control,0.9362968316483691,log_odds
838,TRUE,FALSE,Grounding vs Control,0.4006527646289792,probability
838,TRUE,FALSE,Grounding vs Thematic,0.17520697060253182,probability
838,TRUE,FALSE,Thematic vs Control,0.22544579402644738,probability
839,TRUE,FALSE,Grounding vs Control,1.970306701250474,log_odds
839,TRUE,FALSE,Grounding vs Thematic,0.9524937365713386,log_odds
839,TRUE,FALSE,Thematic vs Control,1.0178129646791354,log_odds
839,TRUE,FALSE,Grounding vs Control,0.4149317260727842,probability
839,TRUE,FALSE,Grounding vs Thematic,0.16990846357303524,probability
839,TRUE,FALSE,Thematic vs Control,0.24502326249974898,probability
840,TRUE,FALSE,Grounding vs Control,1.9427441453349128,log_odds
840,TRUE,FALSE,Grounding vs Thematic,1.136851520658345,log_odds
840,TRUE,FALSE,Thematic vs Control,0.805892624676568,log_odds
840,TRUE,FALSE,Grounding vs Control,0.32848122479670155,probability
840,TRUE,FALSE,Grounding vs Thematic,0.14139277443610698,probability
840,TRUE,FALSE,Thematic vs Control,0.18708845036059457,probability
841,TRUE,FALSE,Grounding vs Control,1.6614416841054853,log_odds
841,TRUE,FALSE,Grounding vs Thematic,0.8783752981660071,log_odds
841,TRUE,FALSE,Thematic vs Control,0.7830663859394782,log_odds
841,TRUE,FALSE,Grounding vs Control,0.3431750493806855,probability
841,TRUE,FALSE,Grounding vs Thematic,0.1485264956396783,probability
841,TRUE,FALSE,Thematic vs Control,0.1946485537410072,probability
842,TRUE,FALSE,Grounding vs Control,2.155625318885866,log_odds
842,TRUE,FALSE,Grounding vs Thematic,2.1552675545359765,log_odds
842,TRUE,FALSE,Thematic vs Control,3.577643498889893e-4,log_odds
842,TRUE,FALSE,Grounding vs Control,0.35318038602251745,probability
842,TRUE,FALSE,Grounding vs Thematic,0.34801703526812355,probability
842,TRUE,FALSE,Thematic vs Control,0.005163350754393892,probability
843,TRUE,FALSE,Grounding vs Control,1.6104943929236573,log_odds
843,TRUE,FALSE,Grounding vs Thematic,1.4826626548709372,log_odds
843,TRUE,FALSE,Thematic vs Control,0.1278317380527202,log_odds
843,TRUE,FALSE,Grounding vs Control,0.2014178358883516,probability
843,TRUE,FALSE,Grounding vs Thematic,0.1883543432971012,probability
843,TRUE,FALSE,Thematic vs Control,0.013063492591250392,probability
844,TRUE,FALSE,Grounding vs Control,1.66889441496282,log_odds
844,TRUE,FALSE,Grounding vs Thematic,1.0512282887887425,log_odds
844,TRUE,FALSE,Thematic vs Control,0.6176661261740773,log_odds
844,TRUE,FALSE,Grounding vs Control,0.38181213294394734,probability
844,TRUE,FALSE,Grounding vs Thematic,0.221747660893445,probability
844,TRUE,FALSE,Thematic vs Control,0.16006447205050237,probability
845,TRUE,FALSE,Grounding vs Control,1.8815130376187001,log_odds
845,TRUE,FALSE,Grounding vs Thematic,1.2371662621479123,log_odds
845,TRUE,FALSE,Thematic vs Control,0.6443467754707879,log_odds
845,TRUE,FALSE,Grounding vs Control,0.3302999556042825,probability
845,TRUE,FALSE,Grounding vs Thematic,0.1749298255853306,probability
845,TRUE,FALSE,Thematic vs Control,0.1553701300189519,probability
846,TRUE,FALSE,Grounding vs Control,1.094055983433734,log_odds
846,TRUE,FALSE,Grounding vs Thematic,0.3856337574004638,log_odds
846,TRUE,FALSE,Thematic vs Control,0.7084222260332702,log_odds
846,TRUE,FALSE,Grounding vs Control,0.189985191981157,probability
846,TRUE,FALSE,Grounding vs Thematic,0.023667897704383378,probability
846,TRUE,FALSE,Thematic vs Control,0.1663172942767736,probability
847,TRUE,FALSE,Grounding vs Control,1.6524550533517601,log_odds
847,TRUE,FALSE,Grounding vs Thematic,0.8811590996527561,log_odds
847,TRUE,FALSE,Thematic vs Control,0.77129595369900406,log_odds
847,TRUE,FALSE,Grounding vs Control,0.33834845010869774,probability
847,TRUE,FALSE,Grounding vs Thematic,0.154655328890825,probability
847,TRUE,FALSE,Thematic vs Control,0.18369312121787273,probability
848,TRUE,FALSE,Grounding vs Control,1.6219347632608536,log_odds
848,TRUE,FALSE,Grounding vs Thematic,1.1636106829430886,log_odds
848,TRUE,FALSE,Thematic vs Control,0.45832408031776517,log_odds
848,TRUE,FALSE,Grounding vs Control,0.3291905802977996,probability
848,TRUE,FALSE,Grounding vs Thematic,0.21412277502300386,probability
848,TRUE,FALSE,Thematic vs Control,0.11506780527479571,probability
849,TRUE,FALSE,Grounding vs Control,1.9142009959552233,log_odds
849,TRUE,FALSE,Grounding vs Thematic,1.3871869978649556,log_odds
849,TRUE,FALSE,Thematic vs Control,0.5270139980902677,log_odds
849,TRUE,FALSE,Grounding vs Control,0.4024761085670575,probability
849,TRUE,FALSE,Grounding vs Thematic,0.2733298636435521,probability
849,TRUE,FALSE,Thematic vs Control,0.1291462449235054,probability
850,TRUE,FALSE,Grounding vs Control,2.0460749059980508,log_odds
850,TRUE,FALSE,Grounding vs Thematic,0.9780888709911784,log_odds
850,TRUE,FALSE,Thematic vs Control,1.0679860350068722,log_odds
850,TRUE,FALSE,Grounding vs Control,0.330212286021299,probability
850,TRUE,FALSE,Grounding vs Thematic,0.09487713575595336,probability
850,TRUE,FALSE,Thematic vs Control,0.23533515026534563,probability
851,TRUE,FALSE,Grounding vs Control,2.0474500106040296,log_odds
851,TRUE,FALSE,Grounding vs Thematic,1.469909379160668,log_odds
851,TRUE,FALSE,Thematic vs Control,0.5775406314433618,log_odds
851,TRUE,FALSE,Grounding vs Control,0.392931476286329,probability
851,TRUE,FALSE,Grounding vs Thematic,0.25249726683233187,probability
851,TRUE,FALSE,Thematic vs Control,0.14043420945399715,probability
852,TRUE,FALSE,Grounding vs Control,1.6650889447988266,log_odds
852,TRUE,FALSE,Grounding vs Thematic,1.0837505253626496,log_odds
852,TRUE,FALSE,Thematic vs Control,0.581338419436177,log_odds
852,TRUE,FALSE,Grounding vs Control,0.3213349408794849,probability
852,TRUE,FALSE,Grounding vs Thematic,0.1886177313496269,probability
852,TRUE,FALSE,Thematic vs Control,0.132717209529858,probability
853,TRUE,FALSE,Grounding vs Control,1.179586838619827,log_odds
853,TRUE,FALSE,Grounding vs Thematic,1.3658610289143243,log_odds
853,TRUE,FALSE,Thematic vs Control,-0.18627419029449732,log_odds
853,TRUE,FALSE,Grounding vs Control,0.20813956851210647,probability
853,TRUE,FALSE,Grounding vs Thematic,0.25509258628087295,probability
853,TRUE,FALSE,Thematic vs Control,-0.04695301776876648,probability
854,TRUE,FALSE,Grounding vs Control,1.7078392214028806,log_odds
854,TRUE,FALSE,Grounding vs Thematic,1.012927023465666,log_odds
854,TRUE,FALSE,Thematic vs Control,0.6949121979372146,log_odds
854,TRUE,FALSE,Grounding vs Control,0.34990011585430414,probability
854,TRUE,FALSE,Grounding vs Thematic,0.18809263590914815,probability
854,TRUE,FALSE,Thematic vs Control,0.16180747994515599,probability
855,TRUE,FALSE,Grounding vs Control,1.1822118850392582,log_odds
855,TRUE,FALSE,Grounding vs Thematic,0.8429323829500824,log_odds
855,TRUE,FALSE,Thematic vs Control,0.3392795020891758,log_odds
855,TRUE,FALSE,Grounding vs Control,0.2724324125169071,probability
855,TRUE,FALSE,Grounding vs Thematic,0.184855796630229,probability
855,TRUE,FALSE,Thematic vs Control,0.08757661588667809,probability
856,TRUE,FALSE,Grounding vs Control,2.173232257385658,log_odds
856,TRUE,FALSE,Grounding vs Thematic,2.098981011481212,log_odds
856,TRUE,FALSE,Thematic vs Control,0.07425124590444598,log_odds
856,TRUE,FALSE,Grounding vs Control,0.41165158662209667,probability
856,TRUE,FALSE,Grounding vs Thematic,0.3790251965229561,probability
856,TRUE,FALSE,Thematic vs Control,0.03262639009914059,probability
857,TRUE,FALSE,Grounding vs Control,1.4788954431422954,log_odds
857,TRUE,FALSE,Grounding vs Thematic,1.0815456115409319,log_odds
857,TRUE,FALSE,Thematic vs Control,0.3973498316013635,log_odds
857,TRUE,FALSE,Grounding vs Control,0.27492516891719915,probability
857,TRUE,FALSE,Grounding vs Thematic,0.18054876464122438,probability
857,TRUE,FALSE,Thematic vs Control,0.09437640427597477,probability
858,TRUE,FALSE,Grounding vs Control,1.7648564757152045,log_odds
858,TRUE,FALSE,Grounding vs Thematic,0.6493861635605525,log_odds
858,TRUE,FALSE,Thematic vs Control,1.115470312154652,log_odds
858,TRUE,FALSE,Grounding vs Control,0.3381002118696634,probability
858,TRUE,FALSE,Grounding vs Thematic,0.09353506812348483,probability
858,TRUE,FALSE,Thematic vs Control,0.24456514374617855,probability
859,TRUE,FALSE,Grounding vs Control,1.7933576383954173,log_odds
859,TRUE,FALSE,Grounding vs Thematic,1.1001631780948942,log_odds
859,TRUE,FALSE,Thematic vs Control,0.693194460300523,log_odds
859,TRUE,FALSE,Grounding vs Control,0.35769109208599864,probability
859,TRUE,FALSE,Grounding vs Thematic,0.197989979278208,probability
859,TRUE,FALSE,Thematic vs Control,0.15970111280779065,probability
860,TRUE,FALSE,Grounding vs Control,1.8795091184739279,log_odds
860,TRUE,FALSE,Grounding vs Thematic,1.3983573442142525,log_odds
860,TRUE,FALSE,Thematic vs Control,0.48115177425967554,log_odds
860,TRUE,FALSE,Grounding vs Control,0.39099282096691584,probability
860,TRUE,FALSE,Grounding vs Thematic,0.27238755963956973,probability
860,TRUE,FALSE,Thematic vs Control,0.11860526132734611,probability
861,TRUE,FALSE,Grounding vs Control,1.2040862885229267,log_odds
861,TRUE,FALSE,Grounding vs Thematic,0.7547426556160484,log_odds
861,TRUE,FALSE,Thematic vs Control,0.4493436329068782,log_odds
861,TRUE,FALSE,Grounding vs Control,0.21922975202718864,probability
861,TRUE,FALSE,Grounding vs Thematic,0.11142575645036262,probability
861,TRUE,FALSE,Thematic vs Control,0.10780399557682602,probability
862,TRUE,FALSE,Grounding vs Control,2.213654615086169,log_odds
862,TRUE,FALSE,Grounding vs Thematic,1.7161407317407793,log_odds
862,TRUE,FALSE,Thematic vs Control,0.4975138833453898,log_odds
862,TRUE,FALSE,Grounding vs Control,0.4066179799694896,probability
862,TRUE,FALSE,Grounding vs Thematic,0.27573889703964544,probability
862,TRUE,FALSE,Thematic vs Control,0.13087908292984418,probability
863,TRUE,FALSE,Grounding vs Control,1.651672535220479,log_odds
863,TRUE,FALSE,Grounding vs Thematic,1.0756619252688226,log_odds
863,TRUE,FALSE,Thematic vs Control,0.5760106099516565,log_odds
863,TRUE,FALSE,Grounding vs Control,0.30233844841042534,probability
863,TRUE,FALSE,Grounding vs Thematic,0.17197305174070687,probability
863,TRUE,FALSE,Thematic vs Control,0.13036539666971847,probability
864,TRUE,FALSE,Grounding vs Control,1.6805659640215618,log_odds
864,TRUE,FALSE,Grounding vs Thematic,1.4767803172136849,log_odds
864,TRUE,FALSE,Thematic vs Control,0.2037856468078768,log_odds
864,TRUE,FALSE,Grounding vs Control,0.3350444251291898,probability
864,TRUE,FALSE,Grounding vs Thematic,0.2855902744466123,probability
864,TRUE,FALSE,Thematic vs Control,0.049454150682577525,probability
865,TRUE,FALSE,Grounding vs Control,1.1207896664557624,log_odds
865,TRUE,FALSE,Grounding vs Thematic,-0.06207192725056032,log_odds
865,TRUE,FALSE,Thematic vs Control,1.1828615937063227,log_odds
865,TRUE,FALSE,Grounding vs Control,0.23017500819286413,probability
865,TRUE,FALSE,Grounding vs Thematic,-0.05115901676169887,probability
865,TRUE,FALSE,Thematic vs Control,0.281334024954563,probability
866,TRUE,FALSE,Grounding vs Control,1.5751630345681544,log_odds
866,TRUE,FALSE,Grounding vs Thematic,0.8152902969527056,log_odds
866,TRUE,FALSE,Thematic vs Control,0.7598727376154489,log_odds
866,TRUE,FALSE,Grounding vs Control,0.2562403231142811,probability
866,TRUE,FALSE,Grounding vs Thematic,0.091981310044147,probability
866,TRUE,FALSE,Thematic vs Control,0.16425901307013407,probability
867,TRUE,FALSE,Grounding vs Control,2.273385544012944,log_odds
867,TRUE,FALSE,Grounding vs Thematic,1.418155713207369,log_odds
867,TRUE,FALSE,Thematic vs Control,0.8552298308055748,log_odds
867,TRUE,FALSE,Grounding vs Control,0.43635785498653573,probability
867,TRUE,FALSE,Grounding vs Thematic,0.24073254176095982,probability
867,TRUE,FALSE,Thematic vs Control,0.19562531322557591,probability
868,TRUE,FALSE,Grounding vs Control,2.2771555273064044,log_odds
868,TRUE,FALSE,Grounding vs Thematic,1.6417849135134652,log_odds
868,TRUE,FALSE,Thematic vs Control,0.6353706137929391,log_odds
868,TRUE,FALSE,Grounding vs Control,0.4123593994879426,probability
868,TRUE,FALSE,Grounding vs Thematic,0.25964527216198857,probability
868,TRUE,FALSE,Thematic vs Control,0.15271412732595402,probability
869,TRUE,FALSE,Grounding vs Control,1.2185501770742615,log_odds
869,TRUE,FALSE,Grounding vs Thematic,0.9779086491828229,log_odds
869,TRUE,FALSE,Thematic vs Control,0.24064152789143867,log_odds
869,TRUE,FALSE,Grounding vs Control,0.22982256561020709,probability
869,TRUE,FALSE,Grounding vs Thematic,0.16906983934240138,probability
869,TRUE,FALSE,Thematic vs Control,0.0607527262678057,probability
870,TRUE,FALSE,Grounding vs Control,2.1605057908523118,log_odds
870,TRUE,FALSE,Grounding vs Thematic,1.408451633212263,log_odds
870,TRUE,FALSE,Thematic vs Control,0.7520541576400486,log_odds
870,TRUE,FALSE,Grounding vs Control,0.43651125220862746,probability
870,TRUE,FALSE,Grounding vs Thematic,0.2803540390969005,probability
870,TRUE,FALSE,Thematic vs Control,0.15615721311172698,probability
871,TRUE,FALSE,Grounding vs Control,0.9759631203520311,log_odds
871,TRUE,FALSE,Grounding vs Thematic,0.7824522930660689,log_odds
871,TRUE,FALSE,Thematic vs Control,0.19351082728596225,log_odds
871,TRUE,FALSE,Grounding vs Control,0.19898301158433074,probability
871,TRUE,FALSE,Grounding vs Thematic,0.15057287054211954,probability
871,TRUE,FALSE,Thematic vs Control,0.0484101410422112,probability
872,TRUE,FALSE,Grounding vs Control,1.1601672907770328,log_odds
872,TRUE,FALSE,Grounding vs Thematic,0.7470732755210665,log_odds
872,TRUE,FALSE,Thematic vs Control,0.41309401525596634,log_odds
872,TRUE,FALSE,Grounding vs Control,0.21392699834932916,probability
872,TRUE,FALSE,Grounding vs Thematic,0.11796930279589657,probability
872,TRUE,FALSE,Thematic vs Control,0.09595769555343259,probability
873,TRUE,FALSE,Grounding vs Control,1.5500711906023104,log_odds
873,TRUE,FALSE,Grounding vs Thematic,0.7254788543142849,log_odds
873,TRUE,FALSE,Thematic vs Control,0.8245923362880255,log_odds
873,TRUE,FALSE,Grounding vs Control,0.26315060105985777,probability
873,TRUE,FALSE,Grounding vs Thematic,0.0740191439495963,probability
873,TRUE,FALSE,Thematic vs Control,0.18913145711026147,probability
874,TRUE,FALSE,Grounding vs Control,1.436445648697647,log_odds
874,TRUE,FALSE,Grounding vs Thematic,0.9328169852267136,log_odds
874,TRUE,FALSE,Thematic vs Control,0.5036286634709333,log_odds
874,TRUE,FALSE,Grounding vs Control,0.31106881156321475,probability
874,TRUE,FALSE,Grounding vs Thematic,0.18445738190023503,probability
874,TRUE,FALSE,Thematic vs Control,0.12661142966297972,probability
875,TRUE,FALSE,Grounding vs Control,1.4326501063719062,log_odds
875,TRUE,FALSE,Grounding vs Thematic,1.2952618849148552,log_odds
875,TRUE,FALSE,Thematic vs Control,0.13738822145705099,log_odds
875,TRUE,FALSE,Grounding vs Control,0.26563788801010246,probability
875,TRUE,FALSE,Grounding vs Thematic,0.22992537974598182,probability
875,TRUE,FALSE,Thematic vs Control,0.035712508264120646,probability
876,TRUE,FALSE,Grounding vs Control,1.6316830840114886,log_odds
876,TRUE,FALSE,Grounding vs Thematic,0.9954607860054439,log_odds
876,TRUE,FALSE,Thematic vs Control,0.6362222980060448,log_odds
876,TRUE,FALSE,Grounding vs Control,0.2828977119127227,probability
876,TRUE,FALSE,Grounding vs Thematic,0.13453669528490741,probability
876,TRUE,FALSE,Thematic vs Control,0.1483610166278153,probability
877,TRUE,FALSE,Grounding vs Control,2.301283163550135,log_odds
877,TRUE,FALSE,Grounding vs Thematic,2.375035107680174,log_odds
877,TRUE,FALSE,Thematic vs Control,-0.07375194413003927,log_odds
877,TRUE,FALSE,Grounding vs Control,0.35948644975003363,probability
877,TRUE,FALSE,Grounding vs Thematic,0.37308409353712163,probability
877,TRUE,FALSE,Thematic vs Control,-0.013597643787087998,probability
878,TRUE,FALSE,Grounding vs Control,1.2420956532781458,log_odds
878,TRUE,FALSE,Grounding vs Thematic,0.25966643827084024,log_odds
878,TRUE,FALSE,Thematic vs Control,0.9824292150073054,log_odds
878,TRUE,FALSE,Grounding vs Control,0.2859687939637433,probability
878,TRUE,FALSE,Grounding vs Thematic,0.05450745049591749,probability
878,TRUE,FALSE,Thematic vs Control,0.23146134346782582,probability
879,TRUE,FALSE,Grounding vs Control,1.3288062659762614,log_odds
879,TRUE,FALSE,Grounding vs Thematic,1.3450844716684194,log_odds
879,TRUE,FALSE,Thematic vs Control,-0.0162782056921581,log_odds
879,TRUE,FALSE,Grounding vs Control,0.22918967332019458,probability
879,TRUE,FALSE,Grounding vs Thematic,0.2440715910540569,probability
879,TRUE,FALSE,Thematic vs Control,-0.014881917733862327,probability
880,TRUE,FALSE,Grounding vs Control,1.4182515700854912,log_odds
880,TRUE,FALSE,Grounding vs Thematic,0.6538128692320215,log_odds
880,TRUE,FALSE,Thematic vs Control,0.7644387008534697,log_odds
880,TRUE,FALSE,Grounding vs Control,0.27359696042103077,probability
880,TRUE,FALSE,Grounding vs Thematic,0.10661544988938826,probability
880,TRUE,FALSE,Thematic vs Control,0.1669815105316425,probability
881,TRUE,FALSE,Grounding vs Control,1.4045887710114255,log_odds
881,TRUE,FALSE,Grounding vs Thematic,1.0640422925764237,log_odds
881,TRUE,FALSE,Thematic vs Control,0.34054647843500196,log_odds
881,TRUE,FALSE,Grounding vs Control,0.2822920109183043,probability
881,TRUE,FALSE,Grounding vs Thematic,0.19895623827015219,probability
881,TRUE,FALSE,Thematic vs Control,0.08333577264815212,probability
882,TRUE,FALSE,Grounding vs Control,1.94665206140756,log_odds
882,TRUE,FALSE,Grounding vs Thematic,1.3968437133334284,log_odds
882,TRUE,FALSE,Thematic vs Control,0.5498083480741316,log_odds
882,TRUE,FALSE,Grounding vs Control,0.40913506090246976,probability
882,TRUE,FALSE,Grounding vs Thematic,0.25859873548104584,probability
882,TRUE,FALSE,Thematic vs Control,0.15053632542142392,probability
883,TRUE,FALSE,Grounding vs Control,1.7218507838591575,log_odds
883,TRUE,FALSE,Grounding vs Thematic,0.9318006719515648,log_odds
883,TRUE,FALSE,Thematic vs Control,0.7900501119075926,log_odds
883,TRUE,FALSE,Grounding vs Control,0.35435896619287527,probability
883,TRUE,FALSE,Grounding vs Thematic,0.16420075322405964,probability
883,TRUE,FALSE,Thematic vs Control,0.19015821296881563,probability
884,TRUE,FALSE,Grounding vs Control,1.5012938046106319,log_odds
884,TRUE,FALSE,Grounding vs Thematic,1.3879282525035608,log_odds
884,TRUE,FALSE,Thematic vs Control,0.11336555210707122,log_odds
884,TRUE,FALSE,Grounding vs Control,0.24791129380020366,probability
884,TRUE,FALSE,Grounding vs Thematic,0.22315402025365988,probability
884,TRUE,FALSE,Thematic vs Control,0.02475727354654378,probability
885,TRUE,FALSE,Grounding vs Control,1.4921485254172648,log_odds
885,TRUE,FALSE,Grounding vs Thematic,0.913088792281026,log_odds
885,TRUE,FALSE,Thematic vs Control,0.5790597331362388,log_odds
885,TRUE,FALSE,Grounding vs Control,0.3044629409744984,probability
885,TRUE,FALSE,Grounding vs Thematic,0.16279164712548233,probability
885,TRUE,FALSE,Thematic vs Control,0.14167129384901606,probability
886,TRUE,FALSE,Grounding vs Control,1.4049199514932529,log_odds
886,TRUE,FALSE,Grounding vs Thematic,0.7049405752268716,log_odds
886,TRUE,FALSE,Thematic vs Control,0.6999793762663813,log_odds
886,TRUE,FALSE,Grounding vs Control,0.29017548302243723,probability
886,TRUE,FALSE,Grounding vs Thematic,0.12193855290763156,probability
886,TRUE,FALSE,Thematic vs Control,0.16823693011480567,probability
887,TRUE,FALSE,Grounding vs Control,1.5150622821431656,log_odds
887,TRUE,FALSE,Grounding vs Thematic,1.063350229888733,log_odds
887,TRUE,FALSE,Thematic vs Control,0.45171205225443256,log_odds
887,TRUE,FALSE,Grounding vs Control,0.2910393951223322,probability
887,TRUE,FALSE,Grounding vs Thematic,0.18066031588572223,probability
887,TRUE,FALSE,Thematic vs Control,0.11037907923660994,probability
888,TRUE,FALSE,Grounding vs Control,2.0450294944437992,log_odds
888,TRUE,FALSE,Grounding vs Thematic,1.4804296611212673,log_odds
888,TRUE,FALSE,Thematic vs Control,0.5645998333225318,log_odds
888,TRUE,FALSE,Grounding vs Control,0.3893438134825702,probability
888,TRUE,FALSE,Grounding vs Thematic,0.2679826956689738,probability
888,TRUE,FALSE,Thematic vs Control,0.12136111781359638,probability
889,TRUE,FALSE,Grounding vs Control,1.7902730497322796,log_odds
889,TRUE,FALSE,Grounding vs Thematic,0.537860411949105,log_odds
889,TRUE,FALSE,Thematic vs Control,1.2524126377831748,log_odds
889,TRUE,FALSE,Grounding vs Control,0.3818498818616177,probability
889,TRUE,FALSE,Grounding vs Thematic,0.0831210030604066,probability
889,TRUE,FALSE,Thematic vs Control,0.29872887880121113,probability
890,TRUE,FALSE,Grounding vs Control,1.597541009067114,log_odds
890,TRUE,FALSE,Grounding vs Thematic,0.6139769040587955,log_odds
890,TRUE,FALSE,Thematic vs Control,0.9835641050083186,log_odds
890,TRUE,FALSE,Grounding vs Control,0.3091219657211558,probability
890,TRUE,FALSE,Grounding vs Thematic,0.06854819739477502,probability
890,TRUE,FALSE,Thematic vs Control,0.24057376832638078,probability
891,TRUE,FALSE,Grounding vs Control,1.942236144828569,log_odds
891,TRUE,FALSE,Grounding vs Thematic,1.13465231523506,log_odds
891,TRUE,FALSE,Thematic vs Control,0.807583829593509,log_odds
891,TRUE,FALSE,Grounding vs Control,0.2852017037955349,probability
891,TRUE,FALSE,Grounding vs Thematic,0.11284427108031203,probability
891,TRUE,FALSE,Thematic vs Control,0.17235743271522286,probability
892,TRUE,FALSE,Grounding vs Control,2.0171840263389376,log_odds
892,TRUE,FALSE,Grounding vs Thematic,1.1595575000803189,log_odds
892,TRUE,FALSE,Thematic vs Control,0.8576265262586186,log_odds
892,TRUE,FALSE,Grounding vs Control,0.2708372589379656,probability
892,TRUE,FALSE,Grounding vs Thematic,0.07364439270019785,probability
892,TRUE,FALSE,Thematic vs Control,0.19719286623776777,probability
893,TRUE,FALSE,Grounding vs Control,1.6625092932753325,log_odds
893,TRUE,FALSE,Grounding vs Thematic,0.9637478300407385,log_odds
893,TRUE,FALSE,Thematic vs Control,0.6987614632345941,log_odds
893,TRUE,FALSE,Grounding vs Control,0.2835634430547594,probability
893,TRUE,FALSE,Grounding vs Thematic,0.12276615817348535,probability
893,TRUE,FALSE,Thematic vs Control,0.16079728488127404,probability
894,TRUE,FALSE,Grounding vs Control,2.0154877560481745,log_odds
894,TRUE,FALSE,Grounding vs Thematic,1.4703708556873596,log_odds
894,TRUE,FALSE,Thematic vs Control,0.5451169003608147,log_odds
894,TRUE,FALSE,Grounding vs Control,0.4141614680203429,probability
894,TRUE,FALSE,Grounding vs Thematic,0.2771032914612092,probability
894,TRUE,FALSE,Thematic vs Control,0.13705817655913372,probability
895,TRUE,FALSE,Grounding vs Control,1.0825311052913582,log_odds
895,TRUE,FALSE,Grounding vs Thematic,0.3792307096204346,log_odds
895,TRUE,FALSE,Thematic vs Control,0.7033003956709235,log_odds
895,TRUE,FALSE,Grounding vs Control,0.23431546715052864,probability
895,TRUE,FALSE,Grounding vs Thematic,0.09091477992589325,probability
895,TRUE,FALSE,Thematic vs Control,0.1434006872246354,probability
896,TRUE,FALSE,Grounding vs Control,1.8568391609498822,log_odds
896,TRUE,FALSE,Grounding vs Thematic,0.9327535370826805,log_odds
896,TRUE,FALSE,Thematic vs Control,0.9240856238672017,log_odds
896,TRUE,FALSE,Grounding vs Control,0.38646687236628074,probability
896,TRUE,FALSE,Grounding vs Thematic,0.18532123515321758,probability
896,TRUE,FALSE,Thematic vs Control,0.20114563721306317,probability
897,TRUE,FALSE,Grounding vs Control,1.7728737728571011,log_odds
897,TRUE,FALSE,Grounding vs Thematic,1.5697083572462205,log_odds
897,TRUE,FALSE,Thematic vs Control,0.20316541561088075,log_odds
897,TRUE,FALSE,Grounding vs Control,0.3279361322437666,probability
897,TRUE,FALSE,Grounding vs Thematic,0.2614165943750202,probability
897,TRUE,FALSE,Thematic vs Control,0.06651953786874645,probability
898,TRUE,FALSE,Grounding vs Control,1.4996474397748265,log_odds
898,TRUE,FALSE,Grounding vs Thematic,0.9721831312601614,log_odds
898,TRUE,FALSE,Thematic vs Control,0.5274643085146651,log_odds
898,TRUE,FALSE,Grounding vs Control,0.2992680020504368,probability
898,TRUE,FALSE,Grounding vs Thematic,0.17362352543518028,probability
898,TRUE,FALSE,Thematic vs Control,0.12564447661525652,probability
899,TRUE,FALSE,Grounding vs Control,1.533230639111146,log_odds
899,TRUE,FALSE,Grounding vs Thematic,1.1654140963760273,log_odds
899,TRUE,FALSE,Thematic vs Control,0.36781654273511877,log_odds
899,TRUE,FALSE,Grounding vs Control,0.263544206600475,probability
899,TRUE,FALSE,Grounding vs Thematic,0.18802809870503379,probability
899,TRUE,FALSE,Thematic vs Control,0.07551610789544122,probability
900,TRUE,FALSE,Grounding vs Control,1.1311048851581065,log_odds
900,TRUE,FALSE,Grounding vs Thematic,0.5391563779203472,log_odds
900,TRUE,FALSE,Thematic vs Control,0.5919485072377592,log_odds
900,TRUE,FALSE,Grounding vs Control,0.20939358693461707,probability
900,TRUE,FALSE,Grounding vs Thematic,0.08003685522154724,probability
900,TRUE,FALSE,Thematic vs Control,0.12935673171306983,probability
901,TRUE,FALSE,Grounding vs Control,1.8745836137146836,log_odds
901,TRUE,FALSE,Grounding vs Thematic,1.2219677031133227,log_odds
901,TRUE,FALSE,Thematic vs Control,0.6526159106013609,log_odds
901,TRUE,FALSE,Grounding vs Control,0.32084911603483934,probability
901,TRUE,FALSE,Grounding vs Thematic,0.15957743493248133,probability
901,TRUE,FALSE,Thematic vs Control,0.161271681102358,probability
902,TRUE,FALSE,Grounding vs Control,1.3806088581455402,log_odds
902,TRUE,FALSE,Grounding vs Thematic,0.5544999494744964,log_odds
902,TRUE,FALSE,Thematic vs Control,0.8261089086710438,log_odds
902,TRUE,FALSE,Grounding vs Control,0.2648350278721697,probability
902,TRUE,FALSE,Grounding vs Thematic,0.0679976703948027,probability
902,TRUE,FALSE,Thematic vs Control,0.19683735747736703,probability
903,TRUE,FALSE,Grounding vs Control,1.5347711733321932,log_odds
903,TRUE,FALSE,Grounding vs Thematic,0.8045852024842011,log_odds
903,TRUE,FALSE,Thematic vs Control,0.7301859708479922,log_odds
903,TRUE,FALSE,Grounding vs Control,0.2510984092550549,probability
903,TRUE,FALSE,Grounding vs Thematic,0.09652353538577624,probability
903,TRUE,FALSE,Thematic vs Control,0.15457487386927865,probability
904,TRUE,FALSE,Grounding vs Control,1.8531734660506407,log_odds
904,TRUE,FALSE,Grounding vs Thematic,1.4419757662177424,log_odds
904,TRUE,FALSE,Thematic vs Control,0.41119769983289844,log_odds
904,TRUE,FALSE,Grounding vs Control,0.3162321123291776,probability
904,TRUE,FALSE,Grounding vs Thematic,0.24442016901918429,probability
904,TRUE,FALSE,Thematic vs Control,0.0718119433099933,probability
905,TRUE,FALSE,Grounding vs Control,1.8275974199396643,log_odds
905,TRUE,FALSE,Grounding vs Thematic,1.0798799542999384,log_odds
905,TRUE,FALSE,Thematic vs Control,0.747717465639726,log_odds
905,TRUE,FALSE,Grounding vs Control,0.35877042718431135,probability
905,TRUE,FALSE,Grounding vs Thematic,0.18983409682098917,probability
905,TRUE,FALSE,Thematic vs Control,0.16893633036332217,probability
906,TRUE,FALSE,Grounding vs Control,1.7752645581043982,log_odds
906,TRUE,FALSE,Grounding vs Thematic,1.0950730643327153,log_odds
906,TRUE,FALSE,Thematic vs Control,0.6801914937716828,log_odds
906,TRUE,FALSE,Grounding vs Control,0.32503485507545077,probability
906,TRUE,FALSE,Grounding vs Thematic,0.16550873156668228,probability
906,TRUE,FALSE,Thematic vs Control,0.1595261235087685,probability
907,TRUE,FALSE,Grounding vs Control,0.9336918255458434,log_odds
907,TRUE,FALSE,Grounding vs Thematic,0.6169381773594804,log_odds
907,TRUE,FALSE,Thematic vs Control,0.316753648186363,log_odds
907,TRUE,FALSE,Grounding vs Control,0.18215587760236512,probability
907,TRUE,FALSE,Grounding vs Thematic,0.1039623431292177,probability
907,TRUE,FALSE,Thematic vs Control,0.07819353447314742,probability
908,TRUE,FALSE,Grounding vs Control,1.7044787841827018,log_odds
908,TRUE,FALSE,Grounding vs Thematic,1.2350765517712747,log_odds
908,TRUE,FALSE,Thematic vs Control,0.4694022324114272,log_odds
908,TRUE,FALSE,Grounding vs Control,0.30290974513294716,probability
908,TRUE,FALSE,Grounding vs Thematic,0.21486665306454394,probability
908,TRUE,FALSE,Thematic vs Control,0.08804309206840322,probability
909,TRUE,FALSE,Grounding vs Control,2.2016601052444313,log_odds
909,TRUE,FALSE,Grounding vs Thematic,1.6981399435260163,log_odds
909,TRUE,FALSE,Thematic vs Control,0.5035201617184152,log_odds
909,TRUE,FALSE,Grounding vs Control,0.45082579470374784,probability
909,TRUE,FALSE,Grounding vs Thematic,0.3257359573115868,probability
909,TRUE,FALSE,Thematic vs Control,0.12508983739216106,probability
910,TRUE,FALSE,Grounding vs Control,1.3892264714446978,log_odds
910,TRUE,FALSE,Grounding vs Thematic,0.7528328275688605,log_odds
910,TRUE,FALSE,Thematic vs Control,0.6363936438758374,log_odds
910,TRUE,FALSE,Grounding vs Control,0.26086047414192065,probability
910,TRUE,FALSE,Grounding vs Thematic,0.10941852592066104,probability
910,TRUE,FALSE,Thematic vs Control,0.15144194822125961,probability
911,TRUE,FALSE,Grounding vs Control,1.476503820289611,log_odds
911,TRUE,FALSE,Grounding vs Thematic,0.8103829286515729,log_odds
911,TRUE,FALSE,Thematic vs Control,0.6661208916380381,log_odds
911,TRUE,FALSE,Grounding vs Control,0.29850906478712147,probability
911,TRUE,FALSE,Grounding vs Thematic,0.1462500381671757,probability
911,TRUE,FALSE,Thematic vs Control,0.15225902661994578,probability
912,TRUE,FALSE,Grounding vs Control,1.6327560265577545,log_odds
912,TRUE,FALSE,Grounding vs Thematic,0.7373753587780913,log_odds
912,TRUE,FALSE,Thematic vs Control,0.8953806677796632,log_odds
912,TRUE,FALSE,Grounding vs Control,0.35391153875550985,probability
912,TRUE,FALSE,Grounding vs Thematic,0.1363509273117866,probability
912,TRUE,FALSE,Thematic vs Control,0.21756061144372324,probability
913,TRUE,FALSE,Grounding vs Control,2.242250744103299,log_odds
913,TRUE,FALSE,Grounding vs Thematic,0.9543419030696674,log_odds
913,TRUE,FALSE,Thematic vs Control,1.2879088410336315,log_odds
913,TRUE,FALSE,Grounding vs Control,0.4275103743384433,probability
913,TRUE,FALSE,Grounding vs Thematic,0.14922757345225296,probability
913,TRUE,FALSE,Thematic vs Control,0.27828280088619034,probability
914,TRUE,FALSE,Grounding vs Control,1.8319792876198486,log_odds
914,TRUE,FALSE,Grounding vs Thematic,0.962579981225991,log_odds
914,TRUE,FALSE,Thematic vs Control,0.8693993063938577,log_odds
914,TRUE,FALSE,Grounding vs Control,0.34098272057598217,probability
914,TRUE,FALSE,Grounding vs Thematic,0.15375779487842228,probability
914,TRUE,FALSE,Thematic vs Control,0.18722492569755989,probability
915,TRUE,FALSE,Grounding vs Control,1.8079906525072091,log_odds
915,TRUE,FALSE,Grounding vs Thematic,0.8976059951414967,log_odds
915,TRUE,FALSE,Thematic vs Control,0.9103846573657124,log_odds
915,TRUE,FALSE,Grounding vs Control,0.32209142079934816,probability
915,TRUE,FALSE,Grounding vs Thematic,0.11584587807746682,probability
915,TRUE,FALSE,Thematic vs Control,0.20624554272188134,probability
916,TRUE,FALSE,Grounding vs Control,1.1763384230574194,log_odds
916,TRUE,FALSE,Grounding vs Thematic,0.7563624988505864,log_odds
916,TRUE,FALSE,Thematic vs Control,0.41997592420683305,log_odds
916,TRUE,FALSE,Grounding vs Control,0.21846233261814524,probability
916,TRUE,FALSE,Grounding vs Thematic,0.12031716204486287,probability
916,TRUE,FALSE,Thematic vs Control,0.09814517057328237,probability
917,TRUE,FALSE,Grounding vs Control,2.183757582165166,log_odds
917,TRUE,FALSE,Grounding vs Thematic,1.3165761970338998,log_odds
917,TRUE,FALSE,Thematic vs Control,0.8671813851312657,log_odds
917,TRUE,FALSE,Grounding vs Control,0.38560529718644965,probability
917,TRUE,FALSE,Grounding vs Thematic,0.21145093973906243,probability
917,TRUE,FALSE,Thematic vs Control,0.17415435744738722,probability
918,TRUE,FALSE,Grounding vs Control,1.556657116583255,log_odds
918,TRUE,FALSE,Grounding vs Thematic,0.9284886709581079,log_odds
918,TRUE,FALSE,Thematic vs Control,0.628168445625147,log_odds
918,TRUE,FALSE,Grounding vs Control,0.28236942423877964,probability
918,TRUE,FALSE,Grounding vs Thematic,0.14584579672802228,probability
918,TRUE,FALSE,Thematic vs Control,0.13652362751075736,probability
919,TRUE,FALSE,Grounding vs Control,2.298698091259951,log_odds
919,TRUE,FALSE,Grounding vs Thematic,1.6805515825134365,log_odds
919,TRUE,FALSE,Thematic vs Control,0.6181465087465147,log_odds
919,TRUE,FALSE,Grounding vs Control,0.41900993242291185,probability
919,TRUE,FALSE,Grounding vs Thematic,0.2829473391604443,probability
919,TRUE,FALSE,Thematic vs Control,0.13606259326246756,probability
920,TRUE,FALSE,Grounding vs Control,1.4019647153910488,log_odds
920,TRUE,FALSE,Grounding vs Thematic,1.1242382444056338,log_odds
920,TRUE,FALSE,Thematic vs Control,0.27772647098541503,log_odds
920,TRUE,FALSE,Grounding vs Control,0.2568674855874124,probability
920,TRUE,FALSE,Grounding vs Thematic,0.18875842812177296,probability
920,TRUE,FALSE,Thematic vs Control,0.06810905746563944,probability
921,TRUE,FALSE,Grounding vs Control,1.766799099972304,log_odds
921,TRUE,FALSE,Grounding vs Thematic,1.4923898279080308,log_odds
921,TRUE,FALSE,Thematic vs Control,0.27440927206427335,log_odds
921,TRUE,FALSE,Grounding vs Control,0.30123868698187517,probability
921,TRUE,FALSE,Grounding vs Thematic,0.24091913124679065,probability
921,TRUE,FALSE,Thematic vs Control,0.06031955573508452,probability
922,TRUE,FALSE,Grounding vs Control,1.0325311615455517,log_odds
922,TRUE,FALSE,Grounding vs Thematic,0.7435314537968285,log_odds
922,TRUE,FALSE,Thematic vs Control,0.2889997077487232,log_odds
922,TRUE,FALSE,Grounding vs Control,0.20461761672461434,probability
922,TRUE,FALSE,Grounding vs Thematic,0.1275405074885415,probability
922,TRUE,FALSE,Thematic vs Control,0.07707710923607283,probability
923,TRUE,FALSE,Grounding vs Control,1.6282746783060236,log_odds
923,TRUE,FALSE,Grounding vs Thematic,0.6529029131443005,log_odds
923,TRUE,FALSE,Thematic vs Control,0.9753717651617231,log_odds
923,TRUE,FALSE,Grounding vs Control,0.32275977273672024,probability
923,TRUE,FALSE,Grounding vs Thematic,0.09555444878001251,probability
923,TRUE,FALSE,Thematic vs Control,0.22720532395670773,probability
924,TRUE,FALSE,Grounding vs Control,1.271695296304872,log_odds
924,TRUE,FALSE,Grounding vs Thematic,0.27219202737431636,log_odds
924,TRUE,FALSE,Thematic vs Control,0.9995032689305557,log_odds
924,TRUE,FALSE,Grounding vs Control,0.21899602337156093,probability
924,TRUE,FALSE,Grounding vs Thematic,-0.017036272632932836,probability
924,TRUE,FALSE,Thematic vs Control,0.23603229600449377,probability
925,TRUE,FALSE,Grounding vs Control,1.7797249053601831,log_odds
925,TRUE,FALSE,Grounding vs Thematic,1.0286627442635896,log_odds
925,TRUE,FALSE,Thematic vs Control,0.7510621610965935,log_odds
925,TRUE,FALSE,Grounding vs Control,0.3516127233908468,probability
925,TRUE,FALSE,Grounding vs Thematic,0.1646635661289348,probability
925,TRUE,FALSE,Thematic vs Control,0.18694915726191202,probability
926,TRUE,FALSE,Grounding vs Control,1.6622877609289082,log_odds
926,TRUE,FALSE,Grounding vs Thematic,1.308496449166646,log_odds
926,TRUE,FALSE,Thematic vs Control,0.3537913117622622,log_odds
926,TRUE,FALSE,Grounding vs Control,0.3040401383847468,probability
926,TRUE,FALSE,Grounding vs Thematic,0.2198720802703168,probability
926,TRUE,FALSE,Thematic vs Control,0.08416805811443001,probability
927,TRUE,FALSE,Grounding vs Control,1.7856075866277066,log_odds
927,TRUE,FALSE,Grounding vs Thematic,0.675517643626192,log_odds
927,TRUE,FALSE,Thematic vs Control,1.1100899430015145,log_odds
927,TRUE,FALSE,Grounding vs Control,0.31434250790415924,probability
927,TRUE,FALSE,Grounding vs Thematic,0.05236415612461748,probability
927,TRUE,FALSE,Thematic vs Control,0.26197835177954176,probability
928,TRUE,FALSE,Grounding vs Control,1.9011586345372633,log_odds
928,TRUE,FALSE,Grounding vs Thematic,1.4479331233920851,log_odds
928,TRUE,FALSE,Thematic vs Control,0.4532255111451782,log_odds
928,TRUE,FALSE,Grounding vs Control,0.2577744913172427,probability
928,TRUE,FALSE,Grounding vs Thematic,0.1537756360891666,probability
928,TRUE,FALSE,Thematic vs Control,0.10399885522807611,probability
929,TRUE,FALSE,Grounding vs Control,1.01978895599126,log_odds
929,TRUE,FALSE,Grounding vs Thematic,0.7568649111941732,log_odds
929,TRUE,FALSE,Thematic vs Control,0.262924044797087,log_odds
929,TRUE,FALSE,Grounding vs Control,0.17371618657389404,probability
929,TRUE,FALSE,Grounding vs Thematic,0.11152732688706674,probability
929,TRUE,FALSE,Thematic vs Control,0.0621888596868273,probability
930,TRUE,FALSE,Grounding vs Control,1.6340992925275357,log_odds
930,TRUE,FALSE,Grounding vs Thematic,1.08047919765817,log_odds
930,TRUE,FALSE,Thematic vs Control,0.5536200948693657,log_odds
930,TRUE,FALSE,Grounding vs Control,0.3091911765165908,probability
930,TRUE,FALSE,Grounding vs Thematic,0.17836991928707302,probability
930,TRUE,FALSE,Thematic vs Control,0.13082125722951776,probability
931,TRUE,FALSE,Grounding vs Control,1.4636891063360649,log_odds
931,TRUE,FALSE,Grounding vs Thematic,0.7895123967483131,log_odds
931,TRUE,FALSE,Thematic vs Control,0.6741767095877518,log_odds
931,TRUE,FALSE,Grounding vs Control,0.2565220353345497,probability
931,TRUE,FALSE,Grounding vs Thematic,0.1064424010477048,probability
931,TRUE,FALSE,Thematic vs Control,0.1500796342868449,probability
932,TRUE,FALSE,Grounding vs Control,1.948708232598047,log_odds
932,TRUE,FALSE,Grounding vs Thematic,1.292940604284968,log_odds
932,TRUE,FALSE,Thematic vs Control,0.6557676283130787,log_odds
932,TRUE,FALSE,Grounding vs Control,0.3598935591828417,probability
932,TRUE,FALSE,Grounding vs Thematic,0.2083548538628251,probability
932,TRUE,FALSE,Thematic vs Control,0.15153870532001662,probability
933,TRUE,FALSE,Grounding vs Control,1.623232767669804,log_odds
933,TRUE,FALSE,Grounding vs Thematic,0.9076247656426586,log_odds
933,TRUE,FALSE,Thematic vs Control,0.7156080020271455,log_odds
933,TRUE,FALSE,Grounding vs Control,0.31394330574239365,probability
933,TRUE,FALSE,Grounding vs Thematic,0.14936477980656354,probability
933,TRUE,FALSE,Thematic vs Control,0.1645785259358301,probability
934,TRUE,FALSE,Grounding vs Control,1.7927800825450058,log_odds
934,TRUE,FALSE,Grounding vs Thematic,1.196332419669668,log_odds
934,TRUE,FALSE,Thematic vs Control,0.5964476628753377,log_odds
934,TRUE,FALSE,Grounding vs Control,0.31966658432175116,probability
934,TRUE,FALSE,Grounding vs Thematic,0.1766270595113208,probability
934,TRUE,FALSE,Thematic vs Control,0.14303952481043036,probability
935,TRUE,FALSE,Grounding vs Control,0.9350955805651888,log_odds
935,TRUE,FALSE,Grounding vs Thematic,0.6230929145968065,log_odds
935,TRUE,FALSE,Thematic vs Control,0.31200266596838233,log_odds
935,TRUE,FALSE,Grounding vs Control,0.145375874167596,probability
935,TRUE,FALSE,Grounding vs Thematic,0.07040746015298754,probability
935,TRUE,FALSE,Thematic vs Control,0.07496841401460846,probability
936,TRUE,FALSE,Grounding vs Control,2.366833565350054,log_odds
936,TRUE,FALSE,Grounding vs Thematic,1.8144184691897334,log_odds
936,TRUE,FALSE,Thematic vs Control,0.5524150961603207,log_odds
936,TRUE,FALSE,Grounding vs Control,0.27954782001757567,probability
936,TRUE,FALSE,Grounding vs Thematic,0.15360390408513525,probability
936,TRUE,FALSE,Thematic vs Control,0.12594391593244042,probability
937,TRUE,FALSE,Grounding vs Control,2.1913185387650245,log_odds
937,TRUE,FALSE,Grounding vs Thematic,1.799844975163447,log_odds
937,TRUE,FALSE,Thematic vs Control,0.39147356360157737,log_odds
937,TRUE,FALSE,Grounding vs Control,0.34525570739098427,probability
937,TRUE,FALSE,Grounding vs Thematic,0.2551717827368971,probability
937,TRUE,FALSE,Thematic vs Control,0.09008392465408716,probability
938,TRUE,FALSE,Grounding vs Control,1.812778927083287,log_odds
938,TRUE,FALSE,Grounding vs Thematic,0.9704268713116946,log_odds
938,TRUE,FALSE,Thematic vs Control,0.8423520557715924,log_odds
938,TRUE,FALSE,Grounding vs Control,0.34878212655665203,probability
938,TRUE,FALSE,Grounding vs Thematic,0.15365323289850347,probability
938,TRUE,FALSE,Thematic vs Control,0.19512889365814856,probability
939,TRUE,FALSE,Grounding vs Control,1.9014587059857269,log_odds
939,TRUE,FALSE,Grounding vs Thematic,1.0405000699354034,log_odds
939,TRUE,FALSE,Thematic vs Control,0.8609586360503234,log_odds
939,TRUE,FALSE,Grounding vs Control,0.37746521740425654,probability
939,TRUE,FALSE,Grounding vs Thematic,0.19323777756575883,probability
939,TRUE,FALSE,Thematic vs Control,0.1842274398384977,probability
940,TRUE,FALSE,Grounding vs Control,1.907797285030914,log_odds
940,TRUE,FALSE,Grounding vs Thematic,1.0357903256933896,log_odds
940,TRUE,FALSE,Thematic vs Control,0.8720069593375244,log_odds
940,TRUE,FALSE,Grounding vs Control,0.3932683670389018,probability
940,TRUE,FALSE,Grounding vs Thematic,0.1874919637990577,probability
940,TRUE,FALSE,Thematic vs Control,0.20577640323984409,probability
941,TRUE,FALSE,Grounding vs Control,0.9345011763876576,log_odds
941,TRUE,FALSE,Grounding vs Thematic,0.8035658963366556,log_odds
941,TRUE,FALSE,Thematic vs Control,0.13093528005100197,log_odds
941,TRUE,FALSE,Grounding vs Control,0.1747643079111867,probability
941,TRUE,FALSE,Grounding vs Thematic,0.13836003453763757,probability
941,TRUE,FALSE,Thematic vs Control,0.03640427337354912,probability
942,TRUE,FALSE,Grounding vs Control,1.3770413997644533,log_odds
942,TRUE,FALSE,Grounding vs Thematic,0.6253600989032253,log_odds
942,TRUE,FALSE,Thematic vs Control,0.7516813008612281,log_odds
942,TRUE,FALSE,Grounding vs Control,0.246264649790003,probability
942,TRUE,FALSE,Grounding vs Thematic,0.07175768358771367,probability
942,TRUE,FALSE,Thematic vs Control,0.17450696620228934,probability
943,TRUE,FALSE,Grounding vs Control,1.2438227773480866,log_odds
943,TRUE,FALSE,Grounding vs Thematic,1.060883808398598,log_odds
943,TRUE,FALSE,Thematic vs Control,0.18293896894948847,log_odds
943,TRUE,FALSE,Grounding vs Control,0.20340971134625618,probability
943,TRUE,FALSE,Grounding vs Thematic,0.1622365999340531,probability
943,TRUE,FALSE,Thematic vs Control,0.04117311141220309,probability
944,TRUE,FALSE,Grounding vs Control,1.3044817586739657,log_odds
944,TRUE,FALSE,Grounding vs Thematic,0.2866687509767494,log_odds
944,TRUE,FALSE,Thematic vs Control,1.0178130076972163,log_odds
944,TRUE,FALSE,Grounding vs Control,0.2670180066443077,probability
944,TRUE,FALSE,Grounding vs Thematic,0.02477249528396741,probability
944,TRUE,FALSE,Thematic vs Control,0.24224551136034028,probability
945,TRUE,FALSE,Grounding vs Control,1.159787894831413,log_odds
945,TRUE,FALSE,Grounding vs Thematic,0.5137425680854737,log_odds
945,TRUE,FALSE,Thematic vs Control,0.6460453267459394,log_odds
945,TRUE,FALSE,Grounding vs Control,0.21171887368223524,probability
945,TRUE,FALSE,Grounding vs Thematic,0.06794683584133948,probability
945,TRUE,FALSE,Thematic vs Control,0.14377203784089576,probability
946,TRUE,FALSE,Grounding vs Control,1.8064616062685366,log_odds
946,TRUE,FALSE,Grounding vs Thematic,1.1544518776430017,log_odds
946,TRUE,FALSE,Thematic vs Control,0.6520097286255349,log_odds
946,TRUE,FALSE,Grounding vs Control,0.36675077627044317,probability
946,TRUE,FALSE,Grounding vs Thematic,0.209572661129157,probability
946,TRUE,FALSE,Thematic vs Control,0.15717811514128616,probability
947,TRUE,FALSE,Grounding vs Control,2.413003062106367,log_odds
947,TRUE,FALSE,Grounding vs Thematic,1.5748742738183579,log_odds
947,TRUE,FALSE,Thematic vs Control,0.8381287882880091,log_odds
947,TRUE,FALSE,Grounding vs Control,0.4345929767641565,probability
947,TRUE,FALSE,Grounding vs Thematic,0.24891607905334928,probability
947,TRUE,FALSE,Thematic vs Control,0.1856768977108072,probability
948,TRUE,FALSE,Grounding vs Control,1.4760462195790465,log_odds
948,TRUE,FALSE,Grounding vs Thematic,0.7227673654751117,log_odds
948,TRUE,FALSE,Thematic vs Control,0.7532788541039348,log_odds
948,TRUE,FALSE,Grounding vs Control,0.3014677420621758,probability
948,TRUE,FALSE,Grounding vs Thematic,0.12572029778831595,probability
948,TRUE,FALSE,Thematic vs Control,0.17574744427385985,probability
949,TRUE,FALSE,Grounding vs Control,1.6458668121250035,log_odds
949,TRUE,FALSE,Grounding vs Thematic,0.9811217753305461,log_odds
949,TRUE,FALSE,Thematic vs Control,0.6647450367944574,log_odds
949,TRUE,FALSE,Grounding vs Control,0.31273478163870383,probability
949,TRUE,FALSE,Grounding vs Thematic,0.16690533811573205,probability
949,TRUE,FALSE,Thematic vs Control,0.14582944352297178,probability
950,TRUE,FALSE,Grounding vs Control,1.1367834452938177,log_odds
950,TRUE,FALSE,Grounding vs Thematic,0.4879335493987058,log_odds
950,TRUE,FALSE,Thematic vs Control,0.648849895895112,log_odds
950,TRUE,FALSE,Grounding vs Control,0.20839533491306717,probability
950,TRUE,FALSE,Grounding vs Thematic,0.05326656924491352,probability
950,TRUE,FALSE,Thematic vs Control,0.15512876566815365,probability
951,TRUE,FALSE,Grounding vs Control,1.6892774115614138,log_odds
951,TRUE,FALSE,Grounding vs Thematic,0.855345734735743,log_odds
951,TRUE,FALSE,Thematic vs Control,0.8339316768256708,log_odds
951,TRUE,FALSE,Grounding vs Control,0.326221365449966,probability
951,TRUE,FALSE,Grounding vs Thematic,0.13732126691337937,probability
951,TRUE,FALSE,Thematic vs Control,0.18890009853658662,probability
952,TRUE,FALSE,Grounding vs Control,1.646894564391035,log_odds
952,TRUE,FALSE,Grounding vs Thematic,0.44682754342751485,log_odds
952,TRUE,FALSE,Thematic vs Control,1.2000670209635202,log_odds
952,TRUE,FALSE,Grounding vs Control,0.3451704541022979,probability
952,TRUE,FALSE,Grounding vs Thematic,0.06977049848439426,probability
952,TRUE,FALSE,Thematic vs Control,0.27539995561790365,probability
953,TRUE,FALSE,Grounding vs Control,1.6877742366293753,log_odds
953,TRUE,FALSE,Grounding vs Thematic,1.4577188116613073,log_odds
953,TRUE,FALSE,Thematic vs Control,0.23005542496806797,log_odds
953,TRUE,FALSE,Grounding vs Control,0.31473463264118456,probability
953,TRUE,FALSE,Grounding vs Thematic,0.26030417634218683,probability
953,TRUE,FALSE,Thematic vs Control,0.05443045629899773,probability
954,TRUE,FALSE,Grounding vs Control,1.6938420211127463,log_odds
954,TRUE,FALSE,Grounding vs Thematic,1.0002454728646615,log_odds
954,TRUE,FALSE,Thematic vs Control,0.6935965482480847,log_odds
954,TRUE,FALSE,Grounding vs Control,0.3270864053195624,probability
954,TRUE,FALSE,Grounding vs Thematic,0.16138267469154566,probability
954,TRUE,FALSE,Thematic vs Control,0.16570373062801674,probability
955,TRUE,FALSE,Grounding vs Control,1.6763343339514634,log_odds
955,TRUE,FALSE,Grounding vs Thematic,0.9910195270080191,log_odds
955,TRUE,FALSE,Thematic vs Control,0.6853148069434443,log_odds
955,TRUE,FALSE,Grounding vs Control,0.2854652261634242,probability
955,TRUE,FALSE,Grounding vs Thematic,0.12260943104014521,probability
955,TRUE,FALSE,Thematic vs Control,0.16285579512327897,probability
956,TRUE,FALSE,Grounding vs Control,1.0815604191933461,log_odds
956,TRUE,FALSE,Grounding vs Thematic,0.6043038869639419,log_odds
956,TRUE,FALSE,Thematic vs Control,0.47725653222940423,log_odds
956,TRUE,FALSE,Grounding vs Control,0.101053488727187,probability
956,TRUE,FALSE,Grounding vs Thematic,0.004800586197500678,probability
956,TRUE,FALSE,Thematic vs Control,0.09625290252968632,probability
957,TRUE,FALSE,Grounding vs Control,1.597344867146736,log_odds
957,TRUE,FALSE,Grounding vs Thematic,0.829737339355564,log_odds
957,TRUE,FALSE,Thematic vs Control,0.767607527791172,log_odds
957,TRUE,FALSE,Grounding vs Control,0.32527668146727823,probability
957,TRUE,FALSE,Grounding vs Thematic,0.15132650715479012,probability
957,TRUE,FALSE,Thematic vs Control,0.1739501743124881,probability
958,TRUE,FALSE,Grounding vs Control,1.1807455984913784,log_odds
958,TRUE,FALSE,Grounding vs Thematic,0.8243763404711666,log_odds
958,TRUE,FALSE,Thematic vs Control,0.3563692580202118,log_odds
958,TRUE,FALSE,Grounding vs Control,0.20367919333193585,probability
958,TRUE,FALSE,Grounding vs Thematic,0.11930853396148644,probability
958,TRUE,FALSE,Thematic vs Control,0.08437065937044941,probability
959,TRUE,FALSE,Grounding vs Control,1.1031806432489137,log_odds
959,TRUE,FALSE,Grounding vs Thematic,0.5267274641970883,log_odds
959,TRUE,FALSE,Thematic vs Control,0.5764531790518254,log_odds
959,TRUE,FALSE,Grounding vs Control,0.18941488637789983,probability
959,TRUE,FALSE,Grounding vs Thematic,0.058393963024581,probability
959,TRUE,FALSE,Thematic vs Control,0.13102092335331883,probability
960,TRUE,FALSE,Grounding vs Control,1.9689360311395117,log_odds
960,TRUE,FALSE,Grounding vs Thematic,0.795183750847505,log_odds
960,TRUE,FALSE,Thematic vs Control,1.1737522802920068,log_odds
960,TRUE,FALSE,Grounding vs Control,0.38873481924560616,probability
960,TRUE,FALSE,Grounding vs Thematic,0.13399175619533377,probability
960,TRUE,FALSE,Thematic vs Control,0.2547430630502724,probability
961,TRUE,FALSE,Grounding vs Control,1.3351684592292876,log_odds
961,TRUE,FALSE,Grounding vs Thematic,0.789793590119189,log_odds
961,TRUE,FALSE,Thematic vs Control,0.5453748691100986,log_odds
961,TRUE,FALSE,Grounding vs Control,0.30368915064515434,probability
961,TRUE,FALSE,Grounding vs Thematic,0.14663127015910232,probability
961,TRUE,FALSE,Thematic vs Control,0.15705788048605204,probability
962,TRUE,FALSE,Grounding vs Control,1.461938158701738,log_odds
962,TRUE,FALSE,Grounding vs Thematic,0.8888319541310217,log_odds
962,TRUE,FALSE,Thematic vs Control,0.5731062045707161,log_odds
962,TRUE,FALSE,Grounding vs Control,0.2464863276022597,probability
962,TRUE,FALSE,Grounding vs Thematic,0.11649588719782517,probability
962,TRUE,FALSE,Thematic vs Control,0.12999044040443453,probability
963,TRUE,FALSE,Grounding vs Control,1.9984377357197256,log_odds
963,TRUE,FALSE,Grounding vs Thematic,1.5591457866641858,log_odds
963,TRUE,FALSE,Thematic vs Control,0.4392919490555398,log_odds
963,TRUE,FALSE,Grounding vs Control,0.36811765799214075,probability
963,TRUE,FALSE,Grounding vs Thematic,0.2609520301245299,probability
963,TRUE,FALSE,Thematic vs Control,0.10716562786761086,probability
964,TRUE,FALSE,Grounding vs Control,2.084604344295884,log_odds
964,TRUE,FALSE,Grounding vs Thematic,1.4377466779982724,log_odds
964,TRUE,FALSE,Thematic vs Control,0.6468576662976115,log_odds
964,TRUE,FALSE,Grounding vs Control,0.32107771818514375,probability
964,TRUE,FALSE,Grounding vs Thematic,0.17910648695586995,probability
964,TRUE,FALSE,Thematic vs Control,0.1419712312292738,probability
965,TRUE,FALSE,Grounding vs Control,2.279978041289788,log_odds
965,TRUE,FALSE,Grounding vs Thematic,1.357654590069651,log_odds
965,TRUE,FALSE,Thematic vs Control,0.9223234512201367,log_odds
965,TRUE,FALSE,Grounding vs Control,0.37141924789661973,probability
965,TRUE,FALSE,Grounding vs Thematic,0.1475001191321224,probability
965,TRUE,FALSE,Thematic vs Control,0.22391912876449732,probability
966,TRUE,FALSE,Grounding vs Control,1.6079832988081715,log_odds
966,TRUE,FALSE,Grounding vs Thematic,1.282814171015585,log_odds
966,TRUE,FALSE,Thematic vs Control,0.32516912779258667,log_odds
966,TRUE,FALSE,Grounding vs Control,0.306459756101255,probability
966,TRUE,FALSE,Grounding vs Thematic,0.22826413921533767,probability
966,TRUE,FALSE,Thematic vs Control,0.07819561688591731,probability
967,TRUE,FALSE,Grounding vs Control,1.630281365392325,log_odds
967,TRUE,FALSE,Grounding vs Thematic,0.7003233670707165,log_odds
967,TRUE,FALSE,Thematic vs Control,0.9299579983216085,log_odds
967,TRUE,FALSE,Grounding vs Control,0.3275210309476015,probability
967,TRUE,FALSE,Grounding vs Thematic,0.10474759973471293,probability
967,TRUE,FALSE,Thematic vs Control,0.22277343121288856,probability
968,TRUE,FALSE,Grounding vs Control,2.3748348165615605,log_odds
968,TRUE,FALSE,Grounding vs Thematic,1.9654436024910127,log_odds
968,TRUE,FALSE,Thematic vs Control,0.409391214070548,log_odds
968,TRUE,FALSE,Grounding vs Control,0.47733851035839736,probability
968,TRUE,FALSE,Grounding vs Thematic,0.37846984369080117,probability
968,TRUE,FALSE,Thematic vs Control,0.0988686666675962,probability
969,TRUE,FALSE,Grounding vs Control,1.675126267293856,log_odds
969,TRUE,FALSE,Grounding vs Thematic,1.4198594959913482,log_odds
969,TRUE,FALSE,Thematic vs Control,0.25526677130250763,log_odds
969,TRUE,FALSE,Grounding vs Control,0.3234453004653525,probability
969,TRUE,FALSE,Grounding vs Thematic,0.2643468485118799,probability
969,TRUE,FALSE,Thematic vs Control,0.05909845195347263,probability
970,TRUE,FALSE,Grounding vs Control,1.193540930746376,log_odds
970,TRUE,FALSE,Grounding vs Thematic,0.7343170350008201,log_odds
970,TRUE,FALSE,Thematic vs Control,0.459223895745556,log_odds
970,TRUE,FALSE,Grounding vs Control,0.2184713805460824,probability
970,TRUE,FALSE,Grounding vs Thematic,0.10941357800028556,probability
970,TRUE,FALSE,Thematic vs Control,0.10905780254579683,probability
971,TRUE,FALSE,Grounding vs Control,2.114595082357098,log_odds
971,TRUE,FALSE,Grounding vs Thematic,1.2105081229377985,log_odds
971,TRUE,FALSE,Thematic vs Control,0.9040869594192995,log_odds
971,TRUE,FALSE,Grounding vs Control,0.32647426159500803,probability
971,TRUE,FALSE,Grounding vs Thematic,0.1255663318398486,probability
971,TRUE,FALSE,Thematic vs Control,0.20090792975515942,probability
972,TRUE,FALSE,Grounding vs Control,2.1441912942242514,log_odds
972,TRUE,FALSE,Grounding vs Thematic,1.1044401046996217,log_odds
972,TRUE,FALSE,Thematic vs Control,1.0397511895246296,log_odds
972,TRUE,FALSE,Grounding vs Control,0.4394392038540129,probability
972,TRUE,FALSE,Grounding vs Thematic,0.17985809154588528,probability
972,TRUE,FALSE,Thematic vs Control,0.25958111230812764,probability
973,TRUE,FALSE,Grounding vs Control,1.6486587431159276,log_odds
973,TRUE,FALSE,Grounding vs Thematic,0.9527416772739077,log_odds
973,TRUE,FALSE,Thematic vs Control,0.69591706584202,log_odds
973,TRUE,FALSE,Grounding vs Control,0.33290686824548105,probability
973,TRUE,FALSE,Grounding vs Thematic,0.1618386853000623,probability
973,TRUE,FALSE,Thematic vs Control,0.17106818294541876,probability
974,TRUE,FALSE,Grounding vs Control,2.3419237607079615,log_odds
974,TRUE,FALSE,Grounding vs Thematic,1.4582898531245332,log_odds
974,TRUE,FALSE,Thematic vs Control,0.8836339075834283,log_odds
974,TRUE,FALSE,Grounding vs Control,0.4359804100031048,probability
974,TRUE,FALSE,Grounding vs Thematic,0.22676576116379255,probability
974,TRUE,FALSE,Thematic vs Control,0.20921464883931223,probability
975,TRUE,FALSE,Grounding vs Control,1.7583283667396787,log_odds
975,TRUE,FALSE,Grounding vs Thematic,1.1600242521993407,log_odds
975,TRUE,FALSE,Thematic vs Control,0.5983041145403382,log_odds
975,TRUE,FALSE,Grounding vs Control,0.33432201232192743,probability
975,TRUE,FALSE,Grounding vs Thematic,0.20454475157329505,probability
975,TRUE,FALSE,Thematic vs Control,0.12977726074863238,probability
976,TRUE,FALSE,Grounding vs Control,1.706302453575047,log_odds
976,TRUE,FALSE,Grounding vs Thematic,1.1197055790521828,log_odds
976,TRUE,FALSE,Thematic vs Control,0.5865968745228642,log_odds
976,TRUE,FALSE,Grounding vs Control,0.266591225654238,probability
976,TRUE,FALSE,Grounding vs Thematic,0.13612778333297693,probability
976,TRUE,FALSE,Thematic vs Control,0.13046344232126106,probability
977,TRUE,FALSE,Grounding vs Control,2.2005676087135595,log_odds
977,TRUE,FALSE,Grounding vs Thematic,1.386651526542079,log_odds
977,TRUE,FALSE,Thematic vs Control,0.8139160821714807,log_odds
977,TRUE,FALSE,Grounding vs Control,0.42313910422841916,probability
977,TRUE,FALSE,Grounding vs Thematic,0.23114440685068677,probability
977,TRUE,FALSE,Thematic vs Control,0.1919946973777324,probability
978,TRUE,FALSE,Grounding vs Control,1.3932411160948703,log_odds
978,TRUE,FALSE,Grounding vs Thematic,0.8344201752528251,log_odds
978,TRUE,FALSE,Thematic vs Control,0.5588209408420451,log_odds
978,TRUE,FALSE,Grounding vs Control,0.26397909368956857,probability
978,TRUE,FALSE,Grounding vs Thematic,0.12618677395162808,probability
978,TRUE,FALSE,Thematic vs Control,0.13779231973794048,probability
979,TRUE,FALSE,Grounding vs Control,2.6449665706727776,log_odds
979,TRUE,FALSE,Grounding vs Thematic,1.6974190494220318,log_odds
979,TRUE,FALSE,Thematic vs Control,0.9475475212507456,log_odds
979,TRUE,FALSE,Grounding vs Control,0.5440559448364577,probability
979,TRUE,FALSE,Grounding vs Thematic,0.3046941458158511,probability
979,TRUE,FALSE,Thematic vs Control,0.23936179902060656,probability
980,TRUE,FALSE,Grounding vs Control,2.412669333523854,log_odds
980,TRUE,FALSE,Grounding vs Thematic,0.9060327315890169,log_odds
980,TRUE,FALSE,Thematic vs Control,1.5066366019348372,log_odds
980,TRUE,FALSE,Grounding vs Control,0.38636189195926945,probability
980,TRUE,FALSE,Grounding vs Thematic,0.06527635321160363,probability
980,TRUE,FALSE,Thematic vs Control,0.3210855387476658,probability
981,TRUE,FALSE,Grounding vs Control,2.035060616886437,log_odds
981,TRUE,FALSE,Grounding vs Thematic,1.8227731314462639,log_odds
981,TRUE,FALSE,Thematic vs Control,0.21228748544017306,log_odds
981,TRUE,FALSE,Grounding vs Control,0.4061691555243027,probability
981,TRUE,FALSE,Grounding vs Thematic,0.3256011717292915,probability
981,TRUE,FALSE,Thematic vs Control,0.08056798379501123,probability
982,TRUE,FALSE,Grounding vs Control,0.915217973483353,log_odds
982,TRUE,FALSE,Grounding vs Thematic,0.49565688484529424,log_odds
982,TRUE,FALSE,Thematic vs Control,0.41956108863805874,log_odds
982,TRUE,FALSE,Grounding vs Control,0.17403678399675038,probability
982,TRUE,FALSE,Grounding vs Thematic,0.07897314730191518,probability
982,TRUE,FALSE,Thematic vs Control,0.0950636366948352,probability
983,TRUE,FALSE,Grounding vs Control,1.611824391659744,log_odds
983,TRUE,FALSE,Grounding vs Thematic,0.9540063091037008,log_odds
983,TRUE,FALSE,Thematic vs Control,0.6578180825560431,log_odds
983,TRUE,FALSE,Grounding vs Control,0.21539577994412973,probability
983,TRUE,FALSE,Grounding vs Thematic,0.06556014294362977,probability
983,TRUE,FALSE,Thematic vs Control,0.14983563700049995,probability
984,TRUE,FALSE,Grounding vs Control,1.7805215090971234,log_odds
984,TRUE,FALSE,Grounding vs Thematic,1.129264715742392,log_odds
984,TRUE,FALSE,Thematic vs Control,0.6512567933547312,log_odds
984,TRUE,FALSE,Grounding vs Control,0.34471881745064303,probability
984,TRUE,FALSE,Grounding vs Thematic,0.19313833851962442,probability
984,TRUE,FALSE,Thematic vs Control,0.15158047893101861,probability
985,TRUE,FALSE,Grounding vs Control,1.9037774636255103,log_odds
985,TRUE,FALSE,Grounding vs Thematic,1.2624067388438385,log_odds
985,TRUE,FALSE,Thematic vs Control,0.6413707247816717,log_odds
985,TRUE,FALSE,Grounding vs Control,0.37060734370550724,probability
985,TRUE,FALSE,Grounding vs Thematic,0.21752809168223758,probability
985,TRUE,FALSE,Thematic vs Control,0.15307925202326966,probability
986,TRUE,FALSE,Grounding vs Control,1.7197928485378202,log_odds
986,TRUE,FALSE,Grounding vs Thematic,1.3250354668058533,log_odds
986,TRUE,FALSE,Thematic vs Control,0.39475738173196684,log_odds
986,TRUE,FALSE,Grounding vs Control,0.3465060019456378,probability
986,TRUE,FALSE,Grounding vs Thematic,0.25044424132787163,probability
986,TRUE,FALSE,Thematic vs Control,0.09606176061776617,probability
987,TRUE,FALSE,Grounding vs Control,2.2022376706925852,log_odds
987,TRUE,FALSE,Grounding vs Thematic,1.1254340902836684,log_odds
987,TRUE,FALSE,Thematic vs Control,1.0768035804089169,log_odds
987,TRUE,FALSE,Grounding vs Control,0.45643722806784737,probability
987,TRUE,FALSE,Grounding vs Thematic,0.18606723464188757,probability
987,TRUE,FALSE,Thematic vs Control,0.2703699934259598,probability
988,TRUE,FALSE,Grounding vs Control,1.871494462841551,log_odds
988,TRUE,FALSE,Grounding vs Thematic,1.2986125342333628,log_odds
988,TRUE,FALSE,Thematic vs Control,0.5728819286081882,log_odds
988,TRUE,FALSE,Grounding vs Control,0.36370323313349967,probability
988,TRUE,FALSE,Grounding vs Thematic,0.22424423137775984,probability
988,TRUE,FALSE,Thematic vs Control,0.13945900175573983,probability
989,TRUE,FALSE,Grounding vs Control,1.725849372209093,log_odds
989,TRUE,FALSE,Grounding vs Thematic,1.1246953653768508,log_odds
989,TRUE,FALSE,Thematic vs Control,0.6011540068322423,log_odds
989,TRUE,FALSE,Grounding vs Control,0.35195994498928274,probability
989,TRUE,FALSE,Grounding vs Thematic,0.20684371992194456,probability
989,TRUE,FALSE,Thematic vs Control,0.14511622506733818,probability
990,TRUE,FALSE,Grounding vs Control,1.2268834783732858,log_odds
990,TRUE,FALSE,Grounding vs Thematic,0.3976117153791521,log_odds
990,TRUE,FALSE,Thematic vs Control,0.8292717629941336,log_odds
990,TRUE,FALSE,Grounding vs Control,0.16771853270250342,probability
990,TRUE,FALSE,Grounding vs Thematic,-0.001959686652832082,probability
990,TRUE,FALSE,Thematic vs Control,0.1696782193553355,probability
991,TRUE,FALSE,Grounding vs Control,1.8182910756896726,log_odds
991,TRUE,FALSE,Grounding vs Thematic,1.4567189378923024,log_odds
991,TRUE,FALSE,Thematic vs Control,0.36157213779737024,log_odds
991,TRUE,FALSE,Grounding vs Control,0.3083773760139112,probability
991,TRUE,FALSE,Grounding vs Thematic,0.22189562084423975,probability
991,TRUE,FALSE,Thematic vs Control,0.08648175516967144,probability
992,TRUE,FALSE,Grounding vs Control,1.8766825443455022,log_odds
992,TRUE,FALSE,Grounding vs Thematic,1.1511181391023724,log_odds
992,TRUE,FALSE,Thematic vs Control,0.7255644052431298,log_odds
992,TRUE,FALSE,Grounding vs Control,0.38982707658456406,probability
992,TRUE,FALSE,Grounding vs Thematic,0.21552378481181722,probability
992,TRUE,FALSE,Thematic vs Control,0.17430329177274684,probability
993,TRUE,FALSE,Grounding vs Control,1.8466213359940462,log_odds
993,TRUE,FALSE,Grounding vs Thematic,1.3234842922853807,log_odds
993,TRUE,FALSE,Thematic vs Control,0.52313704370866565,log_odds
993,TRUE,FALSE,Grounding vs Control,0.3233048296063109,probability
993,TRUE,FALSE,Grounding vs Thematic,0.2052202931540062,probability
993,TRUE,FALSE,Thematic vs Control,0.11808453645230471,probability
994,TRUE,FALSE,Grounding vs Control,1.84003521634023,log_odds
994,TRUE,FALSE,Grounding vs Thematic,1.282032936997034,log_odds
994,TRUE,FALSE,Thematic vs Control,0.558002279343196,log_odds
994,TRUE,FALSE,Grounding vs Control,0.3578128728375215,probability
994,TRUE,FALSE,Grounding vs Thematic,0.22529078255064222,probability
994,TRUE,FALSE,Thematic vs Control,0.13252209028687928,probability
995,TRUE,FALSE,Grounding vs Control,1.6369967795102718,log_odds
995,TRUE,FALSE,Grounding vs Thematic,0.9255879065192218,log_odds
995,TRUE,FALSE,Thematic vs Control,0.7114088729910499,log_odds
995,TRUE,FALSE,Grounding vs Control,0.3498040800731718,probability
995,TRUE,FALSE,Grounding vs Thematic,0.1789513009571943,probability
995,TRUE,FALSE,Thematic vs Control,0.17085277911597752,probability
996,TRUE,FALSE,Grounding vs Control,0.6650358052191017,log_odds
996,TRUE,FALSE,Grounding vs Thematic,0.6323879606092954,log_odds
996,TRUE,FALSE,Thematic vs Control,0.0326478446098063,log_odds
996,TRUE,FALSE,Grounding vs Control,0.09737120770285823,probability
996,TRUE,FALSE,Grounding vs Thematic,0.10413127042746295,probability
996,TRUE,FALSE,Thematic vs Control,-0.006760062724604721,probability
997,TRUE,FALSE,Grounding vs Control,1.6438457089284693,log_odds
997,TRUE,FALSE,Grounding vs Thematic,0.4418941775548948,log_odds
997,TRUE,FALSE,Thematic vs Control,1.2019515313735745,log_odds
997,TRUE,FALSE,Grounding vs Control,0.34886864276662827,probability
997,TRUE,FALSE,Grounding vs Thematic,0.06546935348077382,probability
997,TRUE,FALSE,Thematic vs Control,0.28339928928585445,probability
998,TRUE,FALSE,Grounding vs Control,1.4506000341600251,log_odds
998,TRUE,FALSE,Grounding vs Thematic,0.9524578954363059,log_odds
998,TRUE,FALSE,Thematic vs Control,0.49814213872371915,log_odds
998,TRUE,FALSE,Grounding vs Control,0.2866349424357865,probability
998,TRUE,FALSE,Grounding vs Thematic,0.18570156933062748,probability
998,TRUE,FALSE,Thematic vs Control,0.10093337310515904,probability
999,TRUE,FALSE,Grounding vs Control,2.0061607670416595,log_odds
999,TRUE,FALSE,Grounding vs Thematic,1.6896899612106766,log_odds
999,TRUE,FALSE,Thematic vs Control,0.31647080583098275,log_odds
999,TRUE,FALSE,Grounding vs Control,0.3550950647882148,probability
999,TRUE,FALSE,Grounding vs Thematic,0.2793380089801794,probability
999,TRUE,FALSE,Thematic vs Control,0.07575705580803538,probability
1000,TRUE,FALSE,Grounding vs Control,1.324780597364657,log_odds
1000,TRUE,FALSE,Grounding vs Thematic,0.6438755151719282,log_odds
1000,TRUE,FALSE,Thematic vs Control,0.6809050821927287,log_odds
1000,TRUE,FALSE,Grounding vs Control,0.27006518157568504,probability
1000,TRUE,FALSE,Grounding vs Thematic,0.1079905303568593,probability
1000,TRUE,FALSE,Thematic vs Control,0.16207465121882575,probability
