excluded_case_index,fit_succeeded,singular,contrast,scale,estimate,standard_error,conf_low,conf_high,z_ratio,p_value,p_value_holm,full_estimate,change_from_full_estimate
1,TRUE,FALSE,Grounding vs Control,log_odds,1.5441148098356408,0.2680316555490563,1.018782418242845,2.0694472014284364,5.760941955428956,8.36458039985613e-9,2.5093741199568387e-8,1.546483993463893,-0.002369183628252225
1,TRUE,FALSE,Grounding vs Thematic,log_odds,0.9869384826002983,0.26859584205164333,0.4605003057818685,1.5133766594187281,3.674436934919261,2.383745108103921e-4,4.767490216207842e-4,0.987969539535548,-0.0010310569352497412
1,TRUE,FALSE,Thematic vs Control,log_odds,0.5571763272353425,0.2503667142939978,0.06646658429147734,1.0478860701792077,2.225440904980155,0.026051654106804805,0.026051654106804805,0.5585144539283451,-0.0013381266930025948
1,TRUE,FALSE,Grounding vs Control,probability,0.3037110615373787,0.05999830901385688,0.18611653673691436,0.42130558633784304,5.06199368830937,4.1489476404039887e-7,1.2446842921211965e-6,0.3042312530924953,-5.201915551166225e-4
1,TRUE,FALSE,Grounding vs Thematic,probability,0.17176037287195756,0.05749323725805573,0.059075698491551976,0.28444504725236314,2.9874882866835115,0.002812800732068079,0.005625601464136158,0.17178085615984195,-2.048328788439857e-5
1,TRUE,FALSE,Thematic vs Control,probability,0.13195068866542103,0.059941844451672666,0.014466832373240576,0.24943454495760148,2.201311785989578,0.02771395907369857,0.02771395907369857,0.13245039693265348,-4.99708267232446e-4
2,TRUE,FALSE,Grounding vs Control,log_odds,1.528051904572884,0.26785108186305273,1.003073430901211,2.053030378244557,5.7048561982443236,1.1644135081563387e-8,3.493240524469016e-8,1.546483993463893,-0.018432088891009002
2,TRUE,FALSE,Grounding vs Thematic,log_odds,0.9864179292660269,0.26844474621214015,0.4602758948512372,1.5125599636808165,3.6745659700358,2.3825408088383563e-4,4.7650816176767125e-4,0.987969539535548,-0.0015516102695211087
2,TRUE,FALSE,Thematic vs Control,log_odds,0.5416339753068571,0.250182911619919,0.051284478984448545,1.0319834716292657,2.164951921775194,0.030391367351120285,0.030391367351120285,0.5585144539283451,-0.016880478621488004
2,TRUE,FALSE,Grounding vs Control,probability,0.2999008496059352,0.05989806969311752,0.18250279026395477,0.41729890894791566,5.006853328370193,5.53270533157194e-7,1.6598115994715818e-6,0.3042312530924953,-0.004330403486560108
2,TRUE,FALSE,Grounding vs Thematic,probability,0.17178291069125184,0.05744015535467676,0.059202274929699886,0.2843635464528038,2.9906414707714633,0.0027839214182885843,0.005567842836577169,0.17178085615984195,2.0545314098896483e-6
2,TRUE,FALSE,Thematic vs Control,probability,0.12811793891468337,0.059878356370950785,0.010758516974165369,0.2454773608552014,2.139636868470193,0.03238412466299418,0.03238412466299418,0.13245039693265348,-0.004332458017970109
3,TRUE,FALSE,Grounding vs Control,log_odds,1.5651790572367403,0.2688413030954474,1.038259785612847,2.092098328860634,5.821944170092982,5.816698169304602e-9,1.7450094507913805e-8,1.546483993463893,0.018695063772847353
3,TRUE,FALSE,Grounding vs Thematic,log_odds,0.9906434775133964,0.26928143010386274,0.46286157280438567,1.5184253822224072,3.6788406728651952,2.34296573467538e-4,4.68593146935076e-4,0.987969539535548,0.0026739379778484285
3,TRUE,FALSE,Thematic vs Control,log_odds,0.5745355797233439,0.25117154968488187,0.08224838839986282,1.066822771046825,2.2874230001134777,0.022171145076126022,0.022171145076126022,0.5585144539283451,0.016021125794998814
3,TRUE,FALSE,Grounding vs Control,probability,0.3080568736996854,0.060473144400351425,0.18953168864310654,0.4265820587562642,5.094110398167011,3.503825618622047e-7,1.051147685586614e-6,0.3042312530924953,0.00382562060719005
3,TRUE,FALSE,Grounding vs Thematic,probability,0.17182531338481377,0.05777909818541436,0.05858036188219806,0.2850702648874295,2.9738316931396658,0.002941063451301095,0.00588212690260219,0.17178085615984195,4.44572249718167e-5
3,TRUE,FALSE,Thematic vs Control,probability,0.1362315603148717,0.06013188221547119,0.01837523684994362,0.2540878837797998,2.2655462509341016,0.02347917916227835,0.02347917916227835,0.13245039693265348,0.0037811633822182333
4,TRUE,FALSE,Grounding vs Control,log_odds,1.5087754758406535,0.26771250140815134,0.9840686148695486,2.0334823368117583,5.635805081587849,1.7424237511066964e-8,5.2272712533200896e-8,1.546483993463893,-0.03770851762323946
4,TRUE,FALSE,Grounding vs Thematic,log_odds,0.9852070533710731,0.2680991846549804,0.4597423071627581,1.510671799579388,3.674785712753831,2.3804912390857597e-4,4.7609824781715194e-4,0.987969539535548,-0.002762486164474942
4,TRUE,FALSE,Thematic vs Control,log_odds,0.5235684224695805,0.2500355678263752,0.033507714675863276,1.0136291302632976,2.093975777210811,0.03626213809485192,0.03626213809485192,0.5585144539283451,-0.034946031458764626
4,TRUE,FALSE,Grounding vs Control,probability,0.2963415788991758,0.059873932938406864,0.1789908267271319,0.41369233107121967,4.949425640771359,7.443280797872012e-7,2.2329842393616036e-6,0.3042312530924953,-0.00788967419331954
4,TRUE,FALSE,Grounding vs Thematic,probability,0.17183290575552457,0.05732025883367561,0.05948726285700652,0.28417854865404263,2.9977691875768864,0.0027196356052179224,0.005439271210435845,0.17178085615984195,5.2049595682612804e-5
4,TRUE,FALSE,Thematic vs Control,probability,0.12450867314365122,0.05971309503580318,0.007473157468059516,0.24154418881924292,2.0851150500404887,0.03705885845777202,0.03705885845777202,0.13245039693265348,-0.007941723789002264
5,TRUE,FALSE,Grounding vs Control,log_odds,1.5418028887053892,0.26819754363352805,1.0161453624415646,2.0674604149692137,5.748758425663092,8.990115714824323e-9,2.6970347144472968e-8,1.546483993463893,-0.004681104758503807
5,TRUE,FALSE,Grounding vs Thematic,log_odds,0.9864852221474127,0.26858350583994456,0.4600712238596183,1.5128992204352072,3.672918108140577,2.3979634830020445e-4,4.795926966004089e-4,0.987969539535548,-0.001484317388135259
5,TRUE,FALSE,Thematic vs Control,log_odds,0.5553176665579764,0.25053728542316656,0.0642736103441382,1.0463617227718147,2.2165070784575027,0.026656793645475258,0.026656793645475258,0.5585144539283451,-0.003196787370368659
5,TRUE,FALSE,Grounding vs Control,probability,0.3036324141358454,0.06003853544675478,0.18595904697567467,0.42130578129601615,5.057292152056608,4.2525150843637014e-7,1.2757545253091105e-6,0.3042312530924953,-5.988389566499164e-4
5,TRUE,FALSE,Grounding vs Thematic,probability,0.1717267041549525,0.05747064452878229,0.05908631071023533,0.28436709759966966,2.988076879300506,0.0028073892626224056,0.005614778525244811,0.17178085615984195,-5.415200488945171e-5
5,TRUE,FALSE,Thematic vs Control,probability,0.1319057099808929,0.05991857647813825,0.014467458078833123,0.24934396188295269,2.2014159503442094,0.027706590846061946,0.027706590846061946,0.13245039693265348,-5.446869517605757e-4
6,TRUE,FALSE,Grounding vs Control,log_odds,1.512261589324317,0.26842685088965246,0.986154629097095,2.038368549551539,5.633794027356795,1.762875545854505e-8,5.288626637563516e-8,1.546483993463893,-0.034222404139576
6,TRUE,FALSE,Grounding vs Thematic,log_odds,0.9874530175578922,0.2687417912301094,0.46072878560609576,1.5141772495096886,3.674356016747646,2.3845006178705583e-4,4.7690012357411165e-4,0.987969539535548,-5.165219776558372e-4
6,TRUE,FALSE,Thematic vs Control,log_odds,0.5248085717664248,0.25079525031567174,0.03325891365400069,1.016358229878849,2.092577794459254,0.03638686051839825,0.03638686051839825,0.5585144539283451,-0.033705882161920275
6,TRUE,FALSE,Grounding vs Control,probability,0.2961604801898182,0.06013356337656262,0.17830086170969872,0.4140200986699377,4.925044576773715,8.434112513805519e-7,2.5302337541416554e-6,0.3042312530924953,-0.008070772902677104
6,TRUE,FALSE,Grounding vs Thematic,probability,0.1717487879929025,0.05754235332196856,0.05896784789616541,0.2845297280896396,2.9847369472692757,0.0028382228605696056,0.005676445721139211,0.17178085615984195,-3.2068166939458465e-5
6,TRUE,FALSE,Thematic vs Control,probability,0.12441169219691561,0.059925061471158315,0.006960729942096511,0.24186265445173472,2.076121227790387,0.03788274032211731,0.03788274032211731,0.13245039693265348,-0.008038704735737867
7,TRUE,FALSE,Grounding vs Control,log_odds,1.5264682061410397,0.268183604060394,1.0008380009385178,2.052098411343562,5.691877441535481,1.2565003423207437e-8,3.769501026962231e-8,1.546483993463893,-0.02001578732285325
7,TRUE,FALSE,Grounding vs Thematic,log_odds,0.9865934532838432,0.26854961792359855,0.460245874091598,1.5129410324760884,3.673784609757016,2.3898420793507858e-4,4.7796841587015716e-4,0.987969539535548,-0.0013760862517048222
7,TRUE,FALSE,Thematic vs Control,log_odds,0.5398747528571965,0.2505346597755251,0.048835842818171715,1.0309136628962214,2.1548904783909557,0.031170405661059823,0.031170405661059823,0.5585144539283451,-0.01863970107114854
7,TRUE,FALSE,Grounding vs Control,probability,0.29995047304083766,0.060039139752145955,0.18227592146386457,0.41762502461781076,4.995915569062041,5.855727759125914e-7,1.756718327737774e-6,0.3042312530924953,-0.004280780051657662
7,TRUE,FALSE,Grounding vs Thematic,probability,0.17175470880457466,0.05746617621084476,0.05912307310208653,0.2843863445070628,2.9887965431074197,0.0028007856557327867,0.0056015713114655735,0.17178085615984195,-2.614735526729195e-5
7,TRUE,FALSE,Thematic vs Control,probability,0.128195764236263,0.05988250315540938,0.010828214747554493,0.2455633137249715,2.140788335176377,0.03229111106847742,0.03229111106847742,0.13245039693265348,-0.004254632696390481
8,TRUE,FALSE,Grounding vs Control,log_odds,1.5277463320362539,0.2683315290515684,1.0018261991786168,2.053666464893891,5.693502874731688,1.2445911973135036e-8,3.733773591940511e-8,1.546483993463893,-0.018737661427639107
8,TRUE,FALSE,Grounding vs Thematic,log_odds,0.9870222892548781,0.2687400692368708,0.46030143234781085,1.5137431461619455,3.672776791558033,2.3992904451038146e-4,4.7985808902076293e-4,0.987969539535548,-9.472502806698868e-4
8,TRUE,FALSE,Thematic vs Control,log_odds,0.5407240427813758,0.2507015240824846,0.04935808471040509,1.0320900008523464,2.156843859487146,0.031017832435588758,0.031017832435588758,0.5585144539283451,-0.01779041114696933
8,TRUE,FALSE,Grounding vs Control,probability,0.2996980956020079,0.060070383118208885,0.18196230815279563,0.41743388305122014,4.989115767952571,6.065629055717523e-7,1.819688716715257e-6,0.3042312530924953,-0.004533157490487438
8,TRUE,FALSE,Grounding vs Thematic,probability,0.17168231972204007,0.05753438518536571,0.058916996886068454,0.2844476425580117,2.983995034776329,0.002845113886302744,0.005690227772605488,0.17178085615984195,-9.853643780188825e-5
8,TRUE,FALSE,Thematic vs Control,probability,0.12801577587996793,0.059971337386031595,0.010474114498645562,0.2455574372612903,2.1346159925688952,0.03279239003484369,0.03279239003484369,0.13245039693265348,-0.00443462105268555
9,TRUE,FALSE,Grounding vs Control,log_odds,1.5448379451102228,0.2683428899982647,1.0188955452062305,2.070780345014215,5.756955010509921,8.564472401020694e-9,2.569341720306208e-8,1.546483993463893,-0.0016460483536702153
9,TRUE,FALSE,Grounding vs Thematic,log_odds,0.987736294317849,0.2688149798785786,0.4608686152509758,1.5146039733847223,3.674409420055389,2.3840019812939716e-4,4.768003962587943e-4,0.987969539535548,-2.33245217698963e-4
9,TRUE,FALSE,Thematic vs Control,log_odds,0.5571016507923737,0.25069391776104366,0.06575060083748208,1.0484527007472653,2.2222384003882842,0.02626719861021587,0.02626719861021587,0.5585144539283451,-0.0014128031359713633
9,TRUE,FALSE,Grounding vs Control,probability,0.3037100813183199,0.06013261826818426,0.18585231521658346,0.4215678474200563,5.0506711675817835,4.4026039999096737e-7,1.320781199972902e-6,0.3042312530924953,-5.211717741754329e-4
9,TRUE,FALSE,Grounding vs Thematic,probability,0.17173136263889466,0.05757265363340459,0.058891035023022606,0.2845716902547667,2.9828634221448036,0.0028556539447691836,0.005711307889538367,0.17178085615984195,-4.9493520947296865e-5
9,TRUE,FALSE,Thematic vs Control,probability,0.13197871867942523,0.06000344541548325,0.01437412671676308,0.24958331064208739,2.1995190070430444,0.02784103914650384,0.02784103914650384,0.13245039693265348,-4.716782532282471e-4
10,TRUE,FALSE,Grounding vs Control,log_odds,1.562227928936852,0.2686252901714533,1.035732034864182,2.0887238230095218,5.815639800480964,6.040240723865431e-9,1.8120722171596293e-8,1.546483993463893,0.015743935472958936
10,TRUE,FALSE,Grounding vs Thematic,log_odds,0.9893431015795553,0.2690402616030681,0.4620338784463076,1.516652324712803,3.677305008865903,2.357111328701352e-4,4.714222657402704e-4,0.987969539535548,0.0013735620440072926
10,TRUE,FALSE,Thematic vs Control,log_odds,0.5728848273572966,0.25093175086061414,0.08106763309291531,1.0647020216216778,2.283030447093635,0.022428574948618826,0.022428574948618826,0.5585144539283451,0.014370373428951533
10,TRUE,FALSE,Grounding vs Control,probability,0.307858363222433,0.06029258907509078,0.18968706010058195,0.426029666344284,5.1060730339348,3.289226059574596e-7,9.867678178723788e-7,0.3042312530924953,0.0036271101299376607
10,TRUE,FALSE,Grounding vs Thematic,probability,0.17187331140419437,0.057652324168825084,0.05887683240826913,0.2848697904001196,2.981203514031671,0.002871179156679323,0.005742358313358646,0.17178085615984195,9.245524435241848e-5
10,TRUE,FALSE,Thematic vs Control,probability,0.1359850518182386,0.06006094254358144,0.0182677675552895,0.25370233608118775,2.264117845296302,0.023566867688238357,0.023566867688238357,0.13245039693265348,0.003534654885585131
11,TRUE,FALSE,Grounding vs Control,log_odds,1.564905837943832,0.26889053838969085,1.0378900669164532,2.091921608971211,5.819862042434104,5.889621908145302e-9,1.7668865724435904e-8,1.546483993463893,0.01842184447993911
11,TRUE,FALSE,Grounding vs Thematic,log_odds,0.9908255513440947,0.2692880630688661,0.4630306462625666,1.5186204564256227,3.6794261878986703,2.3375933365927842e-4,4.6751866731855685e-4,0.987969539535548,0.0028560118085466657
11,TRUE,FALSE,Thematic vs Control,log_odds,0.5740802865997374,0.2512056660667745,0.08172622839646387,1.066434344803011,2.285299912172911,0.02229524808914572,0.02229524808914572,0.5585144539283451,0.015565832671392332
11,TRUE,FALSE,Grounding vs Control,probability,0.30812218794408264,0.06047699937277094,0.18958944728040017,0.4266549286077651,5.09486567025035,3.4898861608584e-7,1.0469658482575201e-6,0.3042312530924953,0.0038909348515873132
11,TRUE,FALSE,Grounding vs Thematic,probability,0.17189082429222602,0.057769441215605476,0.058664800102635514,0.2851168484818165,2.975462816936379,0.0029254681312340766,0.005850936262468153,0.17178085615984195,1.09968132384064e-4
11,TRUE,FALSE,Thematic vs Control,probability,0.13623136365185662,0.06012414990564616,0.018390195235702886,0.25407253206801034,2.265834342201042,0.02346152785705985,0.02346152785705985,0.13245039693265348,0.003780966719203138
12,TRUE,FALSE,Grounding vs Control,log_odds,1.5435597196671564,0.2683721895298809,1.0175598937364327,2.06955954559788,5.751563611606241,8.842179832253283e-9,2.6526539496759848e-8,1.546483993463893,-0.002924273796736543
12,TRUE,FALSE,Grounding vs Thematic,log_odds,0.9872992627871099,0.26878430000192405,0.4604917151735297,1.51410681040069,3.6732028722661347,2.3952916405051058e-4,4.7905832810102116e-4,0.987969539535548,-6.702767484381145e-4
12,TRUE,FALSE,Thematic vs Control,log_odds,0.5562604568800465,0.2507300856310092,0.06483851920262496,1.047682394557468,2.218562864046064,0.02651647835037823,0.02651647835037823,0.5585144539283451,-0.0022539970482985394
12,TRUE,FALSE,Grounding vs Control,probability,0.3035799918353971,0.06011146410658605,0.18576368712851626,0.4213962965422779,5.050284439871689,4.4115267749643164e-7,1.3234580324892949e-6,0.3042312530924953,-6.512612570982457e-4
12,TRUE,FALSE,Grounding vs Thematic,probability,0.171704858311709,0.05754763944318865,0.05891355760776262,0.2844961590156554,2.9836994179616525,0.0028478638854776473,0.005695727770955295,0.17178085615984195,-7.599784813294708e-5
12,TRUE,FALSE,Thematic vs Control,probability,0.13187513352368807,0.05999709848819443,0.014282981309924489,0.24946728573745164,2.1980251853285373,0.027947311233376536,0.027947311233376536,0.13245039693265348,-5.752634089654096e-4
13,TRUE,FALSE,Grounding vs Control,log_odds,1.547616402166258,0.26879020072347987,1.0207972893509456,2.0744355149815705,5.7577113972186105,8.526196138507647e-9,2.5578588415522942e-8,1.546483993463893,0.0011324087023649732
13,TRUE,FALSE,Grounding vs Thematic,log_odds,0.9899067984650487,0.2691539275693941,0.46237479413153404,1.5174388027985635,3.6778463810817987,2.3521154193191268e-4,4.7042308386382537e-4,0.987969539535548,0.001937258929500696
13,TRUE,FALSE,Thematic vs Control,log_odds,0.5577096037012093,0.2511244002712461,0.06551482353034643,1.049904383872072,2.22084991780493,0.026361128298108133,0.026361128298108133,0.5585144539283451,-8.048502271358338e-4
13,TRUE,FALSE,Grounding vs Control,probability,0.3041235061314882,0.06039523405752033,0.1857510225408815,0.4224959897220949,5.035554723437969,4.764669809963006e-7,1.429400942988902e-6,0.3042312530924953,-1.0774696100712688e-4
13,TRUE,FALSE,Grounding vs Thematic,probability,0.17183783044629675,0.0577150089167371,0.05871849160208398,0.2849571692905095,2.9773508429011875,0.0029075108063148325,0.005815021612629665,0.17178085615984195,5.6974286454791745e-5
13,TRUE,FALSE,Thematic vs Control,probability,0.13228567568519145,0.06007187127984502,0.014546971492769192,0.2500243798776137,2.202123437589253,0.0276565903245248,0.0276565903245248,0.13245039693265348,-1.6472124746202965e-4
14,TRUE,FALSE,Grounding vs Control,log_odds,1.559078943707861,0.2677922818691192,1.0342157159065888,2.083942171509133,5.8219711667039205,5.815758441488189e-9,1.7447275324464565e-8,1.546483993463893,0.01259495024396795
14,TRUE,FALSE,Grounding vs Thematic,log_odds,0.986422980345459,0.26844287100858666,0.4602846212620979,1.5125613394288202,3.6746104548774046,2.3821257591484233e-4,4.7642515182968467e-4,0.987969539535548,-0.0015465591900889475
14,TRUE,FALSE,Thematic vs Control,log_odds,0.5726559633624019,0.25010206000199814,0.08246493329921006,1.0628469934255937,2.289689110748735,0.02203934510420189,0.02203934510420189,0.5585144539283451,0.014141509434056787
14,TRUE,FALSE,Grounding vs Control,probability,0.3075198226004503,0.059932784810817846,0.19005372287805816,0.42498592232284244,5.1310784835238135,2.8808675010669417e-7,8.642602503200825e-7,0.3042312530924953,0.003288569507954975
14,TRUE,FALSE,Grounding vs Thematic,probability,0.17177440248643827,0.05744337826737282,0.05918744993207671,0.28436135504079985,2.9903255634950034,0.0027868024878159115,0.005573604975631823,0.17178085615984195,-6.453673403683524e-6
14,TRUE,FALSE,Thematic vs Control,probability,0.13574542011401192,0.05991399093806136,0.018316155705352513,0.25317468452267133,2.265671473201385,0.023471505398658127,0.023471505398658127,0.13245039693265348,0.0032950231813584363
15,TRUE,FALSE,Grounding vs Control,log_odds,1.5425911964187242,0.2682500545039923,1.016830750739993,2.0683516420974555,5.750571791200759,8.89421255035394e-9,2.6682637651061818e-8,1.546483993463893,-0.003892797045168761
15,TRUE,FALSE,Grounding vs Thematic,log_odds,0.9869601494513268,0.2686435708164968,0.4604284259727577,1.513491872929896,3.6738647660602037,2.3890921090383786e-4,4.7781842180767573e-4,0.987969539535548,-0.0010093900842211845
15,TRUE,FALSE,Thematic vs Control,log_odds,0.5556310469673974,0.2505937233925035,0.06447637436629816,1.0467857195684966,2.2172584350690845,0.026605436475873965,0.026605436475873965,0.5585144539283451,-0.0028834069609476876
15,TRUE,FALSE,Grounding vs Control,probability,0.3037315252897361,0.060077491016570804,0.18598180661572872,0.42148124396374353,5.0556626142386625,4.288989886900754e-7,1.2866969660702261e-6,0.3042312530924953,-4.997278027591978e-4
15,TRUE,FALSE,Grounding vs Thematic,probability,0.1717564827071031,0.05749672313991212,0.059064976123804624,0.28444798929040155,2.98723950387837,0.0028150908822423197,0.005630181764484639,0.17178085615984195,-2.4373452738868373e-5
15,TRUE,FALSE,Thematic vs Control,probability,0.13197504258263293,0.059931268054942255,0.01451191564713028,0.24943816951813558,2.2021066275728427,0.027657777442218198,0.027657777442218198,0.13245039693265348,-4.753543500205515e-4
16,TRUE,FALSE,Grounding vs Control,log_odds,1.5604293341034132,0.268400890668003,1.0343732549756548,2.0864854132311716,5.813800879049905,6.107005258008137e-9,1.8321015774024412e-8,1.546483993463893,0.013945340639520243
16,TRUE,FALSE,Grounding vs Thematic,log_odds,0.9878600547962093,0.2688680582675405,0.46088834399861334,1.5148317655938053,3.6741443411371195,2.3864780350508043e-4,4.7729560701016086e-4,0.987969539535548,-1.094847393386944e-4
16,TRUE,FALSE,Thematic vs Control,log_odds,0.5725692793072039,0.2507509755945543,0.08110639805359554,1.0640321605608123,2.283417952610505,0.022405760766026447,0.022405760766026447,0.5585144539283451,0.014054825378858826
16,TRUE,FALSE,Grounding vs Control,probability,0.3075161558816494,0.06018729596149528,0.1895512234702656,0.42548108829303316,5.109320014615415,3.2332032472627413e-7,9.699609741788223e-7,0.3042312530924953,0.003284902789154054
16,TRUE,FALSE,Grounding vs Thematic,probability,0.17170353021074591,0.05759468342018499,0.05882002500619718,0.2845870354152946,2.981239239706796,0.0028708442027160623,0.0057416884054321245,0.17178085615984195,-7.732594909604096e-5
16,TRUE,FALSE,Thematic vs Control,probability,0.13581262567090346,0.060035941418874576,0.01814434271195281,0.2534809086298541,2.26218865668034,0.023685749848796754,0.023685749848796754,0.13245039693265348,0.003362228738249984
17,TRUE,FALSE,Grounding vs Control,log_odds,1.5610066059728878,0.26851918634230254,1.0347186715839753,2.0872945403618,5.813389453604815,6.122040589782164e-9,1.836612176934649e-8,1.546483993463893,0.014522612508994781
17,TRUE,FALSE,Grounding vs Thematic,log_odds,0.9886225516875152,0.2689226756816917,0.46154379272525414,1.5157013106497763,3.6762335090615075,2.3670287494245511e-4,4.7340574988491023e-4,0.987969539535548,6.53012151967225e-4
17,TRUE,FALSE,Thematic vs Control,log_odds,0.5723840542853725,0.2508408377178035,0.0807450465066214,1.0640230620641238,2.281861516222912,0.02249751752155347,0.02249751752155347,0.5585144539283451,0.013869600357027445
17,TRUE,FALSE,Grounding vs Control,probability,0.3077977166806076,0.060255550403206466,0.18969900802168504,0.4258964253395302,5.108205212979489,3.252333181773115e-7,9.756999545319344e-7,0.3042312530924953,0.003566463588112301
17,TRUE,FALSE,Grounding vs Thematic,probability,0.1718160826078592,0.05761249246873986,0.058897672309543986,0.28473449290617436,2.982271296474205,0.0028611833133595902,0.0057223666267191805,0.17178085615984195,3.5226448017233736e-5
17,TRUE,FALSE,Thematic vs Control,probability,0.13598163407274833,0.060022794500333265,0.018339118600646326,0.25362414954485035,2.2654998855808572,0.02348202103642215,0.02348202103642215,0.13245039693265348,0.003531237140094845
18,TRUE,FALSE,Grounding vs Control,log_odds,1.510890526598427,0.26829115694098227,0.9850495216235184,2.036731531573335,5.63153308452424,1.786147023552483e-8,5.358441070657449e-8,1.546483993463893,-0.03559346686546605
18,TRUE,FALSE,Grounding vs Thematic,log_odds,0.9864573349669187,0.26865370790349036,0.459905743162934,1.5130089267709033,3.6718545322340685,2.4079673897636484e-4,4.815934779527297e-4,0.987969539535548,-0.0015122045686293273
18,TRUE,FALSE,Thematic vs Control,log_odds,0.5244331916315083,0.2506732856664858,0.033122579838875676,1.0157438034241408,2.092098446937233,0.03642971006757749,0.03642971006757749,0.5585144539283451,-0.034081262296836834
18,TRUE,FALSE,Grounding vs Control,probability,0.29576757723090397,0.05999384231207751,0.17818180700505687,0.41335334745675106,4.929965573672921,8.224410867886241e-7,2.4673232603658722e-6,0.3042312530924953,-0.008463675861591358
18,TRUE,FALSE,Grounding vs Thematic,probability,0.1716765372265061,0.057488717009014235,0.05900072237142301,0.2843523520815892,2.9862648908930636,0.0028240790145131465,0.005648158029026293,0.17178085615984195,-1.0431893333584519e-4
18,TRUE,FALSE,Thematic vs Control,probability,0.12409104000439775,0.059929132471917196,0.006632098734710212,0.24154998127408528,2.0706296735155783,0.038393416924328856,0.038393416924328856,0.13245039693265348,-0.008359356928255735
19,TRUE,FALSE,Grounding vs Control,log_odds,1.5272271505067345,0.26776811801736633,1.002411282984626,2.052043018028843,5.703543654915948,1.1734196789037828e-8,3.5202590367113485e-8,1.546483993463893,-0.01925684295715846
19,TRUE,FALSE,Grounding vs Thematic,log_odds,0.9859491634990319,0.26836569163678536,0.4599620732047508,1.511936253793313,3.673901673070218,2.3887468684364582e-4,4.7774937368729164e-4,0.987969539535548,-0.0020203760365160583
19,TRUE,FALSE,Thematic vs Control,log_odds,0.5412779870077026,0.2500976956076773,0.05109551100019388,1.0314604630152113,2.164266190828057,0.030443925906135955,0.030443925906135955,0.5585144539283451,-0.017236466920642513
19,TRUE,FALSE,Grounding vs Control,probability,0.2998203410721375,0.059843081002119075,0.18253005758407104,0.417110624560204,5.010108705157087,5.43992989516102e-7,1.6319789685483062e-6,0.3042312530924953,-0.004410912020357816
19,TRUE,FALSE,Grounding vs Thematic,probability,0.1717752759987724,0.05740390078575064,0.05926569788659067,0.28428485411095417,2.992397270002462,0.002767958075288394,0.005535916150576788,0.17178085615984195,-5.580161069551615e-6
19,TRUE,FALSE,Thematic vs Control,probability,0.1280450650733651,0.05985922004659336,0.01072314963938413,0.24536698050734607,2.1391034659939954,0.032427289775477035,0.032427289775477035,0.13245039693265348,-0.004405331859288375
20,TRUE,FALSE,Grounding vs Control,log_odds,1.5412777911124151,0.26813991797043973,1.0157332090728288,2.0668223731520015,5.748035588204844,9.028623876463572e-9,2.7085871629390714e-8,1.546483993463893,-0.00520620235147784
20,TRUE,FALSE,Grounding vs Thematic,log_odds,0.9859916891591906,0.2685727267030988,0.4595988175913982,1.512384560726983,3.671227906358424,2.4138796970264034e-4,4.827759394052807e-4,0.987969539535548,-0.0019778503763574484
20,TRUE,FALSE,Thematic vs Control,log_odds,0.5552861019532246,0.250498779036247,0.06431751687092346,1.0462546870355256,2.2167217903799643,0.026642108798948544,0.026642108798948544,0.5585144539283451,-0.0032283519751205025
20,TRUE,FALSE,Grounding vs Control,probability,0.30333791226488616,0.0599633853185818,0.185811836649368,0.4208639878804043,5.058718927446647,4.2208247004149026e-7,1.2662474101244707e-6,0.3042312530924953,-8.933408276091681e-4
20,TRUE,FALSE,Grounding vs Thematic,probability,0.17166691025422565,0.0574533172979039,0.05906047755798194,0.28427334295046935,2.98793730854752,0.002808671603373503,0.005617343206747006,0.17178085615984195,-1.1394590561630835e-4
20,TRUE,FALSE,Thematic vs Control,probability,0.13167100201066062,0.059944263268945544,0.014182404923740136,0.24915959909758112,2.1965571821261087,0.028052087062663447,0.028052087062663447,0.13245039693265348,-7.793949219928598e-4
21,TRUE,FALSE,Grounding vs Control,log_odds,1.5457138383719935,0.26855540051407023,1.0193549255106864,2.072072751233301,5.7556609750285395,8.630343612090916e-9,2.589103083627275e-8,1.546483993463893,-7.701550918994826e-4
21,TRUE,FALSE,Grounding vs Thematic,log_odds,0.9886133284304416,0.2689660808076085,0.4614494969846392,1.515777159876244,3.675605955449814,2.372855328863377e-4,4.745710657726754e-4,0.987969539535548,6.437888948935822e-4
21,TRUE,FALSE,Thematic vs Control,log_odds,0.5571005099415519,0.25090272706210875,0.06534020127693568,1.048860818606168,2.2203844352941076,0.02639268269322642,0.02639268269322642,0.5585144539283451,-0.0014139439867931758
21,TRUE,FALSE,Grounding vs Control,probability,0.3038330300487061,0.06023674790851676,0.18577117360219486,0.42189488649521734,5.0439813004205645,4.559438780799674e-7,1.3678316342399022e-6,0.3042312530924953,-3.9822304378922535e-4
21,TRUE,FALSE,Grounding vs Thematic,probability,0.17177713994278854,0.057629114154778546,0.05882615173847518,0.2847281281471019,2.980735388044221,0.0028755714731114267,0.005751142946222853,0.17178085615984195,-3.7162170534177363e-6
21,TRUE,FALSE,Thematic vs Control,probability,0.13205589010591756,0.06003657731752687,0.014386360808510607,0.24972541940332452,2.19959058304554,0.027835955911569163,0.027835955911569163,0.13245039693265348,-3.9450682673591864e-4
22,TRUE,FALSE,Grounding vs Control,log_odds,1.527443627358112,0.2682557987241967,1.0016719232146607,2.0532153315015633,5.693981768977643,1.2411034244278563e-8,3.723310273283569e-8,1.546483993463893,-0.01904036610578097
22,TRUE,FALSE,Grounding vs Thematic,log_odds,0.9872496728378051,0.26862536611137666,0.46075362992562063,1.5137457157499896,3.67519153953791,2.376710386434238e-4,4.753420772868476e-4,0.987969539535548,-7.198666977429324e-4
22,TRUE,FALSE,Thematic vs Control,log_odds,0.5401939545203069,0.2505860296333928,0.04905436140997038,1.0313335476306436,2.155722548901111,0.031105336361200244,0.031105336361200244,0.5585144539283451,-0.01832049940803815
22,TRUE,FALSE,Grounding vs Control,probability,0.3000942063380361,0.06008292509267748,0.18233383707057035,0.41785457560550177,4.994667051831164,5.893735690101958e-7,1.7681207070305875e-6,0.3042312530924953,-0.00413704675445925
22,TRUE,FALSE,Grounding vs Thematic,probability,0.1718225662598898,0.05749525577217147,0.05913393566451508,0.2845111968552645,2.9884651168567267,0.0028038250458564,0.0056076500917128,0.17178085615984195,4.171010004783149e-5
22,TRUE,FALSE,Thematic vs Control,probability,0.12827164007814618,0.05989420408119314,0.01088115719631573,0.24566212295997664,2.1416369421031116,0.03222270858936794,0.03222270858936794,0.13245039693265348,-0.004178756854507304
23,TRUE,FALSE,Grounding vs Control,log_odds,1.56517950165628,0.26879177016181416,1.0383573127983565,2.0920016905142034,5.823018691063469,5.7794088844590345e-9,1.7338226653377104e-8,1.546483993463893,0.018695508192386967
23,TRUE,FALSE,Grounding vs Thematic,log_odds,0.9908807044985898,0.26924412400923375,0.46317191839145566,1.518589490605724,3.680231493054264,2.3302231338686612e-4,4.6604462677373224e-4,0.987969539535548,0.002911164963041779
23,TRUE,FALSE,Thematic vs Control,log_odds,0.5742987971576902,0.25108835069884977,0.08217467285038221,1.066422921464998,2.2872379206731592,0.022181939756727675,0.022181939756727675,0.5585144539283451,0.015784343229345077
23,TRUE,FALSE,Grounding vs Control,probability,0.30816525684898,0.060416106241018376,0.1897518645304384,0.4265786491675216,5.100713634533386,3.3837520120658276e-7,1.0151256036197482e-6,0.3042312530924953,0.003934003756484672
23,TRUE,FALSE,Grounding vs Thematic,probability,0.17196103814297004,0.0577456139033893,0.05878171462717162,0.28514036165876844,2.9779064853422055,0.0029022451936019447,0.0058044903872038894,0.17178085615984195,1.8018198312808043e-4
23,TRUE,FALSE,Thematic vs Control,probability,0.13620421870601007,0.060112068910331364,0.018386728605570737,0.2540217088064494,2.265838144902061,0.02346129494322126,0.02346129494322126,0.13245039693265348,0.0037538217733565915
24,TRUE,FALSE,Grounding vs Control,log_odds,1.5614955200242604,0.26857677380956807,1.0350947162735467,2.087896323774974,5.813963351616639,6.101077679501661e-9,1.8303233038504983e-8,1.546483993463893,0.015011526560367416
24,TRUE,FALSE,Grounding vs Thematic,log_odds,0.9888356410600851,0.26898609802377504,0.46163257659152557,1.5160387055286448,3.6761589105347903,2.3677206626103385e-4,4.735441325220677e-4,0.987969539535548,8.66101524537144e-4
24,TRUE,FALSE,Thematic vs Control,log_odds,0.5726598789641753,0.25090191133811734,0.08090116908920353,1.064418588839147,2.282405406599133,0.02246541643612207,0.02246541643612207,0.5585144539283451,0.014145425035830161
24,TRUE,FALSE,Grounding vs Control,probability,0.3077466516742262,0.060262073407145386,0.18963515816251234,0.4258581451859401,5.106804898580474,3.276517373437397e-7,9.82955212031219e-7,0.3042312530924953,0.0035153985817308886
24,TRUE,FALSE,Grounding vs Thematic,probability,0.17181564271228955,0.05763118656353812,0.05886059266144618,0.28477069276313294,2.981296290383742,0.0028703093854520107,0.0057406187709040215,0.17178085615984195,3.478655244759654e-5
24,TRUE,FALSE,Thematic vs Control,probability,0.13593100896193677,0.060054109345854256,0.0182271175204322,0.25363490040344133,2.2634755629977645,0.023606389348544476,0.023606389348544476,0.13245039693265348,0.003480612029283292
25,TRUE,FALSE,Grounding vs Control,log_odds,1.5451802495547775,0.26837460464757396,1.019175690080357,2.071184809029198,5.7575501660594455,8.534341122182739e-9,2.560302336654822e-8,1.546483993463893,-0.0013037439091154734
25,TRUE,FALSE,Grounding vs Thematic,log_odds,0.9879125938487814,0.26884701695691177,0.4609821232622052,1.5148430644353574,3.674627321630705,2.3819684077585436e-4,4.763936815517087e-4,0.987969539535548,-5.6945686766618486e-5
25,TRUE,FALSE,Thematic vs Control,log_odds,0.5572676557059961,0.2507268438017262,0.06585207189721315,1.0486832395147792,2.2226086654952715,0.02624219938721519,0.02624219938721519,0.5585144539283451,-0.001246798222348966
25,TRUE,FALSE,Grounding vs Control,probability,0.30373434608788896,0.06015971960910081,0.18582346233402336,0.42164522984175457,5.048799230805271,4.445956687063357e-7,1.3337870061190072e-6,0.3042312530924953,-4.969070046063617e-4
25,TRUE,FALSE,Grounding vs Thematic,probability,0.17172344505815262,0.05759012717967129,0.05884886992091565,0.2845980201953896,2.9818209034754344,0.0028653957016431886,0.005730791403286377,0.17178085615984195,-5.7411101689330835e-5
25,TRUE,FALSE,Thematic vs Control,probability,0.13201090102973634,0.060010911357277597,0.014391676090046587,0.24963012596942608,2.1997816404387467,0.02782239118174207,0.02782239118174207,0.13245039693265348,-4.394959029171419e-4
26,TRUE,FALSE,Grounding vs Control,log_odds,1.529725308508764,0.26860982245874787,1.00325973059592,2.056190886421608,5.694971593020184,1.2339246386820466e-8,3.70177391604614e-8,1.546483993463893,-0.01675868495512889
26,TRUE,FALSE,Grounding vs Thematic,log_odds,0.9884410656268132,0.2689671628891657,0.4612751133401304,1.5156070179134962,3.6749507077714307,2.3789533959858535e-4,4.757906791971707e-4,0.987969539535548,4.715260912652175e-4
26,TRUE,FALSE,Thematic vs Control,log_odds,0.5412842428819509,0.2509825899058457,0.04936740591990729,1.0332010798439946,2.1566605200982654,0.031032125260653895,0.031032125260653895,0.5585144539283451,-0.017230211046394217
26,TRUE,FALSE,Grounding vs Control,probability,0.29995487074728233,0.06024325960002629,0.18188025161993396,0.41802948987463073,4.97906110557058,6.389346935684526e-7,1.9168040807053578e-6,0.3042312530924953,-0.004276382345212992
26,TRUE,FALSE,Grounding vs Thematic,probability,0.17173236566153083,0.05763270351251208,0.05877434244533211,0.28469038887772957,2.9797728580309903,0.002884621944838843,0.005769243889677686,0.17178085615984195,-4.849049831112673e-5
26,TRUE,FALSE,Thematic vs Control,probability,0.1282225050857515,0.060020426635398194,0.01058463054364249,0.2458603796278605,2.136314456154329,0.03265379135508203,0.03265379135508203,0.13245039693265348,-0.004227891846901977
27,TRUE,FALSE,Grounding vs Control,log_odds,1.5740399243288359,0.2682394907309776,1.0483001832647543,2.0997796653929175,5.868039489783666,4.409782381207099e-9,1.3229347143621295e-8,1.546483993463893,0.0275559308649429
27,TRUE,FALSE,Grounding vs Thematic,log_odds,0.9868731270016722,0.26872010084425013,0.46019140742497067,1.5135548465783737,3.6724946288021183,2.4019420134800486e-4,4.803884026960097e-4,0.987969539535548,-0.0010964125338758235
27,TRUE,FALSE,Thematic vs Control,log_odds,0.5871667973271637,0.2505805910588691,0.09603786362702088,1.0782957310273065,2.3432253665217835,0.01911783121605217,0.01911783121605217,0.5585144539283451,0.028652343398818614
27,TRUE,FALSE,Grounding vs Control,probability,0.31115003023555743,0.06009672937330131,0.1933626050752365,0.42893745539587835,5.177486919509293,2.248947064155566e-7,6.746841192466698e-7,0.3042312530924953,0.006918777143062105
27,TRUE,FALSE,Grounding vs Thematic,probability,0.1716745496416442,0.05752413153063391,0.058929323599656816,0.2844197756836316,2.9843918556201166,0.0028414262401933077,0.005682852480386615,0.17178085615984195,-1.0630651819776293e-4
27,TRUE,FALSE,Thematic vs Control,probability,0.13947548059391335,0.0600145388386435,0.021849145921391824,0.2571018152664349,2.324028198715488,0.020123982749866716,0.020123982749866716,0.13245039693265348,0.007025083661259868
28,TRUE,FALSE,Grounding vs Control,log_odds,1.610792707539944,0.268542187451577,1.0844596918052491,2.1371257232746386,5.998285494082374,1.994117083854904e-9,5.982351251564712e-9,1.546483993463893,0.06430871407605099
28,TRUE,FALSE,Grounding vs Thematic,log_odds,0.9899101842908359,0.2691036483988775,0.46247672532070627,1.5173436432609655,3.6785461296442423,2.3456726966628096e-4,4.691345393325619e-4,0.987969539535548,0.0019406447552878792
28,TRUE,FALSE,Thematic vs Control,log_odds,0.6208825232491081,0.2508180928412731,0.12928809460918939,1.1124769518890267,2.475429568161278,0.013307600674575112,0.013307600674575112,0.5585144539283451,0.062368069320763
28,TRUE,FALSE,Grounding vs Control,probability,0.31950718110884413,0.06037249463821356,0.20117926596110808,0.4378350962565802,5.2922640189628325,1.20811307813499e-7,3.62433923440497e-7,0.3042312530924953,0.015275928016348805
28,TRUE,FALSE,Grounding vs Thematic,probability,0.17186980796187878,0.057699100845159404,0.05878164836502178,0.2849579675587358,2.978725932369492,0.002894495487631078,0.005788990975262156,0.17178085615984195,8.895180203682962e-5
28,TRUE,FALSE,Thematic vs Control,probability,0.14763737314696534,0.060131791753106165,0.029781226985014647,0.26549351930891607,2.455229901565988,0.0140794512686263,0.0140794512686263,0.13245039693265348,0.015186976214311865
29,TRUE,FALSE,Grounding vs Control,log_odds,1.5242964520037594,0.26781359493907325,0.9993914513529775,2.0492014526545415,5.691632093398888,1.2583075378136308e-8,3.7749226134408924e-8,1.546483993463893,-0.022187541460133575
29,TRUE,FALSE,Grounding vs Thematic,log_odds,0.9851329610023946,0.26822042676958324,0.4594305846160486,1.5108353373887407,3.672848383947582,2.398618106796923e-4,4.797236213593846e-4,0.987969539535548,-0.0028365785331534443
29,TRUE,FALSE,Thematic vs Control,log_odds,0.5391634910013648,0.25016719331318893,0.04884480199404523,1.0294821800086844,2.155212615454242,0.03114520016179458,0.03114520016179458,0.5585144539283451,-0.019350962926980242
29,TRUE,FALSE,Grounding vs Control,probability,0.2999167850936528,0.05991825307029809,0.18247916705931208,0.41735440312799355,5.005432730853826,5.57366753911582e-7,1.672100261734746e-6,0.3042312530924953,-0.004314467998842497
29,TRUE,FALSE,Grounding vs Thematic,probability,0.1717127752767994,0.05736158026710063,0.05928614385697874,0.2841394066966201,2.993515424038695,0.002757835686959086,0.005515671373918172,0.17178085615984195,-6.808088304255389e-5
29,TRUE,FALSE,Thematic vs Control,probability,0.12820400981685343,0.05977950622270735,0.011038330606759003,0.24536968902694783,2.1446147336719705,0.03198366330296851,0.03198366330296851,0.13245039693265348,-0.004246387115800054
30,TRUE,FALSE,Grounding vs Control,log_odds,1.5755267671108997,0.2682494915065941,1.049767424886792,2.1012861093350073,5.873363480624417,4.270407230508963e-9,1.2811221691526889e-8,1.546483993463893,0.029042773647006692
30,TRUE,FALSE,Grounding vs Thematic,log_odds,0.9874597725642151,0.26877400746894886,0.46067239794457604,1.5142471471838541,3.673940727614054,2.3883815900535018e-4,4.7767631801070036e-4,0.987969539535548,-5.097669713328701e-4
30,TRUE,FALSE,Thematic vs Control,log_odds,0.5880669945466845,0.25057372943233697,0.09695150938742009,1.079182479705949,2.3468820768997722,0.01893124528418327,0.01893124528418327,0.5585144539283451,0.02955254061833945
30,TRUE,FALSE,Grounding vs Control,probability,0.3113151057746021,0.06013325513769401,0.19345609143156367,0.4291741201176405,5.177087205103867,2.2537688715410225e-7,6.761306614623067e-7,0.3042312530924953,0.0070838526821067616
30,TRUE,FALSE,Grounding vs Thematic,probability,0.17171623769805466,0.05755624139844141,0.05890807747161625,0.2845243979244931,2.9834512040027796,0.00285017478987311,0.00570034957974622,0.17178085615984195,-6.461846178729136e-5
30,TRUE,FALSE,Thematic vs Control,probability,0.13959886807654742,0.06002818222744044,0.02194579285335682,0.257251943299738,2.325555479051857,0.020042276997882975,0.020042276997882975,0.13245039693265348,0.007148471143893942
31,TRUE,FALSE,Grounding vs Control,log_odds,1.5272798446558988,0.2687585755230536,1.0005227160944257,2.054036973217372,5.682720418068638,1.3256889016341911e-8,3.977066704902573e-8,1.546483993463893,-0.019204148807994148
31,TRUE,FALSE,Grounding vs Thematic,log_odds,0.9677099619497668,0.27114187900959025,0.43628164439045314,1.4991382795090804,3.569016949666927,3.5832324529338735e-4,7.166464905867747e-4,0.987969539535548,-0.02025957758578123
31,TRUE,FALSE,Thematic vs Control,log_odds,0.5595698827061321,0.24882933484232966,0.07187334811810842,1.0472664172941557,2.248809944618076,0.02452459040861388,0.02452459040861388,0.5585144539283451,0.0010554287777869709
31,TRUE,FALSE,Grounding vs Control,probability,0.30123556863862744,0.060152855574686734,0.18333813814500205,0.4191329991322528,5.007834885986561,5.504572333492763e-7,1.6513717000478288e-6,0.3042312530924953,-0.002995684453867886
31,TRUE,FALSE,Grounding vs Thematic,probability,0.16855048198042755,0.05808341356745485,0.05470908328907094,0.28239188067178417,2.901869425850504,0.0037094311964730453,0.007418862392946091,0.17178085615984195,-0.003230374179414408
31,TRUE,FALSE,Thematic vs Control,probability,0.1326850866582,0.059512433984955114,0.01604285941537048,0.24932731390102952,2.229535540282945,0.025778293327912795,0.025778293327912795,0.13245039693265348,2.346897255465219e-4
32,TRUE,FALSE,Grounding vs Control,log_odds,1.5240754381277053,0.2674811846138368,0.9998219497424761,2.0483289265129345,5.697879050176993,1.213070579464375e-8,3.639211738393125e-8,1.546483993463893,-0.022408555336187685
32,TRUE,FALSE,Grounding vs Thematic,log_odds,0.9668904557914716,0.26987886262616423,0.437937604855557,1.4958433067273862,3.5826831578537024,3.4008300655637293e-4,6.801660131127459e-4,0.987969539535548,-0.02107908374407641
32,TRUE,FALSE,Thematic vs Control,log_odds,0.5571849823362337,0.24833836641719417,0.07045072817902198,1.0439192364934455,2.2436524423302155,0.024854772248419935,0.024854772248419935,0.5585144539283451,-0.0013294715921113864
32,TRUE,FALSE,Grounding vs Control,probability,0.30428448972775246,0.05969522793085676,0.18728399293436374,0.4212849865211412,5.097300073637315,3.445319687577012e-7,1.0335959062731037e-6,0.3042312530924953,5.323663525713673e-5
32,TRUE,FALSE,Grounding vs Thematic,probability,0.1721193447542375,0.05772771877744912,0.05897509504078066,0.28526359446769434,2.9815719103294027,0.0028677268880055234,0.005735453776011047,0.17178085615984195,3.3848859439555845e-4
32,TRUE,FALSE,Thematic vs Control,probability,0.13216514497351506,0.05940454428327052,0.015734377660290108,0.24859591228674,2.2248322341012443,0.026092502603691246,0.026092502603691246,0.13245039693265348,-2.852519591384217e-4
33,TRUE,FALSE,Grounding vs Control,log_odds,1.5002570107301232,0.26873637031885883,0.9735434035691413,2.026970617891105,5.582634791673531,2.3690187305549843e-8,7.107056191664954e-8,1.546483993463893,-0.046226982733769795
33,TRUE,FALSE,Grounding vs Thematic,log_odds,0.9422592172947666,0.27114007991260936,0.41083442590074015,1.473684008688793,3.4751749634302107,5.105202571613095e-4,0.001021040514322619,0.987969539535548,-0.04571032224078142
33,TRUE,FALSE,Thematic vs Control,log_odds,0.5579977934353566,0.24850503564519794,0.07093687359392642,1.0450587132767868,2.245418455954493,0.024741281698055055,0.024741281698055055,0.5585144539283451,-5.166604929884855e-4
33,TRUE,FALSE,Grounding vs Control,probability,0.2923354638021858,0.06017680213064597,0.17439109892132654,0.410279828683045,4.8579428193527985,1.1861165004742996e-6,3.5583495014228988e-6,0.3042312530924953,-0.011895789290309544
33,TRUE,FALSE,Grounding vs Thematic,probability,0.15999618887434786,0.05811574177586583,0.04609142805882102,0.27390094968987466,2.75306111537564,0.005904087341429749,0.011808174682859498,0.17178085615984195,-0.0117846672854941
33,TRUE,FALSE,Thematic vs Control,probability,0.13233927492783792,0.05944264579786826,0.015833830018244982,0.24884471983743087,2.226335539939642,0.02599171462849128,0.02599171462849128,0.13245039693265348,-1.111220048155559e-4
34,TRUE,FALSE,Grounding vs Control,log_odds,1.536492084406659,0.26935332301227916,1.0085692721864081,2.06441489662691,5.704373969563442,1.1677145437430643e-8,3.5031436312291927e-8,1.546483993463893,-0.009991909057234016
34,TRUE,FALSE,Grounding vs Thematic,log_odds,0.9773084361483583,0.2717225647830997,0.4447419953866314,1.5098748769100852,3.5967143064783254,3.222620929303655e-4,6.44524185860731e-4,0.987969539535548,-0.01066110338718973
34,TRUE,FALSE,Thematic vs Control,log_odds,0.5591836482583007,0.24875700294253128,0.07162888158881525,1.046738414927786,2.247911180966774,0.024581854071775742,0.024581854071775742,0.5585144539283451,6.691943299556025e-4
34,TRUE,FALSE,Grounding vs Control,probability,0.30060939045325064,0.060227389555523335,0.1825658760415611,0.41865290486494017,4.991240574624612,5.999271971571354e-7,1.799781591471406e-6,0.3042312530924953,-0.0036218626392446884
34,TRUE,FALSE,Grounding vs Thematic,probability,0.16801521018908383,0.05814431156154746,0.054054453622574966,0.28197596675559267,2.889624207025563,0.003857026016298115,0.00771405203259623,0.17178085615984195,-0.0037656459707581247
34,TRUE,FALSE,Thematic vs Control,probability,0.1325941802641668,0.05949666912949077,0.01598285157026888,0.24920550895806473,2.2285983770887055,0.025840639138203992,0.025840639138203992,0.13245039693265348,1.4378333151332523e-4
35,TRUE,FALSE,Grounding vs Control,log_odds,1.5657227531732885,0.2683691162409984,1.0397289507780885,2.0917165555684885,5.8342136200472945,5.404484478709655e-9,1.6213453436128966e-8,1.546483993463893,0.01923875970939548
35,TRUE,FALSE,Grounding vs Thematic,log_odds,1.0084094488357531,0.2707416094455959,0.477765645205976,1.5390532524655303,3.7246193922710935,1.9561012001209795e-4,3.912202400241959e-4,0.987969539535548,0.020439909300205117
35,TRUE,FALSE,Thematic vs Control,log_odds,0.5573133043375353,0.24837046087967327,0.07051614618976143,1.0441104624853093,2.2438791729244083,0.024840176523688768,0.024840176523688768,0.5585144539283451,-0.001201149590809747
35,TRUE,FALSE,Grounding vs Control,probability,0.3114792761364128,0.05970559435336938,0.1944584615282508,0.4285000907445748,5.216919444648909,1.819233294580765e-7,5.457699883742295e-7,0.3042312530924953,0.007248023043917473
35,TRUE,FALSE,Grounding vs Thematic,probability,0.1792894208355632,0.05771939552886551,0.06616148438956461,0.2924173572815618,3.1062248520239693,0.0018949256571901196,0.003789851314380239,0.17178085615984195,0.007508564675721252
35,TRUE,FALSE,Thematic vs Control,probability,0.13218985530084948,0.05941132564211531,0.015745796768522488,0.24863391383317646,2.224994205602158,0.026081627135444613,0.026081627135444613,0.13245039693265348,-2.6054163180400103e-4
36,TRUE,FALSE,Grounding vs Control,log_odds,1.5830233605057584,0.2686209519038903,1.0565359692812675,2.1095107517302494,5.893149247241694,3.789038875745793e-9,1.136711662723738e-8,1.546483993463893,0.036539367041865445
36,TRUE,FALSE,Grounding vs Thematic,log_odds,1.0245983440051956,0.2709795658811217,0.4934881543318983,1.5557085336784928,3.781090801712647,1.561427061966765e-4,3.12285412393353e-4,0.987969539535548,0.03662880446964756
36,TRUE,FALSE,Thematic vs Control,log_odds,0.558425016500563,0.24858597052808135,0.07120546720358834,1.0456445657975375,2.2464060031798168,0.02467801416706703,0.02467801416706703,0.5585144539283451,-8.943742778211305e-5
36,TRUE,FALSE,Grounding vs Control,probability,0.31548592087355065,0.05981089482600423,0.19825872113146933,0.43271312061563194,5.274723305700913,1.3295653462492912e-7,3.9886960387478737e-7,0.3042312530924953,0.011254667781055328
36,TRUE,FALSE,Grounding vs Thematic,probability,0.1830457869338732,0.05775012245126561,0.06985762682661464,0.2962339470411317,3.169617295415132,0.001526398359174312,0.003052796718348624,0.17178085615984195,0.011264930774031234
36,TRUE,FALSE,Thematic vs Control,probability,0.13244013393967746,0.059462525085910316,0.015895726341483785,0.24898454153787114,2.227287417551315,0.025928070913094826,0.025928070913094826,0.13245039693265348,-1.0262992976017848e-5
37,TRUE,FALSE,Grounding vs Control,log_odds,1.5424984054888924,0.2688382873908632,1.0155850445373722,2.0694117664404126,5.737644070192497,9.600260556183838e-9,2.8800781668551512e-8,1.546483993463893,-0.003985587975000593
37,TRUE,FALSE,Grounding vs Thematic,log_odds,0.98284997837239,0.2712133975189855,0.4512814871104337,1.5144184696343461,3.6238990675362506,2.901948890848625e-4,5.80389778169725e-4,0.987969539535548,-0.005119561163158037
37,TRUE,FALSE,Thematic vs Control,log_odds,0.5596484271165024,0.24885678969231229,0.07189808201131187,1.047398772221693,2.2488774680749293,0.02452029290333433,0.02452029290333433,0.5585144539283451,0.0011339731881573334
37,TRUE,FALSE,Grounding vs Control,probability,0.3049411899620952,0.060120799138909595,0.1871065889280657,0.42277579099612467,5.072141327621512,3.93364068699629e-7,1.1800922060988871e-6,0.3042312530924953,7.099368695998587e-4
37,TRUE,FALSE,Grounding vs Thematic,probability,0.17224516688321512,0.058042291208032094,0.05848436653528641,0.2860059672311438,2.967580419350834,0.003001537521445872,0.006003075042891744,0.17178085615984195,4.643107233731625e-4
37,TRUE,FALSE,Thematic vs Control,probability,0.13269602307888018,0.059519409692128794,0.01604012370122354,0.2493519224565368,2.2294579829549064,0.025783447972257782,0.025783447972257782,0.13245039693265348,2.456261462266962e-4
38,TRUE,FALSE,Grounding vs Control,log_odds,1.5536067368239865,0.2695874542695169,1.0252250357718946,2.0819884378760785,5.762904438686476,8.267861307065408e-9,2.4803583921196225e-8,1.546483993463893,0.007122743360093553
38,TRUE,FALSE,Grounding vs Thematic,log_odds,0.9939386762299359,0.2719430564166262,0.46094007980760465,1.5269372726522672,3.6549514789125097,2.572306224261651e-4,5.144612448523302e-4,0.987969539535548,0.005969136694387922
38,TRUE,FALSE,Thematic vs Control,log_odds,0.5596680605940506,0.24887052660597286,0.07189079163282663,1.0474453295552746,2.248832227048531,0.024523172179478827,0.024523172179478827,0.5585144539283451,0.00115360666570552
38,TRUE,FALSE,Grounding vs Control,probability,0.30456747647086657,0.0602476178793927,0.18648431527292547,0.42265063766880767,5.0552617213939985,4.298009437318203e-7,1.289402831195461e-6,0.3042312530924953,3.362233783712476e-4
38,TRUE,FALSE,Grounding vs Thematic,probability,0.17187561756075276,0.05814686523355945,0.05790985588907206,0.28584137923243347,2.9558879377310747,0.0031177034472523748,0.0062354068945047495,0.17178085615984195,9.476140091080332e-5
38,TRUE,FALSE,Thematic vs Control,probability,0.1326918589101138,0.0595220934878529,0.016030699389496056,0.24935301843073157,2.2292874987200038,0.025794781893080498,0.025794781893080498,0.13245039693265348,2.4146197746033327e-4
39,TRUE,FALSE,Grounding vs Control,log_odds,1.5558622107236566,0.2687401421452078,1.0291412109188747,2.0825832105284388,5.7894670974869875,7.061008628598418e-9,2.1183025885795253e-8,1.546483993463893,0.009378217259763622
39,TRUE,FALSE,Grounding vs Thematic,log_odds,0.9967872560623144,0.27111665326835577,0.46540838004730367,1.5281661320773252,3.676599146698959,2.3636401452676366e-4,4.7272802905352733e-4,0.987969539535548,0.00881771652676644
39,TRUE,FALSE,Thematic vs Control,log_odds,0.5590749546613422,0.24872674156761942,0.07157949919680662,1.0465704101258777,2.247747673361253,0.02459228421072771,0.02459228421072771,0.5585144539283451,5.605007329970713e-4
39,TRUE,FALSE,Grounding vs Control,probability,0.3084440487463719,0.059989011576301154,0.19086774658866526,0.4260203509040785,5.141675794308697,2.7229870229539297e-7,8.168961068861789e-7,0.3042312530924953,0.004212795653876555
39,TRUE,FALSE,Grounding vs Thematic,probability,0.17586980533251417,0.057932765651559415,0.062323671130658634,0.2894159395343697,3.035757111792231,0.002399325595124393,0.004798651190248786,0.17178085615984195,0.004088949172672218
39,TRUE,FALSE,Thematic vs Control,probability,0.1325742434138577,0.059490656350190574,0.01597469955083515,0.24917378727688028,2.228488497982978,0.025847957499567163,0.025847957499567163,0.13245039693265348,1.2384648120422614e-4
40,TRUE,FALSE,Grounding vs Control,log_odds,1.5634032143035397,0.27022926128792707,1.0337635946103387,2.0930428339967406,5.785469740960977,7.230997681648859e-9,2.1692993044946575e-8,1.546483993463893,0.016919220839646698
40,TRUE,FALSE,Grounding vs Thematic,log_odds,1.0037175930582811,0.27257489193392775,0.4694806217778855,1.5379545643386767,3.682355282017621,2.310890537233721e-4,4.621781074467442e-4,0.987969539535548,0.01574805352273312
40,TRUE,FALSE,Thematic vs Control,log_odds,0.5596856212452584,0.24888122620980727,0.0718873814458702,1.0474838610446466,2.2488061063048708,0.024524834716231514,0.024524834716231514,0.5585144539283451,0.0011711673169133574
40,TRUE,FALSE,Grounding vs Control,probability,0.3039521046471113,0.0603890875713173,0.185591667948094,0.4223125413461286,5.033228963563244,4.822865190639836e-7,1.446859557191951e-6,0.3042312530924953,-2.791484453840143e-4
40,TRUE,FALSE,Grounding vs Thematic,probability,0.17125507251503602,0.05824514967898391,0.057096676870082894,0.28541346815998914,2.940246071284945,0.0032795168546880795,0.006559033709376159,0.17178085615984195,-5.257836448059328e-4
40,TRUE,FALSE,Thematic vs Control,probability,0.1326970321320753,0.05952628131956177,0.01602766461213484,0.24936639965201574,2.2292175689541662,0.025799432122758686,0.025799432122758686,0.13245039693265348,2.4663519942180745e-4
41,TRUE,FALSE,Grounding vs Control,log_odds,1.566415637703923,0.2694324702811169,1.0383376996872755,2.0944935757205703,5.813759700416126,6.108508490979872e-9,1.8325525472939614e-8,1.546483993463893,0.01993164424002991
41,TRUE,FALSE,Grounding vs Thematic,log_odds,1.0078172509336976,0.2717945065941428,0.4751098068133436,1.5405246950540517,3.7080118489613954,2.0889288404810901e-4,4.1778576809621803e-4,0.987969539535548,0.01984771139814956
41,TRUE,FALSE,Thematic vs Control,log_odds,0.5585983867702253,0.24864463039755597,0.07126386624174258,1.045932907298708,2.2465732956995157,0.024667310411423064,0.024667310411423064,0.5585144539283451,8.393284188024097e-5
41,TRUE,FALSE,Grounding vs Control,probability,0.30801990862440065,0.06003334299359893,0.19035671848540678,0.4256830987633945,5.130813865508761,2.8849208040649306e-7,8.654762412194792e-7,0.3042312530924953,0.0037886555319053272
41,TRUE,FALSE,Grounding vs Thematic,probability,0.17556077791032632,0.05799407855899719,0.06189447261810528,0.28922708320254736,3.0272190242962287,0.002468150514900475,0.00493630102980095,0.17178085615984195,0.0037799217504843607
41,TRUE,FALSE,Thematic vs Control,probability,0.13245913071407434,0.05947024304889613,0.015899596186394457,0.2490186652417542,2.227317796652809,0.02592604194950284,0.02592604194950284,0.13245039693265348,8.733781420855458e-6
42,TRUE,FALSE,Grounding vs Control,log_odds,1.6133945464700088,0.2707201496040741,1.0827928033567282,2.1439962895832894,5.95963968263753,2.527947013517186e-9,7.583841040551558e-9,1.546483993463893,0.06691055300611581
42,TRUE,FALSE,Grounding vs Thematic,log_odds,1.0532366851132358,0.27304851165269883,0.518071436241681,1.5884019339847906,3.8573243953546577,1.1463498040578206e-4,2.2926996081156412e-4,0.987969539535548,0.06526714557768776
42,TRUE,FALSE,Thematic vs Control,log_odds,0.560157861356773,0.2489358291408106,0.07225260177916787,1.0480631209343783,2.2502098765377787,0.02443562563888187,0.02443562563888187,0.5585144539283451,0.0016434074284279454
42,TRUE,FALSE,Grounding vs Control,probability,0.3158404694374094,0.06024218844764045,0.19776794973015924,0.4339129891446596,5.242845214893254,1.5811917910029463e-7,4.7435753730088387e-7,0.3042312530924953,0.011609216344914075
42,TRUE,FALSE,Grounding vs Thematic,probability,0.18302191796490563,0.05812107800731369,0.06910669832792782,0.29693713760188345,3.148976657691638,0.001638432817905656,0.003276865635811312,0.17178085615984195,0.011241061805063679
42,TRUE,FALSE,Thematic vs Control,probability,0.13281855147250377,0.05953517333006881,0.01613175593221937,0.24950534701278815,2.2309257543627994,0.025686047447440928,0.025686047447440928,0.13245039693265348,3.68154539850285e-4
43,TRUE,FALSE,Grounding vs Control,log_odds,1.5676985347585135,0.2703857345122318,1.0377522331811306,2.0976448363358964,5.7980075671765645,6.710742467333388e-9,2.0132227402000163e-8,1.546483993463893,0.021214541294620526
43,TRUE,FALSE,Grounding vs Thematic,log_odds,1.009617591392542,0.2727392042128566,0.47505857396322826,1.5441766088218558,3.701769220550325,2.141013166522682e-4,4.282026333045364e-4,0.987969539535548,0.021648051856994033
43,TRUE,FALSE,Thematic vs Control,log_odds,0.5580809433659716,0.24853024030617538,0.07097062329678305,1.0451912634351601,2.245525303795816,0.024734429685270266,0.024734429685270266,0.5585144539283451,-4.3351056237350694e-4
43,TRUE,FALSE,Grounding vs Control,probability,0.30260545664629024,0.0602954152743407,0.18442861427569623,0.42078229901688424,5.018714196916178,5.201847152216548e-7,1.5605541456649644e-6,0.3042312530924953,-0.0016257964462050856
43,TRUE,FALSE,Grounding vs Thematic,probability,0.17024666233707764,0.05817213539717527,0.05623137205482649,0.2842619526193288,2.926601562323677,0.003426875951095232,0.006853751902190464,0.17178085615984195,-0.0015341938227643181
43,TRUE,FALSE,Thematic vs Control,probability,0.1323587943092126,0.05944994001196088,0.01583905300270258,0.24887853561572262,2.2263907126328975,0.02598802203000777,0.02598802203000777,0.13245039693265348,-9.160262344087844e-5
44,TRUE,FALSE,Grounding vs Control,log_odds,1.5667409258686582,0.26845942605029877,1.0405701194997787,2.0929117322375377,5.836043639514868,5.345490072010596e-9,1.603647021603179e-8,1.546483993463893,0.020256932404765227
44,TRUE,FALSE,Grounding vs Thematic,log_odds,1.0090883726290487,0.2708236324469552,0.4782838068707035,1.539892938387394,3.725998220730215,1.9454377567604692e-4,3.8908755135209385e-4,0.987969539535548,0.02111883309350071
44,TRUE,FALSE,Thematic vs Control,log_odds,0.5576525532396096,0.24843935276248333,0.07072036948270083,1.0445847369965184,2.2446224683765976,0.024792379112414317,0.024792379112414317,0.5585144539283451,-8.619006887354841e-4
44,TRUE,FALSE,Grounding vs Control,probability,0.31162953176067,0.059751716783816966,0.1945183188499513,0.4287407446713887,5.2154071637498305,1.834139029428663e-7,5.502417088285989e-7,0.3042312530924953,0.007398278668174663
44,TRUE,FALSE,Grounding vs Thematic,probability,0.17936055851574306,0.057748463005890906,0.06617565086165324,0.2925454661698329,3.1058931992258656,0.0018970521966345014,0.003794104393269003,0.17178085615984195,0.007579702355901108
44,TRUE,FALSE,Thematic vs Control,probability,0.13226897324492692,0.05942708657749198,0.015794023846899,0.24874392264295486,2.2257354493131727,0.026031906805823343,0.026031906805823343,0.13245039693265348,-1.8142368772655626e-4
45,TRUE,FALSE,Grounding vs Control,log_odds,1.5800687540335465,0.27039231219436866,1.0501095604360735,2.1100279476310195,5.84361567535149,5.1079799315668404e-9,1.532393979470052e-8,1.546483993463893,0.03358476056965354
45,TRUE,FALSE,Grounding vs Thematic,log_odds,1.0203722940465323,0.272729440252598,0.4858324136276718,1.5549121744653926,3.7413353435605576,1.8304508529148113e-4,3.6609017058296227e-4,0.987969539535548,0.03240275451098429
45,TRUE,FALSE,Thematic vs Control,log_odds,0.5596964599870142,0.2488723659968122,0.07191558588599162,1.0474773340880368,2.2489297184331964,0.024516967896566474,0.024516967896566474,0.5585144539283451,0.0011820060586691383
45,TRUE,FALSE,Grounding vs Control,probability,0.30792410409277027,0.06031814589269852,0.1897027105288486,0.42614549765669196,5.104999491206913,3.3079540529743713e-7,9.923862158923114e-7,0.3042312530924953,0.0036928510002749437
45,TRUE,FALSE,Grounding vs Thematic,probability,0.1752217692625483,0.05819403075682168,0.06116356486396163,0.28927997366113495,3.0109921410110996,0.0026039559211981805,0.005207911842396361,0.17178085615984195,0.0034409131027063333
45,TRUE,FALSE,Thematic vs Control,probability,0.13270233483022198,0.05952251353606448,0.01604035203023778,0.24936431763020617,2.2294477660090433,0.025784127081205224,0.025784127081205224,0.13245039693265348,2.519378975684994e-4
46,TRUE,FALSE,Grounding vs Control,log_odds,1.535448719444627,0.2692344653372936,1.007758863986634,2.06313857490262,5.703016950378309,1.1770527238076104e-8,3.5311581714228313e-8,1.546483993463893,-0.011035274019266073
46,TRUE,FALSE,Grounding vs Thematic,log_odds,0.9767525581982397,0.2716160672670338,0.44439484873244495,1.5091102676640344,3.596077978840498,3.230509972966416e-4,6.461019945932832e-4,0.987969539535548,-0.011216981337308307
46,TRUE,FALSE,Thematic vs Control,log_odds,0.5586961612463872,0.24863653822910467,0.07137750107662588,1.0460148214161484,2.247039655658252,0.024637492871927427,0.024637492871927427,0.5585144539283451,1.817073180421236e-4
46,TRUE,FALSE,Grounding vs Control,probability,0.3005255876999987,0.0601429055079283,0.18264765897886362,0.4184035164211338,4.9968584850025595,5.827179801885154e-7,1.7481539405655462e-6,0.3042312530924953,-0.0037056653924966154
46,TRUE,FALSE,Grounding vs Thematic,probability,0.16802861169795325,0.05809143890369634,0.054171483636599474,0.28188573975930703,2.892484931841852,0.003822075151974173,0.007644150303948346,0.17178085615984195,-0.0037522444618887096
46,TRUE,FALSE,Thematic vs Control,probability,0.13249697600204546,0.05946866233947942,0.01594053960789235,0.24905341239619858,2.2280133904085613,0.02587962208255374,0.02587962208255374,0.13245039693265348,4.65790693919832e-5
47,TRUE,FALSE,Grounding vs Control,log_odds,1.5643273344018243,0.2703133576652283,1.0345228888378828,2.0941317799657657,5.787088540179275,7.1616834993755075e-9,2.1485050498126523e-8,1.546483993463893,0.017843340937931274
47,TRUE,FALSE,Grounding vs Thematic,log_odds,1.0042360771818912,0.27265729198410543,0.46983760477082315,1.5386345495929592,3.6831440299070866,2.303749069716867e-4,4.607498139433734e-4,0.987969539535548,0.016266537646343227
47,TRUE,FALSE,Thematic vs Control,log_odds,0.5600912572199329,0.2489663204111746,0.07212623585057143,1.0480562785892944,2.2496667673560307,0.02447010661799964,0.02447010661799964,0.5585144539283451,0.001576803291587825
47,TRUE,FALSE,Grounding vs Control,probability,0.3040391732215878,0.06045270837034762,0.18555404204780343,0.42252430439537214,5.029372238526879,4.920882578033725e-7,1.4762647734101174e-6,0.3042312530924953,-1.9207987090752443e-4
47,TRUE,FALSE,Grounding vs Thematic,probability,0.17125831766001154,0.05828632091881933,0.05701922786778213,0.28549740745224095,2.9382248692371338,0.0033009750161220415,0.006601950032244083,0.17178085615984195,-5.225384998304161e-4
47,TRUE,FALSE,Thematic vs Control,probability,0.13278085556157626,0.059545713879956656,0.01607340092313443,0.2494883102000181,2.229897786249748,0.025754229400839112,0.025754229400839112,0.13245039693265348,3.3045862892278066e-4
48,TRUE,FALSE,Grounding vs Control,log_odds,1.517042033595277,0.2689007717758883,0.9900062054995115,2.0440778616910427,5.641642541880226,1.684355107388083e-8,5.0530653221642486e-8,1.546483993463893,-0.029441959868615974
48,TRUE,FALSE,Grounding vs Thematic,log_odds,0.9591079485360444,0.27130323778392074,0.4273633735904535,1.4908525234816352,3.5351879924850924,4.074851467831614e-4,8.149702935663228e-4,0.987969539535548,-0.028861590999503584
48,TRUE,FALSE,Thematic vs Control,log_odds,0.5579340850592326,0.24848314100905564,0.07091607791609589,1.0449520922023692,2.2453599177535324,0.024745036373680224,0.024745036373680224,0.5585144539283451,-5.80368869112502e-4
48,TRUE,FALSE,Grounding vs Control,probability,0.29634849330054147,0.06009711956118848,0.1785603033860145,0.41413668321506847,4.931159687259409,8.174287571472798e-7,2.4522862714418396e-6,0.3042312530924953,-0.007882759791953853
48,TRUE,FALSE,Grounding vs Thematic,probability,0.16401986663731316,0.058066208557999044,0.0502121891448436,0.2778275441297827,2.824704259336702,0.004732427383235063,0.009464854766470125,0.17178085615984195,-0.007760989522528794
48,TRUE,FALSE,Thematic vs Control,probability,0.13232862666322842,0.05943546292417415,0.015837259927381428,0.2488199933990754,2.226425439506529,0.025985698062098685,0.025985698062098685,0.13245039693265348,-1.2177026942505886e-4
49,TRUE,FALSE,Grounding vs Control,log_odds,1.5127644283098114,0.26876258204681186,0.9859994471060689,2.0395294095135537,5.628627381047876,1.8164933053247263e-8,5.449479915974179e-8,1.546483993463893,-0.03371956515408159
49,TRUE,FALSE,Grounding vs Thematic,log_odds,0.9527441412716561,0.2711530894079688,0.4212938517352681,1.484194430808044,3.513676142698068,4.419512861936348e-4,8.839025723872696e-4,0.987969539535548,-0.03522539826389193
49,TRUE,FALSE,Thematic vs Control,log_odds,0.5600202870381553,0.2489223890317215,0.07214136959031309,1.0478992044859976,2.2497786929354473,0.024462997226551656,0.024462997226551656,0.5585144539283451,0.0015058331098102284
49,TRUE,FALSE,Grounding vs Control,probability,0.29755431778217933,0.06027377022776799,0.17941989892331153,0.4156887366410471,4.936713211364647,7.945017065870344e-7,2.3835051197611033e-6,0.3042312530924953,-0.00667693531031599
49,TRUE,FALSE,Grounding vs Thematic,probability,0.1647752287590084,0.05817572062053351,0.050752911568098594,0.27879754594991824,2.832371081981061,0.004620419341852696,0.009240838683705392,0.17178085615984195,-0.007005627400833547
49,TRUE,FALSE,Thematic vs Control,probability,0.13277908902317093,0.059533858026365065,0.016094871430774607,0.24946330661556726,2.230312185787936,0.02572672474955468,0.02572672474955468,0.13245039693265348,3.286920905174462e-4
50,TRUE,FALSE,Grounding vs Control,log_odds,1.5950003797652124,0.2694023930317356,1.0669813920741062,2.1230193674563185,5.920513035596241,3.209388537728813e-9,9.628165613186439e-9,1.546483993463893,0.04851638630131938
50,TRUE,FALSE,Grounding vs Thematic,log_odds,1.0369754571303753,0.2717576979292255,0.5043401566675783,1.5696107575931724,3.8158089541972693,1.3573749872228784e-4,2.714749974445757e-4,0.987969539535548,0.04900591759482731
50,TRUE,FALSE,Thematic vs Control,log_odds,0.558024922634837,0.24851068114576075,0.07095293781562906,1.045096907454045,2.245476613166316,0.024737551947988982,0.024737551947988982,0.5585144539283451,-4.895312935080387e-4
50,TRUE,FALSE,Grounding vs Control,probability,0.31526861463313594,0.05983862951869944,0.1979870558922497,0.43255017337402213,5.268646978865303,1.3743297725260003e-7,4.122989317578001e-7,0.3042312530924953,0.011037361540640611
50,TRUE,FALSE,Grounding vs Thematic,probability,0.18292498655642542,0.05782273728804916,0.06959450398432786,0.29625546912852296,3.163547682725018,0.0015585881790273271,0.0031171763580546542,0.17178085615984195,0.011144130396583463
50,TRUE,FALSE,Thematic vs Control,probability,0.13234362807671052,0.059440759052350536,0.015841881120380305,0.24884537503304072,2.2264794425009464,0.025982084467867227,0.025982084467867227,0.13245039693265348,-1.0676885594296248e-4
51,TRUE,FALSE,Grounding vs Control,log_odds,1.538660262117907,0.2684919561245681,1.0124256979750452,2.064894826260769,5.730749942482591,9.998757551685176e-9,2.999627265505553e-8,1.546483993463893,-0.007823731345985907
51,TRUE,FALSE,Grounding vs Thematic,log_odds,0.9805619637116257,0.27087819711148126,0.44965045317598085,1.5114734742472706,3.6199368356991486,2.946749403565983e-4,5.893498807131966e-4,0.987969539535548,-0.007407575823922263
51,TRUE,FALSE,Thematic vs Control,log_odds,0.5580982984062813,0.2485278338210023,0.0709926949613614,1.0452039018512012,2.2456168785032005,0.02472855842680977,0.02472855842680977,0.5585144539283451,-4.161555220637547e-4
51,TRUE,FALSE,Grounding vs Control,probability,0.304489007296857,0.0598981598026987,0.1870907713433428,0.42188724325037125,5.083445105823407,3.7064973425829956e-7,1.1119492027748986e-6,0.3042312530924953,2.5775420436169316e-4
51,TRUE,FALSE,Grounding vs Thematic,probability,0.17212509246676122,0.057900002699579865,0.05864317247081281,0.28560701246270964,2.9727993858627264,0.002950972595600928,0.005901945191201856,0.17178085615984195,3.4423630691926554e-4
51,TRUE,FALSE,Thematic vs Control,probability,0.1323639148300959,0.0594442435588571,0.01585533836650893,0.24887249129368288,2.2266902042253998,0.02596798556625873,0.02596798556625873,0.13245039693265348,-8.648210255757238e-5
52,TRUE,FALSE,Grounding vs Control,log_odds,1.5263089412848978,0.26767760778612665,1.0016704705562514,2.050947412013544,5.702041922402462,1.183807031906372e-8,3.551421095719116e-8,1.546483993463893,-0.02017505217899518
52,TRUE,FALSE,Grounding vs Thematic,log_odds,0.9682071090507887,0.27007291667658534,0.4388739191649945,1.497540298936583,3.5849840886127247,3.3709875631929536e-4,6.741975126385907e-4,0.987969539535548,-0.01976243048475934
52,TRUE,FALSE,Thematic vs Control,log_odds,0.5581018322341091,0.2485273031818605,0.07099726882279589,1.0452063956454225,2.2456358922694166,0.024727339521741738,0.024727339521741738,0.5585144539283451,-4.126216942359484e-4
52,TRUE,FALSE,Grounding vs Control,probability,0.3045530907441397,0.05981989394334614,0.1873082530561756,0.42179792843210384,5.091167346979485,3.558657665283757e-7,1.067597299585127e-6,0.3042312530924953,3.218376516443966e-4
52,TRUE,FALSE,Grounding vs Thematic,probability,0.17219219319452028,0.05780679515196717,0.05889295663498005,0.2854914297540605,2.9787534967445874,0.002894235133443314,0.005788470266886628,0.17178085615984195,4.113370346783274e-4
52,TRUE,FALSE,Thematic vs Control,probability,0.13236089754961944,0.05944762699804117,0.01584568966708781,0.24887610543215105,2.2265127177234643,0.025979858082627257,0.025979858082627257,0.13245039693265348,-8.949938303404181e-5
53,TRUE,FALSE,Grounding vs Control,log_odds,1.5082350931885207,0.268372604748826,0.9822344534436187,2.0342357329334226,5.619929405984268,1.9103550102493318e-8,5.731065030747995e-8,1.546483993463893,-0.03824890027537231
53,TRUE,FALSE,Grounding vs Thematic,log_odds,0.9500108736287888,0.27076861402957036,0.41931414198700423,1.4807076052705734,3.5085708771439776,4.5052117318595674e-4,9.010423463719135e-4,0.987969539535548,-0.037958665906759226
53,TRUE,FALSE,Thematic vs Control,log_odds,0.5582242195597319,0.24856305173599103,0.07104959026982344,1.0453988488496404,2.245805302361047,0.024716481539447457,0.024716481539447457,0.5585144539283451,-2.9023436861319585e-4
53,TRUE,FALSE,Grounding vs Control,probability,0.2969904728265168,0.060025969565463334,0.17934173434111128,0.41463921131192233,4.947699720245649,7.509563665592737e-7,2.252869099677821e-6,0.3042312530924953,-0.007240780265978519
53,TRUE,FALSE,Grounding vs Thematic,probability,0.1646052345835084,0.05801466149915174,0.05089858746988851,0.2783118816971283,2.8373040595249384,0.0045496262230189264,0.009099252446037853,0.17178085615984195,-0.007175621576333557
53,TRUE,FALSE,Thematic vs Control,probability,0.1323852382430084,0.05945243115875895,0.01586061437849398,0.24890986210752283,2.2267422149565785,0.02596450732710686,0.02596450732710686,0.13245039693265348,-6.515868964507288e-5
54,TRUE,FALSE,Grounding vs Control,log_odds,1.5352098694477707,0.2692516119202661,1.0074864073046939,2.0629333315908474,5.701766680239578,1.1857205226406164e-8,3.557161567921849e-8,1.546483993463893,-0.011274124016122267
54,TRUE,FALSE,Grounding vs Thematic,log_odds,0.9764591769683575,0.2716233300823351,0.4440872326461458,1.5088311212905692,3.594901721705462,3.245140548492996e-4,6.490281096985992e-4,0.987969539535548,-0.011510362567190513
54,TRUE,FALSE,Thematic vs Control,log_odds,0.5587506924794132,0.2486803561746921,0.07134615071442396,1.0461552342444025,2.24686300548365,0.024648783633979533,0.024648783633979533,0.5585144539283451,2.362385510681353e-4
54,TRUE,FALSE,Grounding vs Control,probability,0.3004205392528867,0.060171685115049375,0.18248620353830508,0.4183548749674683,4.992722717977352,5.953399950859042e-7,1.7860199852577126e-6,0.3042312530924953,-0.003810713839608626
54,TRUE,FALSE,Grounding vs Thematic,probability,0.16792846054739874,0.05810721600996034,0.05404040992598727,0.28181651116881024,2.889976014659067,0.003852712209011091,0.007705424418022182,0.17178085615984195,-0.0038523956124432157
54,TRUE,FALSE,Thematic vs Control,probability,0.13249207870548807,0.05947951119151874,0.015914378952064295,0.24906977845891184,2.2275246728049827,0.025912228726921446,0.025912228726921446,0.13245039693265348,4.1681772834589736e-5
55,TRUE,FALSE,Grounding vs Control,log_odds,1.5758279849376233,0.2700008617488865,1.0466360201150278,2.105019949760219,5.836381316453788,5.334673050549e-9,1.6004019151647e-8,1.546483993463893,0.029343991473730346
55,TRUE,FALSE,Grounding vs Thematic,log_odds,1.017838106170852,0.27235696382770647,0.48402826612986904,1.5516479462118347,3.737147352012406,1.8611986039014885e-4,3.722397207802977e-4,0.987969539535548,0.029868566635303906
55,TRUE,FALSE,Thematic vs Control,log_odds,0.5579898787667714,0.24850460894619472,0.07092979524001974,1.0450499622935232,2.2453904623056116,0.024743077166057822,0.024743077166057822,0.5585144539283451,-5.245751615736705e-4
55,TRUE,FALSE,Grounding vs Control,probability,0.3074639205247447,0.06005103524895582,0.18976605420244602,0.42516178684704337,5.120043630390051,3.054649766744499e-7,9.163949300233498e-7,0.3042312530924953,0.00323266743224937
55,TRUE,FALSE,Grounding vs Thematic,probability,0.1751242289525632,0.0580214259837413,0.06140432369277379,0.28884413421235255,3.0182682687191504,0.002542237469326107,0.005084474938652214,0.17178085615984195,0.003343372792721233
55,TRUE,FALSE,Thematic vs Control,probability,0.1323396915721815,0.05943832550897157,0.015842714273228878,0.24883666887113415,2.2265043713623167,0.0259804165071296,0.0259804165071296,0.13245039693265348,-1.1070536047197432e-4
56,TRUE,FALSE,Grounding vs Control,log_odds,1.5187567769892196,0.2691050496746405,0.9913205715690622,2.046192982409377,5.643731988030182,1.6640304612091342e-8,4.992091383627403e-8,1.546483993463893,-0.027727216474673355
56,TRUE,FALSE,Grounding vs Thematic,log_odds,0.9599596767441244,0.2714851930777355,0.42785847597586013,1.4920608775123887,3.535955924009657,4.063024763477637e-4,8.126049526955274e-4,0.987969539535548,-0.02800986279142359
56,TRUE,FALSE,Thematic vs Control,log_odds,0.5587971002450952,0.2486991674610962,0.07135568903625106,1.0462385114539394,2.246879657659117,0.024647719103195548,0.024647719103195548,0.5585144539283451,2.8264631675012364e-4
56,TRUE,FALSE,Grounding vs Control,probability,0.2964638112395538,0.060247279911192816,0.1783813124471124,0.41454631003199516,4.9207833395392235,8.619851150542408e-7,2.5859553451627222e-6,0.3042312530924953,-0.007767441852941537
56,TRUE,FALSE,Grounding vs Thematic,probability,0.16396606569287708,0.05816003679647196,0.04997448823226776,0.2779576431534864,2.8192221794265335,0.004814018387571656,0.009628036775143312,0.17178085615984195,-0.007814790466964872
56,TRUE,FALSE,Thematic vs Control,probability,0.1324977455466767,0.05948552581938945,0.015908257339245918,0.2490872337541075,2.227394710252166,0.025920905647252586,0.025920905647252586,0.13245039693265348,4.734861402322377e-5
57,TRUE,FALSE,Grounding vs Control,log_odds,1.5522734514901437,0.2684416404206732,1.026137504314773,2.0784093986655146,5.782536006923463,7.358281263781652e-9,2.2074843791344955e-8,1.546483993463893,0.005789458026250749
57,TRUE,FALSE,Grounding vs Thematic,log_odds,0.9945805501588695,0.27081747319150057,0.4637880563193869,1.5253730439983522,3.6725124802253113,2.401774176848288e-4,4.803548353696576e-4,0.987969539535548,0.006611010623321478
57,TRUE,FALSE,Thematic vs Control,log_odds,0.5576929013312742,0.24844962278358387,0.07074058870288791,1.0446452139596607,2.2446920831796224,0.024787906633878767,0.024787906633878767,0.5585144539283451,-8.215525970708404e-4
57,TRUE,FALSE,Grounding vs Control,probability,0.3079918770000101,0.05979966073555197,0.19078669567061424,0.4251970583294059,5.150395055952272,2.599383471523032e-7,7.798150414569097e-7,0.3042312530924953,0.0037606239075147485
57,TRUE,FALSE,Grounding vs Thematic,probability,0.17571941721830364,0.057810367759036724,0.06241317847757617,0.2890256559590311,3.0395831064547374,0.0023690583056374683,0.004738116611274937,0.17178085615984195,0.003938561058461687
57,TRUE,FALSE,Thematic vs Control,probability,0.13227245978170643,0.05942763076139668,0.015796443802824342,0.2487484757605885,2.225773736677867,0.026029340835164103,0.026029340835164103,0.13245039693265348,-1.7793715094704954e-4
58,TRUE,FALSE,Grounding vs Control,log_odds,1.5426958655669873,0.2688738503918903,1.0157128024142716,2.069678928719703,5.7376195688739156,9.601649073770458e-9,2.8804947221311374e-8,1.546483993463893,-0.0037881278969056353
58,TRUE,FALSE,Grounding vs Thematic,log_odds,0.9829441567493667,0.27124115582086805,0.4513212602154486,1.514567053283285,3.623875417337178,2.902214397841543e-4,5.804428795683086e-4,0.987969539535548,-0.005025382786181254
58,TRUE,FALSE,Thematic vs Control,log_odds,0.5597517088176206,0.24889129536024499,0.07193373384601948,1.0475696837892217,2.2489806564244708,0.024513726779753203,0.024513726779753203,0.5585144539283451,0.0012372548892755075
58,TRUE,FALSE,Grounding vs Control,probability,0.3049468944462931,0.060144803471659534,0.18706524578460082,0.42282854310798534,5.070211836172767,3.973731557501325e-7,1.1921194672503975e-6,0.3042312530924953,7.15641353797758e-4
58,TRUE,FALSE,Grounding vs Thematic,probability,0.17223277225385514,0.05805645466893649,0.05844421203265737,0.2860213324750529,2.9666429553096614,0.0030107036173732276,0.006021407234746455,0.17178085615984195,4.519160940131828e-4
58,TRUE,FALSE,Thematic vs Control,probability,0.13271412219243794,0.059527680448036135,0.016042012431078,0.2493862319537979,2.2294522681475706,0.025783827827193823,0.025783827827193823,0.13245039693265348,2.6372525978446415e-4
59,TRUE,FALSE,Grounding vs Control,log_odds,1.4956909924087738,0.26858146285305834,0.9692809983016972,2.0221009865158504,5.568854143992322,2.564200162237138e-8,7.692600486711414e-8,1.546483993463893,-0.05079300105511919
59,TRUE,FALSE,Grounding vs Thematic,log_odds,0.9359793594408609,0.27097470539339386,0.4048786961484575,1.4670800227332643,3.4541207751551237,5.520900692095182e-4,0.0011041801384190364,0.987969539535548,-0.051990180094687144
59,TRUE,FALSE,Thematic vs Control,log_odds,0.5597116329679129,0.24888768067600503,0.07190074264723761,1.0475225232885883,2.248852299349158,0.024521894681231112,0.024521894681231112,0.5585144539283451,0.0011971790395678417
59,TRUE,FALSE,Grounding vs Control,probability,0.29349449356915935,0.060305355685712804,0.1752981683502845,0.4116908187880342,4.866806442511248,1.1341600740352189e-6,3.402480222105657e-6,0.3042312530924953,-0.01073675952333597
59,TRUE,FALSE,Grounding vs Thematic,probability,0.1607967651258395,0.058202778913205175,0.04672141465581009,0.27487211559586894,2.762699103519224,0.005732558652861099,0.011465117305722198,0.17178085615984195,-0.010984091034002441
59,TRUE,FALSE,Thematic vs Control,probability,0.13269772844331973,0.059527619482193844,0.016025738172814954,0.24936971871382452,2.2291791541069914,0.02580198696380804,0.02580198696380804,0.13245039693265348,2.473315106662488e-4
60,TRUE,FALSE,Grounding vs Control,log_odds,1.552377762553079,0.26948973091571815,1.0241875957548812,2.080567929351277,5.760433829067049,8.389801658003556e-9,2.516940497401067e-8,1.546483993463893,0.005893769089186041
60,TRUE,FALSE,Grounding vs Thematic,log_odds,0.9931617425787765,0.2718471178739297,0.4603511822448597,1.5259723029126935,3.653383380872773,2.5880736149597227e-4,5.176147229919445e-4,0.987969539535548,0.005192203043228538
60,TRUE,FALSE,Thematic vs Control,log_odds,0.5592160199743025,0.24878512780395964,0.07160612958934726,1.0468259103592576,2.24778717647045,0.024589763958890273,0.024589763958890273,0.5585144539283451,7.015660459573914e-4
60,TRUE,FALSE,Grounding vs Control,probability,0.3044026539862733,0.06018841003200695,0.18643553803681043,0.42236976993573616,5.057496182809918,4.247969292619649e-7,1.2743907877858947e-6,0.3042312530924953,1.714008937779843e-4
60,TRUE,FALSE,Grounding vs Thematic,probability,0.17181294536446667,0.0581080017916978,0.05792335463915009,0.28570253608978324,2.956786330054366,0.003108634545767623,0.006217269091535246,0.17178085615984195,3.208920462471898e-5
60,TRUE,FALSE,Thematic vs Control,probability,0.13258970862180652,0.05950285955918428,0.015966246908660484,0.24921317033495255,2.2282913729537097,0.025861091259315905,0.025861091259315905,0.13245039693265348,1.3931168915304326e-4
61,TRUE,FALSE,Grounding vs Control,log_odds,1.5439784096727487,0.2661597072831746,1.0223149692620033,2.065641850083494,5.800947203590315,6.594136183160712e-9,1.9782408549482134e-8,1.546483993463893,-0.0025055837911442946
61,TRUE,FALSE,Grounding vs Thematic,log_odds,0.9469029187453084,0.2709437000833709,0.4158630247438796,1.4779428127467371,3.4948327584436956,4.743588892095573e-4,9.487177784191146e-4,0.987969539535548,-0.041066620790239594
61,TRUE,FALSE,Thematic vs Control,log_odds,0.5970754909274403,0.2509937052191014,0.10513686835173863,1.089014113503142,2.378846475078854,0.0173669073741955,0.0173669073741955,0.5585144539283451,0.03856103699909519
61,TRUE,FALSE,Grounding vs Control,probability,0.30394633916475833,0.059515150088101244,0.18729878845758408,0.4205938898719326,5.1070414628010115,3.2724196293169673e-7,9.8172588879509e-7,0.3042312530924953,-2.849139277369961e-4
61,TRUE,FALSE,Grounding vs Thematic,probability,0.1636096933469795,0.057673948305012164,0.05057083182293079,0.27664855487102824,2.836804105758804,0.004556756046046247,0.009113512092092494,0.17178085615984195,-0.008171162812862454
61,TRUE,FALSE,Thematic vs Control,probability,0.14033664581777894,0.05982232940183158,0.023087034718897503,0.25758625691666037,2.3458906936760346,0.018981673227936747,0.018981673227936747,0.13245039693265348,0.007886248885125458
62,TRUE,FALSE,Grounding vs Control,log_odds,1.5510727475130788,0.2668396204647097,1.0280767017539105,2.074068793272247,5.812752786905618,6.145378244024389e-9,1.8436134732073166e-8,1.546483993463893,0.004588754049185795
62,TRUE,FALSE,Grounding vs Thematic,log_odds,0.9834327821191756,0.27142024743641807,0.4514588724688464,1.5154066917695048,3.623284524304146,2.9088554009471765e-4,5.817710801894353e-4,0.987969539535548,-0.004536757416372383
62,TRUE,FALSE,Thematic vs Control,log_odds,0.5676399653939032,0.2514105916055936,0.07488426051503178,1.0603956702727746,2.2578204114980247,0.023956858132912835,0.023956858132912835,0.5585144539283451,0.009125511465558067
62,TRUE,FALSE,Grounding vs Control,probability,0.30475504427039657,0.05991461812306341,0.18732455060172148,0.42218553793907165,5.086488970762292,3.647529215833972e-7,1.0942587647501916e-6,0.3042312530924953,5.23791177901245e-4
62,TRUE,FALSE,Grounding vs Thematic,probability,0.1708004314019762,0.05813201613746476,0.05686377342384408,0.28473708938010833,2.93814738849044,0.003301800132582082,0.006603600265164164,0.17178085615984195,-9.8042475786575e-4
62,TRUE,FALSE,Thematic vs Control,probability,0.13395461286842048,0.06004861237577306,0.016261495290299133,0.2516477304465418,2.2307694977222354,0.025696401395204443,0.025696401395204443,0.13245039693265348,0.0015042159357669949
63,TRUE,FALSE,Grounding vs Control,log_odds,1.546806504806739,0.26649228416005544,1.0244912256952166,2.0691217839182614,5.804320037565238,6.462773136867122e-9,1.9388319410601366e-8,1.546483993463893,3.2251134284599914e-4
63,TRUE,FALSE,Grounding vs Thematic,log_odds,0.9812152579946687,0.2710508279370535,0.4499653972582809,1.5124651187310565,3.620041545206192,2.9455571767971703e-4,5.891114353594341e-4,0.987969539535548,-0.006754281540879314
63,TRUE,FALSE,Thematic vs Control,log_odds,0.5655912468120703,0.2510600219087073,0.0735226459131672,1.0576598477109733,2.2528128632830904,0.02427095079530133,0.02427095079530133,0.5585144539283451,0.0070767928837252025
63,TRUE,FALSE,Grounding vs Control,probability,0.30422891431865995,0.059661928678543925,0.1872936828605165,0.4211641457768034,5.099213536287657,3.4106761434009585e-7,1.0232028430202875e-6,0.3042312530924953,-2.338773835375285e-6
63,TRUE,FALSE,Grounding vs Thematic,probability,0.17032066011074187,0.058074799140709524,0.05649614538555356,0.28414517483593016,2.932780872785658,0.0033594090336813522,0.0067188180673627045,0.17178085615984195,-0.001460196049100082
63,TRUE,FALSE,Thematic vs Control,probability,0.13390825420791808,0.059983256942620855,0.016343230924969074,0.25147327749086706,2.2324271977430774,0.02558674191813996,0.02558674191813996,0.13245039693265348,0.0014578572752645957
64,TRUE,FALSE,Grounding vs Control,log_odds,1.5445988260243988,0.26627998524709956,1.022699645136227,2.0664980069125707,5.800656870966321,6.605564502495118e-9,1.9816693507485354e-8,1.546483993463893,-0.0018851674394941842
64,TRUE,FALSE,Grounding vs Thematic,log_odds,0.9799236112757084,0.2708509677449943,0.44906546931769986,1.5107817532337169,3.6179439174029637,2.9695272027521584e-4,5.939054405504317e-4,0.987969539535548,-0.00804592825983963
64,TRUE,FALSE,Thematic vs Control,log_odds,0.5646752147486904,0.25085715218549576,0.07300423120083555,1.0563461982965454,2.2509831185962863,0.024386606608765633,0.024386606608765633,0.5585144539283451,0.0061607608203453346
64,TRUE,FALSE,Grounding vs Control,probability,0.3039823096127404,0.05952346255354793,0.18731846677266795,0.4206461524528129,5.106932570316701,3.274305240212738e-7,9.822915720638214e-7,0.3042312530924953,-2.4894347975490394e-4
64,TRUE,FALSE,Grounding vs Thematic,probability,0.1702675631767755,0.05798836064784929,0.056612464784471156,0.28392266156907986,2.936236880548726,0.0033222052436810397,0.006644410487362079,0.17178085615984195,-0.001513292983066461
64,TRUE,FALSE,Thematic vs Control,probability,0.13371474643596493,0.059936588625154705,0.016241191374468653,0.2511883014974612,2.2309368868525556,0.02568530991912218,0.02568530991912218,0.13245039693265348,0.001264349503311446
65,TRUE,FALSE,Grounding vs Control,log_odds,1.543619840509878,0.2661136581472794,1.0220466547470066,2.065193026272749,5.800603588920523,6.607663926659163e-9,1.982299177997749e-8,1.546483993463893,-0.002864152954014987
65,TRUE,FALSE,Grounding vs Thematic,log_odds,0.9637647446863857,0.2707503238558852,0.43310386112629506,1.4944256282464763,3.55960698757789,3.714102028580993e-4,7.428204057161986e-4,0.987969539535548,-0.02420479484916227
65,TRUE,FALSE,Thematic vs Control,log_odds,0.5798550958234923,0.2507767083176603,0.08834177935937199,1.0713684122876126,2.3122366495415774,0.020764645636025095,0.020764645636025095,0.5585144539283451,0.021340641895147172
65,TRUE,FALSE,Grounding vs Control,probability,0.30389303565469505,0.05953091691856734,0.1872145825276569,0.4205714887817332,5.104793465056014,3.311559941260401e-7,9.934679823781204e-7,0.3042312530924953,-3.3821743780027e-4
65,TRUE,FALSE,Grounding vs Thematic,probability,0.16773991871649152,0.05765289106756133,0.05474232861946035,0.28073750881352266,2.909479743520983,0.003620308466670142,0.007240616933340284,0.17178085615984195,-0.004040937443350434
65,TRUE,FALSE,Thematic vs Control,probability,0.13615311693820353,0.05982721686371847,0.018893926590048002,0.25341230728635905,2.2757721999395235,0.02285964745326791,0.02285964745326791,0.13245039693265348,0.003702720005550053
66,TRUE,FALSE,Grounding vs Control,log_odds,1.5510730491470022,0.26685872934410193,1.0280395506724405,2.0741065476215637,5.812337685033962,6.160640797521794e-9,1.848192239256538e-8,1.546483993463893,0.004589055683109189
66,TRUE,FALSE,Grounding vs Thematic,log_odds,1.0008794354686419,0.27127014555298173,0.46919972010385946,1.5325591508334244,3.6896040787251327,2.2460332706124365e-4,4.492066541224873e-4,0.987969539535548,0.012909895933093885
66,TRUE,FALSE,Thematic vs Control,log_odds,0.5501936136783603,0.2512306639807044,0.05779056046409553,1.042596666892625,2.189993868426099,0.028524681508981374,0.028524681508981374,0.5585144539283451,-0.008320840249984807
66,TRUE,FALSE,Grounding vs Control,probability,0.30475185874602606,0.059899134746355366,0.18735171193805783,0.4221520055539943,5.08775060001295,3.623354288521141e-7,1.0870062865563423e-6,0.3042312530924953,5.206056535307368e-4
66,TRUE,FALSE,Grounding vs Thematic,probability,0.17423503314321742,0.05831181514923996,0.05994597557755002,0.28852409070888485,2.987988501083188,0.0028082011972093302,0.0056164023944186604,0.17178085615984195,0.0024541769833754667
66,TRUE,FALSE,Thematic vs Control,probability,0.13051682560280864,0.06008958553430156,0.012743402109638577,0.2482902490959787,2.172037374568083,0.029852843961090288,0.029852843961090288,0.13245039693265348,-0.001933571329844841
67,TRUE,FALSE,Grounding vs Control,log_odds,1.5486986908723228,0.2666087856905113,1.026155072956963,2.0712423087876823,5.808880929640878,6.289179614530806e-9,1.8867538843592417e-8,1.546483993463893,0.002214697408429833
67,TRUE,FALSE,Grounding vs Thematic,log_odds,1.0342407634856348,0.2707115713744999,0.5036558333933708,1.5648256935778986,3.820452735856184,1.332069311897135e-4,2.66413862379427e-4,0.987969539535548,0.04627122395008676
67,TRUE,FALSE,Thematic vs Control,log_odds,0.5144579273866882,0.25057993995287947,0.023330269830835138,1.0055855849425412,2.053069082399133,0.04006587800503732,0.04006587800503732,0.5585144539283451,-0.044056526541656926
67,TRUE,FALSE,Grounding vs Control,probability,0.3045222003369229,0.05974828704161879,0.1874177095973889,0.4216266910764569,5.096751980936328,3.455305412901157e-7,1.0365916238703473e-6,0.3042312530924953,2.9094724442757514e-4
67,TRUE,FALSE,Grounding vs Thematic,probability,0.18192620880021226,0.05836429839523721,0.06753428596259847,0.29631813163782605,3.11708036937626,0.001826517707962639,0.003653035415925278,0.17178085615984195,0.010145352640370309
67,TRUE,FALSE,Thematic vs Control,probability,0.12259599153671075,0.060078130001704824,0.004845020474854023,0.24034696259856747,2.040609312127922,0.04128967584265334,0.04128967584265334,0.13245039693265348,-0.009854405395942734
68,TRUE,FALSE,Grounding vs Control,log_odds,1.5461133777588365,0.2664239999764638,1.0239319331878673,2.068294822329806,5.8032060846448585,6.505874654926331e-9,1.9517623964778993e-8,1.546483993463893,-3.7061570505647623e-4
68,TRUE,FALSE,Grounding vs Thematic,log_odds,0.949317488848734,0.2711089443813909,0.4179537219745354,1.4806812557229327,3.501608886474997,4.6245795602274e-4,9.2491591204548e-4,0.987969539535548,-0.03865205068681399
68,TRUE,FALSE,Thematic vs Control,log_odds,0.5967958889101025,0.2511639591521483,0.10452357475740265,1.0890682030628023,2.376120725778892,0.017495737488650312,0.017495737488650312,0.5585144539283451,0.0382814349817574
68,TRUE,FALSE,Grounding vs Control,probability,0.3041673413603755,0.05960713591208867,0.18733950175109765,0.4209951809696533,5.102867915159947,3.345445058507253e-7,1.0036335175521758e-6,0.3042312530924953,-6.39117321198368e-5
68,TRUE,FALSE,Grounding vs Thematic,probability,0.16267554403262263,0.058027192779685294,0.04894433606047681,0.27640675200476844,2.803436393179675,0.005056120443597624,0.010112240887195248,0.17178085615984195,-0.009105312127219323
68,TRUE,FALSE,Thematic vs Control,probability,0.14149179732775286,0.05990734516598718,0.024075558393008303,0.2589080362624974,2.3618438930270913,0.018184297612541027,0.018184297612541027,0.13245039693265348,0.009041400395099375
69,TRUE,FALSE,Grounding vs Control,log_odds,1.5478151183153561,0.2665066274276118,1.0254717269160025,2.0701585097147097,5.807792223612795,6.330200406863243e-9,1.899060122058973e-8,1.546483993463893,0.001331124851463139
69,TRUE,FALSE,Grounding vs Thematic,log_odds,1.0310635021352463,0.27078708925875494,0.5003305597096539,1.5617964445608388,3.8076538470044894,1.4029146089788904e-4,2.805829217957781e-4,0.987969539535548,0.04309396259969833
69,TRUE,FALSE,Thematic vs Control,log_odds,0.5167516161801099,0.2506801169602061,0.025427615297817674,1.0080756170624021,2.061398496403849,0.03926503819151344,0.03926503819151344,0.5585144539283451,-0.04176283774823519
69,TRUE,FALSE,Grounding vs Control,probability,0.3044222881225692,0.05971510687377084,0.1873828293170182,0.4214617469281202,5.0979107977831175,3.434225690081288e-7,1.0302677070243865e-6,0.3042312530924953,1.9103503007389389e-4
69,TRUE,FALSE,Grounding vs Thematic,probability,0.1823967764912081,0.058082143998326195,0.06855786610961954,0.29623568687279667,3.140324442852254,0.001687608215493911,0.003375216430987822,0.17178085615984195,0.010615920331366158
69,TRUE,FALSE,Thematic vs Control,probability,0.1220255116313611,0.06004085051098715,0.004347607028673026,0.23970341623404917,2.032374801370129,0.04211572709588116,0.04211572709588116,0.13245039693265348,-0.010424885301292375
70,TRUE,FALSE,Grounding vs Control,log_odds,1.542788833855636,0.2660648609944127,1.0213112887549314,2.0642663789563405,5.798544114730108,6.68931071818869e-9,2.0067932154566072e-8,1.546483993463893,-0.0036951596082570592
70,TRUE,FALSE,Grounding vs Thematic,log_odds,0.9680038356709708,0.27040450765699675,0.4380207394059721,1.4979869319359695,3.5798361649313413,3.4380969812520813e-4,6.876193962504163e-4,0.987969539535548,-0.01996570386457719
70,TRUE,FALSE,Thematic vs Control,log_odds,0.5747849981846651,0.25038391424090917,0.08404154396431773,1.0655284524050126,2.2956147160141867,0.02169792059717253,0.02169792059717253,0.5585144539283451,0.01627054425632002
70,TRUE,FALSE,Grounding vs Control,probability,0.3038028820824086,0.05943939712809888,0.1873038044485613,0.42030195971625584,5.111136666269978,3.2022621297723184e-7,9.606786389316956e-7,0.3042312530924953,-4.283710100867477e-4
70,TRUE,FALSE,Grounding vs Thematic,probability,0.16684199381052778,0.05802651295590833,0.05311211826850065,0.2805718693525549,2.875271756159177,0.0040367988808447134,0.008073597761689427,0.17178085615984195,-0.004938862349314177
70,TRUE,FALSE,Thematic vs Control,probability,0.1369608882718809,0.059830494578295416,0.019695273721202958,0.2542265028225589,2.289148522625884,0.02207072436225842,0.02207072436225842,0.13245039693265348,0.004510491339227429
71,TRUE,FALSE,Grounding vs Control,log_odds,1.5464003143925535,0.26634028013979366,1.0243829576862495,2.0684176710988575,5.806107561277988,6.394189328944634e-9,1.91825679868339e-8,1.546483993463893,-8.367907133943753e-5
71,TRUE,FALSE,Grounding vs Thematic,log_odds,0.9883616099705834,0.27046056733381424,0.45826863875803736,1.5184545811831294,3.654364921710396,2.5781935439434667e-4,5.156387087886933e-4,0.987969539535548,3.920704350354187e-4
71,TRUE,FALSE,Thematic vs Control,log_odds,0.5580387044219701,0.25037404017822085,0.06731460300887293,1.0487628058350673,2.2288201445515194,0.025825874049263033,0.025825874049263033,0.5585144539283451,-4.7574950637496727e-4
71,TRUE,FALSE,Grounding vs Control,probability,0.3042915382009924,0.05964254105195696,0.18739430579270513,0.42118877060927973,5.101921092461707,3.3622294095905845e-7,1.0086688228771754e-6,0.3042312530924953,6.0285108497093454e-5
71,TRUE,FALSE,Grounding vs Thematic,probability,0.17105814748111325,0.05822241233407511,0.05694431621328544,0.28517197874894107,2.938012023610368,0.003303242125923687,0.006606484251847374,0.17178085615984195,-7.227086787287007e-4
71,TRUE,FALSE,Thematic vs Control,probability,0.13323339071987916,0.059899086359806585,0.015833338747803877,0.2506334426919544,2.2242975446998017,0.026128431800303498,0.026128431800303498,0.13245039693265348,7.829937872256831e-4
72,TRUE,FALSE,Grounding vs Control,log_odds,1.547165520790888,0.26647156404310823,1.0248908523623377,2.0694401892194385,5.806118661654256,6.393765648815261e-9,1.9181296946445783e-8,1.546483993463893,6.815273269951128e-4
72,TRUE,FALSE,Grounding vs Thematic,log_odds,1.0032804581738488,0.2705881974835413,0.4729373364644963,1.5336235798832014,3.7077761243997864,2.090873756645923e-4,4.181747513291846e-4,0.987969539535548,0.015310918638300808
72,TRUE,FALSE,Thematic vs Control,log_odds,0.5438850626170393,0.25051760511112464,0.05287957910600771,1.0348905461280709,2.1710452739470454,0.029927750221671566,0.029927750221671566,0.5585144539283451,-0.014629391311305806
72,TRUE,FALSE,Grounding vs Control,probability,0.30429533675442166,0.059712518405310416,0.1872609512538282,0.42132972225501514,5.096005743535342,3.468946067283664e-7,1.0406838201850994e-6,0.3042312530924953,6.408366192633963e-5
72,TRUE,FALSE,Grounding vs Thematic,probability,0.17452936055187185,0.05829516402419486,0.06027293859159491,0.2887857825121488,2.993890890836761,0.002754444264481129,0.005508888528962258,0.17178085615984195,0.0027485043920298935
72,TRUE,FALSE,Thematic vs Control,probability,0.12976597620254982,0.05997644518200342,0.012214303725082282,0.24731764868001735,2.1636156629284105,0.030493858437992797,0.030493858437992797,0.13245039693265348,-0.002684420730103665
73,TRUE,FALSE,Grounding vs Control,log_odds,1.548495757341394,0.2666544181942231,1.0258627013622348,2.071128813320553,5.807125821607486,6.355437699351638e-9,1.9066313098054914e-8,1.546483993463893,0.002011763877501016
73,TRUE,FALSE,Grounding vs Thematic,log_odds,0.9653342845239021,0.2713318614538372,0.4335336082161696,1.4971349608316347,3.5577623628551946,3.740274501819516e-4,7.480549003639032e-4,0.987969539535548,-0.02263525501164587
73,TRUE,FALSE,Thematic vs Control,log_odds,0.5831614728174919,0.25138193296874134,0.09046193783469691,1.0758610078002868,2.3198225343028387,0.020350479533649393,0.020350479533649393,0.5585144539283451,0.024647018889146777
73,TRUE,FALSE,Grounding vs Control,probability,0.3044050795957879,0.05977747283366952,0.18724338575497418,0.4215667734366016,5.092304260549677,3.537378337192979e-7,1.0612135011578938e-6,0.3042312530924953,1.7382650329256233e-4
73,TRUE,FALSE,Grounding vs Thematic,probability,0.16666432084604355,0.058055638431325926,0.05287736042116532,0.2804512812709218,2.8707688925545267,0.004094747730200492,0.008189495460400984,0.17178085615984195,-0.005116535313798409
73,TRUE,FALSE,Thematic vs Control,probability,0.13774075874974445,0.05998994370930734,0.020162629644916913,0.255318887854572,2.2960641439704204,0.02167221407078071,0.02167221407078071,0.13245039693265348,0.005290361817090972
74,TRUE,FALSE,Grounding vs Control,log_odds,1.547763093728947,0.26654994484862754,1.0253348017444994,2.070191385713395,5.806653213182671,6.373395125948088e-9,1.9120185377844263e-8,1.546483993463893,0.0012791002650540673
74,TRUE,FALSE,Grounding vs Thematic,log_odds,0.9989361431798672,0.2709707885891847,0.4678431566826483,1.5300291296770863,3.6865086025724394,2.2735176000810106e-4,4.547035200162021e-4,0.987969539535548,0.010966603644319228
74,TRUE,FALSE,Thematic vs Control,log_odds,0.5488269505490798,0.25092029624412443,0.05703220692047506,1.0406216941776845,2.187256107872267,0.02872383298291419,0.02872383298291419,0.5585144539283451,-0.009687503379265272
74,TRUE,FALSE,Grounding vs Control,probability,0.30439910382662716,0.05968603377386678,0.187416627249807,0.4213815804034473,5.1000055554019195,3.396435124740387e-7,1.0189305374221161e-6,0.3042312530924953,1.6785073413183582e-4
74,TRUE,FALSE,Grounding vs Thematic,probability,0.17416946275646628,0.05817511107464468,0.060148340253545485,0.28819058525938707,2.9938827711560165,0.0027545175655788274,0.005509035131157655,0.17178085615984195,0.002388606596624321
74,TRUE,FALSE,Thematic vs Control,probability,0.13022964107016077,0.060018708326764175,0.012595134351088763,0.24786414778923277,2.1698174569359634,0.030020677367524222,0.030020677367524222,0.13245039693265348,-0.002220755862492707
75,TRUE,FALSE,Grounding vs Control,log_odds,1.5464005142078747,0.26644627554371986,1.0241754103273486,2.068625618088401,5.803798574599079,6.482915105285013e-9,1.9448745315855038e-8,1.546483993463893,-8.347925601825956e-5
75,TRUE,FALSE,Grounding vs Thematic,log_odds,0.9805636893881102,0.2710308576418309,0.4493529697111194,1.511774409065101,3.6179042413094225,2.969982345238463e-4,5.939964690476926e-4,0.987969539535548,-0.007405850147437776
75,TRUE,FALSE,Thematic vs Control,log_odds,0.5658368248197645,0.2510502267313488,0.07378742211570621,1.0578862275238228,2.253878963532153,0.024203783424215204,0.024203783424215204,0.5585144539283451,0.007322370891419405
75,TRUE,FALSE,Grounding vs Control,probability,0.3041637571015092,0.05966297094347154,0.1872264828416453,0.4211010313613731,5.098032369016507,3.432021429145569e-7,1.0296064287436707e-6,0.3042312530924953,-6.749599098609949e-5
75,TRUE,FALSE,Grounding vs Thematic,probability,0.17060294592276004,0.05797559125783529,0.05697287507498769,0.28423301677053237,2.9426684958508877,0.0032539665498612755,0.006507933099722551,0.17178085615984195,-0.0011779102370819139
75,TRUE,FALSE,Thematic vs Control,probability,0.1335608111787493,0.05996490888637692,0.016031749425224714,0.25108987293227386,2.227316169725594,0.025926150605461277,0.025926150605461277,0.13245039693265348,0.0011104142460958144
76,TRUE,FALSE,Grounding vs Control,log_odds,1.5440536532783053,0.2661267536181063,1.0224548008642527,2.0656525056923583,5.801948253177255,6.5548792915292604e-9,1.966463787458778e-8,1.546483993463893,-0.0024303401855876317
76,TRUE,FALSE,Grounding vs Thematic,log_odds,0.9869469165981744,0.27025819144809027,0.4572505948329867,1.5166432383633621,3.651866799337114,2.6034091699813093e-4,5.206818339962619e-4,0.987969539535548,-0.0010226229373736517
76,TRUE,FALSE,Thematic vs Control,log_odds,0.557106736680131,0.25017058604577674,0.06678139803913008,1.047432075321132,2.226907429389762,0.02595346121541726,0.02595346121541726,0.5585144539283451,-0.001407717248214091
76,TRUE,FALSE,Grounding vs Control,probability,0.3040094794115441,0.059508543431596395,0.1873748775131776,0.4206440813099106,5.108669476358391,3.2443532073156105e-7,9.733059621946832e-7,0.3042312530924953,-2.2177368095122052e-4
76,TRUE,FALSE,Grounding vs Thematic,probability,0.1709817309002456,0.05813059777784115,0.05704785285589287,0.28491560894459833,2.9413379087153007,0.0032679782593221253,0.006535956518644251,0.17178085615984195,-7.99125259596356e-4
76,TRUE,FALSE,Thematic vs Control,probability,0.1330277485112985,0.05985470735746034,0.015714677785491682,0.2503408192371053,2.22251105024771,0.026248788088096612,0.026248788088096612,0.13245039693265348,5.773515786450245e-4
77,TRUE,FALSE,Grounding vs Control,log_odds,1.545535505322306,0.2663473770601046,1.0235042389077913,2.067566771736821,5.802705933813408,6.525317517485719e-9,1.9575952552457157e-8,1.546483993463893,-9.484881415868784e-4
77,TRUE,FALSE,Grounding vs Thematic,log_odds,0.9666700900399791,0.2708578933689409,0.43579837410846467,1.4975418059714936,3.5689197682832843,3.5845616902591295e-4,7.169123380518259e-4,0.987969539535548,-0.021299449495568945
77,TRUE,FALSE,Thematic vs Control,log_odds,0.578865415282327,0.2508605021672484,0.08718786589088806,1.070542964673766,2.307519160176113,0.02102589535377344,0.02102589535377344,0.5585144539283451,0.020350961353981956
77,TRUE,FALSE,Grounding vs Control,probability,0.3041281973580412,0.059567841701250596,0.1873773729868069,0.4208790217292755,5.105576913182943,3.2978681482163697e-7,9.893604444649109e-7,0.3042312530924953,-1.0305573445412719e-4
77,TRUE,FALSE,Grounding vs Thematic,probability,0.16657971445455888,0.058073092724409706,0.05275854424386084,0.2804008846652569,2.868449167070809,0.004124894760148893,0.008249789520297786,0.17178085615984195,-0.005201141705283074
77,TRUE,FALSE,Thematic vs Control,probability,0.13754848290348232,0.059910647663306324,0.020125771192933198,0.25497119461403145,2.295893772948262,0.02168195588637099,0.02168195588637099,0.13245039693265348,0.005098085970828836
78,TRUE,FALSE,Grounding vs Control,log_odds,1.5465014548007727,0.2664571229711838,1.0242550903530923,2.068747819248453,5.8039411277739434,6.477402806738333e-9,1.9432208420215e-8,1.546483993463893,1.7461336879742717e-5
78,TRUE,FALSE,Grounding vs Thematic,log_odds,1.0466849937580258,0.27061654351716496,0.5162863148436664,1.5770836726723854,3.8677790358061963,1.0983111743343418e-4,2.1966223486686836e-4,0.987969539535548,0.058715454222477814
78,TRUE,FALSE,Thematic vs Control,log_odds,0.49981646104274696,0.25050975906226985,0.008826355504891747,0.9908065665806022,1.9951975640138886,0.04602133663179903,0.04602133663179903,0.5585144539283451,-0.05869799288559813
78,TRUE,FALSE,Grounding vs Control,probability,0.3041925160777238,0.05965056102106284,0.18727956481883187,0.4211054673366157,5.09957510659979,3.4041677381538215e-7,1.0212503214461464e-6,0.3042312530924953,-3.8737014771528244e-5
78,TRUE,FALSE,Grounding vs Thematic,probability,0.18553110530430794,0.058238669269054036,0.07138541102942242,0.29967679957919346,3.185703032587879,0.00144402740007835,0.0028880548001567,0.17178085615984195,0.013750249144465987
78,TRUE,FALSE,Thematic vs Control,probability,0.11866141077341574,0.06008357956835227,8.997587571986654e-4,0.23642306278963282,1.9749391035935895,0.04827505912073388,0.04827505912073388,0.13245039693265348,-0.013788986159237737
79,TRUE,FALSE,Grounding vs Control,log_odds,1.5469635655599505,0.26644308921316096,1.0247447067725626,2.0691824243473382,5.805981195190024,6.399014406075648e-9,1.9197043218226942e-8,1.546483993463893,4.795720960575345e-4
79,TRUE,FALSE,Grounding vs Thematic,log_odds,1.0139517353295353,0.27083453476526037,0.483125801419964,1.5447776692391066,3.7438051842552307,1.812542094544268e-4,3.625084189088536e-4,0.987969539535548,0.025982195793987306
79,TRUE,FALSE,Thematic vs Control,log_odds,0.5330118302304152,0.25075422553011856,0.04154257922014881,1.0244810812406815,2.1256344897222648,0.03353370550304035,0.03353370550304035,0.5585144539283451,-0.025502623697929883
79,TRUE,FALSE,Grounding vs Control,probability,0.30432234885005727,0.059646204621121635,0.18741793597815234,0.42122676172196216,5.102124280717303,3.3586206495585054e-7,1.0075861948675517e-6,0.3042312530924953,9.10957575619431e-5
79,TRUE,FALSE,Grounding vs Thematic,probability,0.1783213482356959,0.0580557750098369,0.0645341201218551,0.2921085763495367,3.071552282360908,0.0021294886755872547,0.004258977351174509,0.17178085615984195,0.006540492075853943
79,TRUE,FALSE,Thematic vs Control,probability,0.12600100061436137,0.060009553163400134,0.008384437685755461,0.24361756354296726,2.0996823667603888,0.03575679175023871,0.03575679175023871,0.13245039693265348,-0.006449396318292111
80,TRUE,FALSE,Grounding vs Control,log_odds,1.5411749494933766,0.26587092331680834,1.020077515256022,2.0622723837307313,5.796703642003502,6.763104924624281e-9,2.0289314773872844e-8,1.546483993463893,-0.005309043970516347
80,TRUE,FALSE,Grounding vs Thematic,log_odds,0.9381020554594826,0.27019118434912975,0.408537065194966,1.467667045723999,3.471993572696681,5.166087051177725e-4,0.001033217410235545,0.987969539535548,-0.04986748407606545
80,TRUE,FALSE,Thematic vs Control,log_odds,0.6030728940338941,0.2502130774470065,0.11266427377683019,1.093481514290958,2.41023730728711,0.01594214729023757,0.01594214729023757,0.5585144539283451,0.04455844010554899
80,TRUE,FALSE,Grounding vs Control,probability,0.30362995360383127,0.05938825703169678,0.187231108717098,0.4200287984905645,5.112626111282867,3.177107435480903e-7,9.531322306442709e-7,0.3042312530924953,-0.00060129948866405325
80,TRUE,FALSE,Grounding vs Thematic,probability,0.1597962162176827,0.057927743975954175,0.04625992431915546,0.2733325081162099,2.758543752092506,0.005805953252609485,0.01161190650521897,0.17178085615984195,-0.011984639942159259
80,TRUE,FALSE,Thematic vs Control,probability,0.14383373738614857,0.0597004988093033,0.026822909860837754,0.2608445649114594,2.4092552031363352,0.015985115807715625,0.015985115807715625,0.13245039693265348,0.011383340453495094
81,TRUE,FALSE,Grounding vs Control,log_odds,1.5454177385428511,0.26634984625888675,1.0233816325876528,2.0674538444980497,5.802209989041015,6.544652672022089e-9,1.9633958016066268e-8,1.546483993463893,-0.0010662549210418426
81,TRUE,FALSE,Grounding vs Thematic,log_odds,0.9974509705225101,0.27077714822365945,0.4667375121676738,1.5281644288773464,3.683660076435345,2.2990879044711688e-4,4.5981758089423376e-4,0.987969539535548,0.00948143098696208
81,TRUE,FALSE,Thematic vs Control,log_odds,0.547966768020341,0.25074184464018595,0.05652178310843914,1.039411752932243,2.1853822157473246,0.0288608337272387,0.0288608337272387,0.5585144539283451,-0.010547685908004034
81,TRUE,FALSE,Grounding vs Control,probability,0.30408771990887995,0.05956717894903748,0.18733819450811406,0.42083724530964584,5.104954192459597,3.308746550514386e-7,9.926239651543159e-7,0.3042312530924953,-1.4353318361537415e-4
81,TRUE,FALSE,Grounding vs Thematic,probability,0.17405162365467852,0.05809768846835038,0.06018224667168379,0.28792100063767323,2.995844210729586,0.002736862191470674,0.005473724382941348,0.17178085615984195,0.0022707674948365675
81,TRUE,FALSE,Thematic vs Control,probability,0.13003609625420143,0.059978475478289654,0.012480444469134933,0.24759174803926792,2.16804604013769,0.030155183746217923,0.030155183746217923,0.13245039693265348,-0.0024143006784520527
82,TRUE,FALSE,Grounding vs Control,log_odds,1.548274305701853,0.26660117486463575,1.025745604731102,2.0708030066726044,5.807454923962638,6.342962065771384e-9,1.9028886197314152e-8,1.546483993463893,0.0017903122379601122
82,TRUE,FALSE,Grounding vs Thematic,log_odds,0.9982855143283301,0.2710780243906925,0.46698234952230255,1.5295886791343576,3.6826501025754355,2.3082187499606793e-4,4.6164374999213586e-4,0.987969539535548,0.010315974792782123
82,TRUE,FALSE,Thematic vs Control,log_odds,0.549988791373523,0.2510478965263657,0.0579439557873081,1.042033626959738,2.190772354532601,0.028468270135234786,0.028468270135234786,0.5585144539283451,-0.008525662554822122
82,TRUE,FALSE,Grounding vs Control,probability,0.30442207683476596,0.05974232210183673,0.18732927716237474,0.4215148765071572,5.095584940870699,3.476660925534543e-7,1.042998277660363e-6,0.3042312530924953,1.9082374227064047e-4
82,TRUE,FALSE,Grounding vs Thematic,probability,0.17431795168077147,0.05812350804551493,0.06039796925643816,0.2882379341051048,2.9990955044259864,0.00270782412380484,0.00541564824760968,0.17178085615984195,0.002537095520929511
82,TRUE,FALSE,Thematic vs Control,probability,0.1301041251539945,0.06002934461349586,0.012448771695999158,0.24775947861198983,2.1673420889680073,0.030208779451390375,0.030208779451390375,0.13245039693265348,-0.0023462717786589815
83,TRUE,FALSE,Grounding vs Control,log_odds,1.5477403056485162,0.266553067996882,1.0253058924059715,2.070174718891061,5.806499686083601,6.379239218304266e-9,1.9137717654912797e-8,1.546483993463893,0.0012563121846231873
83,TRUE,FALSE,Grounding vs Thematic,log_odds,0.9814079846841974,0.27113563790921436,0.4499918994568445,1.5128240699115505,3.6196200257998066,2.950359367401668e-4,5.900718734803336e-4,0.987969539535548,-0.006561554851350571
83,TRUE,FALSE,Thematic vs Control,log_odds,0.5663323209643187,0.2511448842940948,0.07409739284641392,1.0585672490822235,2.255002416458279,0.024133177105469816,0.024133177105469816,0.5585144539283451,0.007817867035973647
83,TRUE,FALSE,Grounding vs Control,probability,0.3043540949480438,0.059722534017607874,0.18730007920806413,0.4214081106880234,5.096134984130306,3.4665799313788614e-07,1.0399739794136584e-6,0.3042312530924953,1.2284185554845006e-4
83,TRUE,FALSE,Grounding vs Thematic,probability,0.17067978267580985,0.058013254746566795,0.05697589274659162,0.28438367260502806,2.9420825192696265,0.0032601304010072157,0.006520260802014431,0.17178085615984195,-0.0011010734840321001
83,TRUE,FALSE,Thematic vs Control,probability,0.13367431227223403,0.05998638602572869,0.016103156099089036,0.25124546844537904,2.2284108299989924,0.02585313156030024,0.02585313156030024,0.13245039693265348,0.0012239153395805502
84,TRUE,FALSE,Grounding vs Control,log_odds,1.545525108021804,0.2662722484153759,1.0236410910451648,2.067409124998443,5.804304118132642,6.463387137325661e-9,1.9390161411976982e-8,1.546483993463893,-9.58885442088997e-4
84,TRUE,FALSE,Grounding vs Thematic,log_odds,0.9649043235573417,0.27090608288666207,0.43393815790666146,1.495870489208022,3.5617669166957207,3.683673490848842e-4,7.367346981697684e-4,0.987969539535548,-0.02306521597820632
84,TRUE,FALSE,Thematic vs Control,log_odds,0.5806207844644623,0.2509223709642262,0.08882197445918005,1.0724195944697446,2.3139458719176575,0.020670691440494715,0.020670691440494715,0.5585144539283451,0.022106330536117214
84,TRUE,FALSE,Grounding vs Control,probability,0.30414025726897187,0.05962763711131231,0.1872722360475758,0.4210082784903679,5.100659224533847,3.3847249800984575e-7,1.0154174940295373e-6,0.3042312530924953,-9.099582352345426e-5
84,TRUE,FALSE,Grounding vs Thematic,probability,0.16782057027775354,0.05771032009474287,0.05471042135577939,0.2809307191997277,2.9079819692949718,0.0036376931088474636,0.007275386217694927,0.17178085615984195,-0.00396028588208841
84,TRUE,FALSE,Thematic vs Control,probability,0.13631968699121833,0.059861466816550364,0.01899336796904008,0.2536460060133966,2.2772527009566854,0.022771139678787168,0.022771139678787168,0.13245039693265348,0.003869290058564845
85,TRUE,FALSE,Grounding vs Control,log_odds,1.543118491894665,0.26609099289566196,1.0215897292086642,2.064647254580666,5.799213551357387,6.662664200912425e-9,1.9987992602737274e-8,1.546483993463893,-0.003365501569227991
85,TRUE,FALSE,Grounding vs Thematic,log_odds,1.0008600795615223,0.2702241705756915,0.47123043748095894,1.5304897216420859,3.703814049754573,2.1238196467671135e-4,4.247639293534227e-4,0.987969539535548,0.01289054002597434
85,TRUE,FALSE,Thematic vs Control,log_odds,0.5422584123331426,0.25014677152823145,0.051979749288839694,1.0325370753774457,2.1677609869609835,0.030176876571758948,0.030176876571758948,0.5585144539283451,-0.016256041595202442
85,TRUE,FALSE,Grounding vs Control,probability,0.3038493060089271,0.05945771918359921,0.1873143178061764,0.42038429421167783,5.110342444698766,3.2157539387217084e-7,9.647261816165126e-7,0.3042312530924953,-3.819470835682015e-4
85,TRUE,FALSE,Grounding vs Thematic,probability,0.17443418897827667,0.05812279359769501,0.060515606845939235,0.2883527711106141,3.0011322268101415,0.002689777374995285,0.00537955474999057,0.17178085615984195,0.002653332818434717
85,TRUE,FALSE,Thematic vs Control,probability,0.12941511703065045,0.0598942800710708,0.012024485211396596,0.2468057488499043,2.1607258135014886,0.03071652567669159,0.03071652567669159,0.13245039693265348,-0.0030352799020030297
86,TRUE,FALSE,Grounding vs Control,log_odds,1.5480278250378487,0.2665718618563956,1.025556576507527,2.0704990735681705,5.807168897187595,6.353803430970794e-9,1.9061410292912384e-8,1.546483993463893,0.0015438315739557673
86,TRUE,FALSE,Grounding vs Thematic,log_odds,0.9662068128883938,0.2711996985347552,0.43466517114215375,1.497748454634634,3.562713447354998,3.670412589176205e-4,7.34082517835241e-4,0.987969539535548,-0.021762726647154174
86,TRUE,FALSE,Thematic vs Control,log_odds,0.5818210121494549,0.2512000977332561,0.08947786767933147,1.0741641566195783,2.31616554849942,0.020549231457314205,0.020549231457314205,0.5585144539283451,0.02330655822110983
86,TRUE,FALSE,Grounding vs Control,probability,0.30445569383975,0.059686770358298204,0.1874717735839727,0.4214396140955273,5.100890733609978,3.380586968177602e-7,1.0141760904532806e-6,0.3042312530924953,2.2444074725469498e-4
86,TRUE,FALSE,Grounding vs Thematic,probability,0.16659825739830647,0.05808923972501547,0.05274543964796277,0.2804510751486502,2.867971042261082,0.004131133423298355,0.00826226684659671,0.17178085615984195,-0.005182598761535484
86,TRUE,FALSE,Thematic vs Control,probability,0.13785743644144366,0.05996478030564856,0.02032862670151578,0.2553862461813715,2.2989734263807144,0.021506448327358343,0.021506448327358343,0.13245039693265348,0.005407039508790179
87,TRUE,FALSE,Grounding vs Control,log_odds,1.5473104403635,0.26650912213965916,1.024962159418382,2.069658721308618,5.805844197530547,6.40424943282275e-9,1.921274829846825e-8,1.546483993463893,8.264468996070917e-4
87,TRUE,FALSE,Grounding vs Thematic,log_odds,0.9647940353488946,0.2711984886816914,0.43325476487108616,1.496333305826703,3.5575199553611223,3.7437266911911974e-4,7.487453382382395e-4,0.987969539535548,-0.023175504186653373
87,TRUE,FALSE,Thematic vs Control,log_odds,0.5825164050146054,0.25121657411324466,0.09014096743310873,1.0748918425961023,2.3187817406984292,0.020406873739766282,0.020406873739766282,0.5585144539283451,0.024001951086260354
87,TRUE,FALSE,Grounding vs Control,probability,0.3043485133999567,0.059661644653536884,0.1874138386205978,0.42128318817931565,5.101242434186135,3.3743099868833126e-7,1.0122929960649937e-6,0.3042312530924953,1.172603074613976e-4
87,TRUE,FALSE,Grounding vs Thematic,probability,0.1667254203783487,0.05798668592954774,0.05307360437359965,0.28037723638309775,2.8752362323467766,0.0040372531202595265,0.008074506240519053,0.17178085615984195,-0.005055435781493256
87,TRUE,FALSE,Thematic vs Control,probability,0.13762309302160802,0.05995081856542954,0.02012164778967092,0.25512453825354514,2.2955998986303743,0.021698768578439803,0.021698768578439803,0.13245039693265348,0.005172696088954543
88,TRUE,FALSE,Grounding vs Control,log_odds,1.544513547451259,0.26625280627944514,1.0226676363608267,2.066359458541691,5.800928707696766,6.594863660346843e-9,1.978459098104053e-8,1.546483993463893,-0.001970446012633964
88,TRUE,FALSE,Grounding vs Thematic,log_odds,1.0141828048591595,0.2705293300893215,0.48395506112234143,1.5444105485959776,3.7488829936639534,1.7762392552101596e-4,3.552478510420319e-4,0.987969539535548,0.026213265323611457
88,TRUE,FALSE,Thematic vs Control,log_odds,0.5303307425920996,0.2504473645469142,0.039462928057174274,1.0211985571270248,2.117533732293506,0.03421457557389308,0.03421457557389308,0.5585144539283451,-0.02818371133624553
88,TRUE,FALSE,Grounding vs Control,probability,0.30401353257841923,0.05950329956722634,0.18738920846535784,0.4206378566914806,5.109187806214801,3.235466245860927e-7,9.70639873758278e-7,0.3042312530924953,-2.1772051407609183e-4
88,TRUE,FALSE,Grounding vs Thematic,probability,0.17787635508483457,0.05813131273549188,0.06394107574923594,0.29181163442043323,3.059906042277156,0.002214064387348475,0.00442812877469695,0.17178085615984195,0.006095498924992615
88,TRUE,FALSE,Thematic vs Control,probability,0.12613717749358455,0.05998017224331396,0.008578200110180206,0.2436961548769889,2.102981248234831,0.03546740869637213,0.03546740869637213,0.13245039693265348,-0.006313219439068929
89,TRUE,FALSE,Grounding vs Control,log_odds,1.5447746195739525,0.2662538296625834,1.0229267026894269,2.0666225364584783,5.801886949500804,6.5572768120811144e-9,1.9671830436243343e-8,1.546483993463893,-0.0017093738899405242
89,TRUE,FALSE,Grounding vs Thematic,log_odds,1.0018438620042132,0.27037765630504457,0.4719133934219769,1.5317743305864493,3.7053500488735516,2.110989889603244e-4,4.221979779206488e-4,0.987969539535548,0.013874322468665157
89,TRUE,FALSE,Thematic vs Control,log_odds,0.5429307575697393,0.2503027867270903,0.05234631035463222,1.0335152047848464,2.169095936441597,0.030075401146512148,0.030075401146512148,0.5585144539283451,-0.015583696358605792
89,TRUE,FALSE,Grounding vs Control,probability,0.30402745134940024,0.05956576695306089,0.18728069340989476,0.42077420928890574,5.104063405898566,3.3243680737222015e-7,9.973104221166604e-7,0.3042312530924953,-2.0380174309508892e-4
89,TRUE,FALSE,Grounding vs Thematic,probability,0.17446810948287517,0.05819569665031319,0.060406639993043076,0.28852957897270726,2.99795551088976,0.002717973470530671,0.005435946941061342,0.17178085615984195,0.002687253323033212
89,TRUE,FALSE,Thematic vs Control,probability,0.12955934186652507,0.05992893477326365,0.012100788079078273,0.24701789565397186,2.1618829428005437,0.03062720008576674,0.03062720008576674,0.13245039693265348,-0.002891055066128412
90,TRUE,FALSE,Grounding vs Control,log_odds,1.5496080549109377,0.26671131893622746,1.0268634755267563,2.072352634295119,5.810057334992445,6.24514508668702e-9,1.873543526006106e-8,1.546483993463893,0.0031240614470446904
90,TRUE,FALSE,Grounding vs Thematic,log_odds,1.0159384708106678,0.2710647243758169,0.48466137355479033,1.5472155680665454,3.7479553016353497,1.7828201516102476e-4,3.5656403032204953e-4,0.987969539535548,0.02796893127511979
90,TRUE,FALSE,Thematic vs Control,log_odds,0.5336695841002699,0.2509864957066203,0.04174509190937731,1.0255940762911624,2.1262880403098645,0.033479283257255486,0.033479283257255486,0.5585144539283451,-0.02484486982807521
90,TRUE,FALSE,Grounding vs Control,probability,0.30461519794531755,0.059797907547433804,0.18741345280149146,0.42181694308914364,5.094077877285021,3.504427035998324e-7,1.0513281107994971e-6,0.3042312530924953,3.839448528222267e-4
90,TRUE,FALSE,Grounding vs Thematic,probability,0.17809426576478393,0.05825037196323716,0.06392563463077741,0.2922628968987905,3.057392764413288,0.0022327151280670653,0.004465430256134131,0.17178085615984195,0.0063134096049419774
90,TRUE,FALSE,Thematic vs Control,probability,0.1265209321805335,0.06008117180776993,0.00876399928834122,0.2442778650727258,2.1058332980811025,0.03521883531909493,0.03521883531909493,0.13245039693265348,-0.005929464752119973
